scene_id,im_id,obj_id,score,R,t,time,instance_id,track_id,tracking_mode,source
1,0,1,0.951178076,0.0233157948 -0.988069104 0.152236068 -0.00464218625 -0.152382826 -0.988310642 0.999717372 0.0223365399 -0.0081397275,-2228.48234 7698.72316 177770.082,0,0,0,factor_graph_prior,sequence_factor_graph|prior|gigapose_global_rank_0|yaw+30|rgb_recovery
1,1,1,0.935962018,0.0196700715 -0.997781804 0.0635968474 0.0167810146 -0.0632707148 -0.997855307 0.999665687 0.0206951049 0.0154992516,-2653.18059 8085.85568 181746.801,0,0,0,factor_graph_prior,sequence_factor_graph|prior|gigapose_global_rank_0|uv1-48|rgb_recovery
1,2,1,0.999686281,0.0147597261 -0.999793634 -0.0139584961 0.120596277 0.0156380977 -0.992578454 0.992591904 0.0129668434 0.120802204,-3075.75925 8467.81831 183419.263,0,0,0,factor_graph_prior,sequence_factor_graph|prior|gigapose_global_rank_1|logz-0.35|rgb_recovery
1,3,1,0.970665258,0.0188895455 -0.999556002 0.0230431087 0.0907385838 -0.0212382501 -0.995648254 0.995695583 0.020898242 0.0902971151,-3496.93181 8522.58279 182787.744,0,0,0,factor_graph_prior,sequence_factor_graph|prior|gigapose_global_rank_0|uv0+48|rgb_recovery
1,4,1,0.976646735,0.00584974467 -0.999982785 -0.000458329244 0.078470152 0.000915961898 -0.996916043 0.996899301 0.00579573914 0.0784741593,-4037.59816 8249.78076 181245.693,0,0,0,factor_graph_prior,sequence_factor_graph|prior|gigapose_global_rank_0|uv1+48|rgb_recovery
1,5,1,0.979027348,-0.00854754598 -0.999927462 -0.00848583914 0.0654978882 0.00790807907 -0.997821371 0.997816098 -0.00908472859 0.0654255425,-4696.66768 8098.30141 178945.878,0,0,0,factor_graph_prior,sequence_factor_graph|prior|gigapose_global_rank_0|rgb_recovery
1,6,1,0.978322135,0.0317389447 -0.999279021 -0.0208345483 0.0606465456 0.0227320512 -0.997900421 0.997654567 0.0304087629 0.061324312,-5314.4978 8068.35413 175912.784,0,0,0,factor_graph_prior,sequence_factor_graph|prior|gigapose_global_rank_0|rgb_recovery
1,7,1,0.642599182,0.019697243 -0.999237221 -0.0337193677 0.0813845554 0.0352164412 -0.996060418 0.99648812 0.0168754084 0.0820161438,-5902.9795 8044.92418 172889.837,0,0,0,factor_graph_prior,sequence_factor_graph|prior|gigapose_global_rank_0|R0+20|rgb_recovery
1,8,1,1,-0.058386301 -0.998281862 0.00493590334 0.0451498081 -0.00757988146 -0.99895147 0.997272548 -0.0581022261 0.0455147958,-6187.71495 8024.62387 170184.613,0,0,0,factor_graph_prior,sequence_factor_graph|prior|gigapose_global_rank_0|align_detection|rgb_recovery
1,9,1,0.894574999,-0.15501902 -0.981624433 -0.111277023 0.0360835151 0.106937453 -0.993610769 0.98725229 -0.158043834 0.0188431209,-6183.90295 7890.48334 167486.32,0,0,0,factor_graph_prior,sequence_factor_graph|prior|gigapose_global_rank_0|align_detection|rgb_recovery
1,10,1,0.937960719,-0.121358535 -0.99260803 -0.00118551153 -0.0125142335 0.002724261 -0.999917983 0.992529848 -0.121333746 -0.012752341,-6061.00041 7362.16114 157586.559,0,0,0,factor_graph_prior,sequence_factor_graph|prior|gigapose_global_rank_0|rgb_recovery
1,11,1,0.508937679,-0.0177429856 -0.999414513 0.029254375 -0.0515030918 -0.028306566 -0.998271591 0.998515207 -0.0192190092 -0.0509706944,-5922.47603 6439.71238 147683.518,0,0,0,factor_graph_prior,sequence_factor_graph|prior|gigapose_global_rank_1|R0+45|rgb_recovery
1,12,1,0.95021676,0.136888013 -0.988542566 0.0636024141 -0.0144769561 -0.066196392 -0.997701586 0.990480737 0.135652618 -0.0233725799,-5700.05096 5519.76014 137777.331,0,0,0,factor_graph_prior,sequence_factor_graph|prior|gigapose_global_rank_1|uv1+48|rgb_recovery
1,13,1,0.445620565,0.285332892 -0.951255294 0.117040616 0.0289473346 -0.113508117 -0.99311528 0.957991228 0.286756468 -0.00485129392,-5458.98375 4998.59945 127033.791,0,0,0,factor_graph_prior,sequence_factor_graph|prior|gigapose_global_rank_1|uv0+48|rgb_recovery
1,14,1,0.515773786,0.154941799 -0.98506417 0.0751107161 -0.0252126721 -0.0799469125 -0.996480212 0.987601823 0.152502695 -0.0372232184,-5563.34976 5092.24219 130319.6,0,0,0,factor_graph_prior,sequence_factor_graph|prior|gigapose_global_rank_4|rgb_recovery
1,15,1,0.99879756,0.030181322 -0.998787799 -0.0388846951 0.0405116494 0.0400927784 -0.998374366 0.998723132 0.0285569751 0.0416725942,-6019.7195 5800.79799 147617.161,0,0,0,factor_graph_prior,sequence_factor_graph|prior|gigapose_global_rank_0|logz-0.35|rgb_recovery
1,16,1,0.786424974,-0.0302562816 -0.998995533 -0.0330527111 0.0491534727 0.0315407738 -0.998293101 0.998332857 -0.0318292927 0.0481497931,-6476.21027 6511.90645 156808.397,0,0,0,factor_graph_prior,sequence_factor_graph|prior|gigapose_global_rank_0|uv0-48|rgb_recovery
1,17,1,0.821014681,0.00180910024 -0.999997506 -0.00130995911 0.00604068234 0.00132086556 -0.999980883 0.999980118 0.00180115261 0.00604305685,-6931.89523 6941.69534 157955.924,0,0,0,factor_graph_prior,sequence_factor_graph|prior|gigapose_global_rank_1|uv0+48|rgb_recovery
1,18,1,1,-0.0391691303 -0.998793459 0.0296210155 0.0512079277 -0.0316112405 -0.998187596 0.9979196 -0.0375813092 0.052384328,-7267.25892 7090.62971 159135.038,0,0,0,factor_graph_prior,sequence_factor_graph|prior|gigapose_global_rank_0|uv0-48|rgb_recovery
1,19,1,1,-0.0168017274 -0.999830578 0.0075178422 0.0506808644 -0.00836086049 -0.998679902 0.998573559 -0.0163985367 0.0508127548,-7309.17761 7127.11775 160345.442,0,0,0,factor_graph_prior,sequence_factor_graph|prior|gigapose_global_rank_0|uv1-48|rgb_recovery
1,20,1,0.993322441,-0.0643129303 -0.997858138 -0.0119575697 0.0106200865 0.0112973207 -0.999879785 0.997873269 -0.0644321894 0.00987077596,-7040.56915 7016.23815 159402.847,0,0,0,factor_graph_prior,sequence_factor_graph|prior|gigapose_global_rank_0|rgb_recovery
1,21,1,0.968876042,-0.0866473389 -0.995365015 -0.0417220071 0.0294286631 0.0393039419 -0.99879385 0.995804294 -0.0877706521 0.0258866797,-6776.24719 6757.26515 156307.322,0,0,0,factor_graph_prior,sequence_factor_graph|prior|gigapose_global_rank_1|R1-20|rgb_recovery
1,22,1,0.98846292,-0.0348666565 -0.998769893 -0.035256452 0.0685663954 0.0328041297 -0.997107085 0.997037093 -0.037183198 0.0673382811,-6745.64399 6497.2964 153039.791,0,0,0,factor_graph_prior,sequence_factor_graph|prior|gigapose_global_rank_0|align_detection|rgb_recovery
1,23,1,0.679131914,0.014510163 -0.999629378 0.0230339426 0.10751189 -0.0213430509 -0.993974682 0.994097907 0.0168991573 0.107162353,-6721.27713 6659.42683 151756.776,0,0,0,factor_graph_prior,sequence_factor_graph|prior|gigapose_global_rank_0|uv0+48|rgb_recovery
1,24,1,0.94901585,-0.00797623139 -0.999048983 -0.0428661764 0.100036597 0.0418552855 -0.99410302 0.994951787 -0.0122173821 0.0996076131,-6617.17597 6826.75201 152473.648,0,0,0,factor_graph_prior,sequence_factor_graph|prior|gigapose_global_rank_0|R0+20|rgb_recovery
1,25,1,1,-0.0187596409 -0.999284361 -0.032845714 0.0466625429 0.0319406437 -0.998399921 0.998734541 -0.0202622885 0.0460299544,-6497.60507 6776.97752 155190.187,0,0,0,factor_graph_prior,sequence_factor_graph|prior|gigapose_global_rank_0|uv1+48|rgb_recovery
1,26,1,0.986797933,-0.0137709469 -0.999592468 -0.0250051735 0.0863286367 0.0237255988 -0.995984168 0.996171535 -0.0158743077 0.085966731,-6391.27888 6510.45251 155961.066,0,0,0,factor_graph_prior,sequence_factor_graph|prior|gigapose_global_rank_0|yaw+30|rgb_recovery
1,27,1,0.965405013,-0.0109016765 -0.999892472 -0.00980804614 0.00682320399 0.00973401546 -0.999929344 0.999917295 -0.0109678285 0.00671635321,-6311.46485 6414.52222 154786.944,0,0,0,factor_graph_prior,sequence_factor_graph|prior|gigapose_global_rank_0|rgb_recovery
1,28,1,1,-0.0121445352 -0.998542339 -0.052590003 0.0660980005 0.0516771714 -0.996474046 0.997739227 -0.0155778082 0.0653740568,-6094.41106 6489.33442 153088.28,0,0,0,factor_graph_prior,sequence_factor_graph|prior|gigapose_global_rank_0|rgb_recovery
1,29,1,1,-0.0163801596 -0.998320201 -0.0555739675 0.0514828814 0.0546655898 -0.997176607 0.998539535 -0.0191950199 0.0505009695,-5741.66214 6552.39939 150859.851,0,0,0,factor_graph_prior,sequence_factor_graph|prior|gigapose_global_rank_0|logz-0.35|rgb_recovery
1,30,1,0.983057145,-0.0349211402 -0.999271791 -0.0153753701 0.0383475267 0.0140336258 -0.999165914 0.998654085 -0.0354816204 0.0378295314,-5254.37275 6191.8761 144572.588,0,0,0,factor_graph_prior,sequence_factor_graph|prior|gigapose_global_rank_0|yaw+30|rgb_recovery
1,31,1,0.980642631,-0.0372858414 -0.995426684 0.0879515891 0.0170540095 -0.0886338183 -0.995918273 0.99915911 -0.0356337235 0.0202808026,-4770.72414 5826.84853 134226.365,0,0,0,factor_graph_prior,sequence_factor_graph|prior|gigapose_global_rank_0|uv0-48|rgb_recovery
1,32,1,0.980023385,-0.0902657878 -0.995891031 0.00728989696 -0.00588051067 -0.00678668036 -0.999959679 0.99590035 -0.0903050166 -0.00524374278,-4594.36365 5607.93979 129873.853,0,0,0,factor_graph_prior,sequence_factor_graph|prior|gigapose_global_rank_0|uv0+48|rgb_recovery
1,33,1,0.952864834,-0.0260055388 -0.99675836 -0.076134645 0.0322042461 0.0752855332 -0.996641849 0.999142932 -0.0283700671 0.0301420107,-4622.70063 5536.05031 131515.286,0,0,0,factor_graph_prior,sequence_factor_graph|prior|gigapose_global_rank_0|yaw-30|rgb_recovery
1,34,1,0.984388864,-0.0286103523 -0.998900632 -0.0371345464 0.0732127566 0.034955921 -0.996703555 0.996905883 -0.0312347623 0.0721321677,-4659.98252 5633.5472 134226.882,0,0,0,factor_graph_prior,sequence_factor_graph|prior|gigapose_global_rank_0|uv1-48|rgb_recovery
1,35,1,0.990977726,-0.0287069649 -0.999584604 -0.00255517599 0.0793300163 0.000269911148 -0.996848371 0.996434975 -0.0288191934 0.0792893146,-4705.75209 5857.86741 136298.091,0,0,0,factor_graph_prior,sequence_factor_graph|prior|gigapose_global_rank_0|uv1+48|rgb_recovery
1,36,1,0.996551908,-0.0300189161 -0.999529436 -0.00630643472 0.084603486 0.00374583755 -0.996407657 0.995962406 -0.0304446242 0.0844512287,-4643.89007 6064.18587 137715.956,0,0,0,factor_graph_prior,sequence_factor_graph|prior|gigapose_global_rank_1|uv0-48|rgb_recovery
1,37,1,0.98536947,-0.028213526 -0.996253386 0.0817507688 0.00664237818 -0.0819683711 -0.996612796 0.99957985 -0.0275749415 0.00893010852,-4419.8346 6076.23434 138480.327,0,0,0,factor_graph_prior,sequence_factor_graph|prior|gigapose_global_rank_0|logz+0.35|rgb_recovery
1,38,1,0.977991828,-0.0335744089 -0.999305015 0.0161939894 0.0717970597 -0.0185728481 -0.997246324 0.996854022 -0.032319275 0.0723707342,-4197.15345 6093.62958 139788.117,0,0,0,factor_graph_prior,sequence_factor_graph|prior|gigapose_global_rank_0|align_detection|rgb_recovery
1,39,1,0.988060869,-0.00812360465 -0.999947373 -0.00626562263 0.0982250005 0.00543757554 -0.995149377 0.995131075 -0.00869964089 0.0981756586,-4355.45633 6191.21665 141704.459,0,0,0,factor_graph_prior,sequence_factor_graph|prior|gigapose_global_rank_0|uv1-48|rgb_recovery
1,40,1,0.991962834,-0.0476679262 -0.998511936 -0.026489307 0.0263801011 0.0252517301 -0.999332998 0.998514827 -0.0483349222 0.0251371482,-4520.40615 6290.13597 144229.074,0,0,0,factor_graph_prior,sequence_factor_graph|prior|gigapose_global_rank_0|yaw+30|rgb_recovery
1,41,1,0.983838442,-0.0366392316 -0.999315298 -0.00514803789 0.033523232 0.00391952306 -0.999430253 0.998766119 -0.0367909353 0.0333566702,-4497.70086 6302.66737 145287.013,0,0,0,factor_graph_prior,sequence_factor_graph|prior|gigapose_global_rank_0|rgb_recovery
1,42,1,0.976747853,0.0103210179 -0.999368747 -0.0339938906 0.095753779 0.034827234 -0.994795596 0.995351541 0.00701225966 0.0960527866,-4475.41828 6313.16663 144878.314,0,0,0,factor_graph_prior,sequence_factor_graph|prior|gigapose_global_rank_1|yaw+30|rgb_recovery
1,43,1,0.989056839,-0.00637516733 -0.998746386 -0.0496489108 0.116313628 0.0485722895 -0.992024129 0.993192075 -0.0120991647 0.115858159,-4565.08458 6321.66509 144463.506,0,0,0,factor_graph_prior,sequence_factor_graph|prior|gigapose_global_rank_0|align_detection|rgb_recovery
1,44,1,0.919232147,-0.0298902931 -0.996275243 -0.0808839344 0.0427188536 0.0795728948 -0.995913276 0.99863991 -0.0332234087 0.0401812791,-4706.64886 6284.30656 144083.436,0,0,0,factor_graph_prior,sequence_factor_graph|prior|gigapose_global_rank_0|rgb_recovery
1,45,1,0.993090745,0.0123264441 -0.997841654 -0.0644987712 0.0830178131 0.0653022362 -0.994406185 0.996471827 0.00690294533 0.0836435763,-4848.8839 6254.03187 144352.345,0,0,0,factor_graph_prior,sequence_factor_graph|prior|gigapose_global_rank_0|align_detection|rgb_recovery
1,46,1,0.974370121,-0.0309245835 -0.999357414 -0.0181226216 0.0790331853 0.0156296882 -0.996749451 0.996392205 -0.0322563502 0.0784990581,-4979.58118 6329.45147 144210.385,0,0,0,factor_graph_prior,sequence_factor_graph|prior|gigapose_global_rank_0|uv0+48|rgb_recovery
1,47,1,0.971477706,-0.00790786816 -0.999740855 -0.0213468527 0.0738699644 0.0207051536 -0.99705292 0.997236529 -0.00946145429 0.0736870877,-4913.89848 6413.3786 143656.769,0,0,0,factor_graph_prior,sequence_factor_graph|prior|gigapose_global_rank_0|uv1+48|rgb_recovery
1,48,1,0.983746536,-0.0666231479 -0.996513142 -0.0502286271 0.056341652 0.046502906 -0.997327979 0.996186215 -0.0692750933 0.0530470266,-4848.41734 6504.72428 143267.185,0,0,0,factor_graph_prior,sequence_factor_graph|prior|gigapose_global_rank_0|uv1-48|rgb_recovery
1,49,1,0.9924385,-0.018055412 -0.996466767 -0.0820242866 0.0836579734 0.0802443519 -0.993258369 0.996330942 -0.0247956747 0.0819135455,-4884.67854 6602.36532 143428.782,0,0,0,factor_graph_prior,sequence_factor_graph|prior|gigapose_global_rank_0|uv0-48|rgb_recovery
1,50,1,0.973987081,0.0181658387 -0.999294025 0.0328854603 0.0899489621 -0.0311241325 -0.99545993 0.995780692 0.0210413775 0.0893200644,-4956.31367 6625.92263 143599.82,0,0,0,factor_graph_prior,sequence_factor_graph|prior|gigapose_global_rank_0|align_detection|rgb_recovery
1,51,1,1,-0.00775404566 -0.998534692 -0.0535569229 0.097964811 0.0525423383 -0.993801891 0.995159671 -0.0129526791 0.0974138467,-5022.38503 6579.20736 143217.404,0,0,0,factor_graph_prior,sequence_factor_graph|prior|gigapose_global_rank_0|uv0-48|rgb_recovery
1,52,1,0.967807162,0.0101555058 -0.999948419 -0.000156255873 0.0590034092 0.000755232017 -0.998257496 0.998206123 0.0101285902 0.0590080355,-5082.39939 6527.47277 142281.649,0,0,0,factor_graph_prior,sequence_factor_graph|prior|gigapose_global_rank_0|rgb_recovery
1,53,1,0.938722968,-0.0451282952 -0.998845672 -0.0164548314 0.0211193982 0.0155140064 -0.999656584 0.998757933 -0.0454603136 0.0203948988,-5066.02251 6487.27837 140921.664,0,0,0,factor_graph_prior,sequence_factor_graph|prior|gigapose_global_rank_0|uv1-48|rgb_recovery
1,54,1,0.635433518,-0.0581033287 -0.998184174 -0.0158857649 0.0273236473 0.0143166067 -0.999524113 0.997936582 -0.0585097351 0.0264421898,-5050.69834 6593.87549 140929.734,0,0,0,factor_graph_prior,sequence_factor_graph|prior|gigapose_global_rank_0|R0-20|rgb_recovery
1,55,1,0.942557634,-0.0564193211 -0.996787134 -0.0568530509 0.0437934567 0.0544182237 -0.997557412 0.997446236 -0.0587713036 0.040582515,-5038.17471 6706.75281 142306.242,0,0,0,factor_graph_prior,sequence_factor_graph|prior|gigapose_global_rank_0|uv1+48|rgb_recovery
1,56,1,0.51133068,-0.0449319972 -0.998134256 -0.041341543 0.0566957169 0.0387687958 -0.9976385 0.997379923 -0.0471697787 0.0548479778,-5029.98753 6820.65634 145050.68,0,0,0,factor_graph_prior,sequence_factor_graph|prior|gigapose_global_rank_1|yaw-30|rgb_recovery
1,57,1,0.982148289,-0.0203013618 -0.999451378 -0.0261686517 0.0614437714 0.0248773491 -0.997800471 0.997904062 -0.0218646091 0.060905018,-5156.02912 6935.26373 147397.733,0,0,0,factor_graph_prior,sequence_factor_graph|prior|gigapose_global_rank_0|logz+0.35|rgb_recovery
1,58,1,0.977501785,0.00476422773 -0.999832845 0.0176517723 0.0843672869 -0.0171871501 -0.996286486 0.996423335 0.00623576784 0.0842713009,-5261.99033 6989.81841 149347.48,0,0,0,factor_graph_prior,sequence_factor_graph|prior|gigapose_global_rank_1|uv1-48|rgb_recovery
1,59,1,0.987419675,0.00491176675 -0.997906431 -0.0644874298 0.0869151863 0.0646701837 -0.994114439 0.996203606 -0.00072207872 0.0870508682,-5346.65044 6983.88278 150904.527,0,0,0,factor_graph_prior,sequence_factor_graph|prior|gigapose_global_rank_0|uv0+48|rgb_recovery
1,60,1,0.999701661,-0.0304073637 -0.999374636 0.0180479682 0.0911117528 -0.0207524439 -0.995624419 0.995376331 -0.0286299318 0.0916858019,-5289.83625 6978.97952 152127.991,0,0,0,factor_graph_prior,sequence_factor_graph|prior|gigapose_global_rank_1|rgb_recovery
1,61,1,0.969475425,0.133509923 -0.991041046 0.00357018288 0.0228442413 -0.000524012413 -0.999738899 0.990784155 0.133556621 0.0225696199,-5222.39932 7089.6603 153163.625,0,0,0,factor_graph_prior,sequence_factor_graph|prior|gigapose_global_rank_0|uv0-48|rgb_recovery
1,62,1,0.990078239,0.0458378543 -0.996882522 -0.0642193709 0.0924834128 0.0682457661 -0.993372706 0.994658589 0.0395948468 0.0953233374,-5148.35168 7200.29614 154011.449,0,0,0,factor_graph_prior,sequence_factor_graph|prior|gigapose_global_rank_0|align_detection|rgb_recovery
1,63,1,0.639241983,-0.00474714222 -0.999407232 -0.0340976305 0.0634978637 0.033727941 -0.997411874 0.997970684 -0.00689998271 0.0633001129,-5067.64712 7004.87235 153610.477,0,0,0,factor_graph_prior,sequence_factor_graph|prior|gigapose_global_rank_0|rgb_recovery
1,64,1,0.971361303,0.0285230411 -0.999308468 -0.0238541798 0.0684357284 0.0257601288 -0.9973229 0.997247706 0.0268142039 0.0691231601,-4980.98397 6575.29724 151960.488,0,0,0,factor_graph_prior,sequence_factor_graph|prior|gigapose_global_rank_0|rgb_recovery
1,65,1,0.643783412,0.0171400884 -0.997975182 -0.0612515571 0.0739043392 0.0623575135 -0.995313865 0.99711803 0.0125330118 0.0748235097,-4892.06063 6407.47799 149358.345,0,0,0,factor_graph_prior,sequence_factor_graph|prior|gigapose_global_rank_1|yaw-30|rgb_recovery
1,66,1,0.999839914,0.0227933023 -0.999520431 -0.0209612202 0.0795038848 0.0227124926 -0.996575775 0.99657393 0.0210487545 0.0799834499,-4795.27012 6586.00477 148137.478,0,0,0,factor_graph_prior,sequence_factor_graph|prior|gigapose_global_rank_0|R0+20|rgb_recovery
1,67,1,0.954773635,0.00400410606 -0.998071314 -0.0619485264 0.0969853542 0.0620445757 -0.993350045 0.995277754 -0.00203062084 0.097046733,-4665.21006 6752.73715 148298.018,0,0,0,factor_graph_prior,sequence_factor_graph|prior|gigapose_global_rank_0|uv1+48|rgb_recovery
1,68,1,0.968369711,0.0106365574 -0.997639175 -0.0678449787 0.0912780428 0.0685342479 -0.99346433 0.995768639 0.0043742835 0.0917915197,-4542.39387 6906.64373 149621.487,0,0,0,factor_graph_prior,sequence_factor_graph|prior|gigapose_global_rank_0|rgb_recovery
1,69,1,0.81773069,-0.0194496766 -0.997091262 -0.0736934516 0.0883713351 0.0717044693 -0.993503385 0.995897694 -0.0258357082 0.0867196573,-4427.60491 7046.53085 148741.41,0,0,0,factor_graph_prior,sequence_factor_graph|prior|gigapose_global_rank_0|uv0-48|rgb_recovery
1,70,1,0.997443523,-0.0534555976 -0.99852438 -0.00956880035 -0.000840282507 0.0096274778 -0.999953302 0.998569874 -0.0534450609 -0.00135368515,-4303.89085 6776.49061 145657.911,0,0,0,factor_graph_prior,sequence_factor_graph|prior|gigapose_global_rank_0|uv0+48|rgb_recovery
1,71,1,0.966907917,-0.0650744158 -0.997064829 -0.0403366777 0.0412997359 0.0376966578 -0.998435423 0.997025402 -0.066638496 0.0387254261,-4143.01683 6487.59895 141874.812,0,0,0,factor_graph_prior,sequence_factor_graph|prior|gigapose_global_rank_0|rgb_recovery
1,72,1,0.975938441,-0.0849128303 -0.996174624 0.0206380457 0.059438336 -0.0257402505 -0.997900057 0.994613943 -0.0835078271 0.0613966396,-3978.69519 6204.78277 138324.519,0,0,0,factor_graph_prior,sequence_factor_graph|prior|gigapose_global_rank_2|rgb_recovery
1,73,1,0.594177115,-0.0065574343 -0.999975459 -0.00246608347 0.0794888317 0.00193708028 -0.996833875 0.996814188 -0.00673269873 0.0794741787,-3867.3974 6103.61263 135830.027,0,0,0,factor_graph_prior,sequence_factor_graph|prior|gigapose_global_rank_1|R1-20|rgb_recovery
1,74,1,0.995496754,-0.0135053082 -0.998772604 -0.0476538837 0.0998714033 0.046072528 -0.993933109 0.994908694 -0.0181826332 0.0991265978,-3807.65716 6020.0857 135550.29,0,0,0,factor_graph_prior,sequence_factor_graph|prior|gigapose_global_rank_1|uv1-48|rgb_recovery
1,75,1,0.993891415,-0.0349990807 -0.999387209 -0.000519622859 0.0766602997 -0.00216627496 -0.997054916 0.996442805 -0.0349358399 0.0766891406,-3747.31144 5954.67145 137485.499,0,0,0,factor_graph_prior,sequence_factor_graph|prior|gigapose_global_rank_0|uv0+48|rgb_recovery
1,76,1,0.985486512,0.138787845 -0.98898781 0.0513911158 0.0616724923 -0.0431612152 -0.997162782 0.988399938 0.141563491 0.055003091,-3686.67674 5992.53373 139415.691,0,0,0,factor_graph_prior,sequence_factor_graph|prior|gigapose_global_rank_0|rgb_recovery
1,77,1,0.989981155,0.0468116671 -0.986839211 0.154780615 0.0910990671 -0.150087137 -0.984466765 0.994740985 0.0601849001 0.0828743024,-3764.05209 6034.59594 136432.939,0,0,0,factor_graph_prior,sequence_factor_graph|prior|gigapose_global_rank_0|uv1-48|rgb_recovery
1,78,1,0.683814428,-0.0323078113 -0.999051911 -0.0291801947 0.123199572 0.0249920992 -0.992067165 0.991855872 -0.0356465063 0.122275328,-3856.08279 6081.19378 137755.32,0,0,0,factor_graph_prior,sequence_factor_graph|prior|gigapose_global_rank_0|align_detection|rgb_recovery
1,79,1,0.644622138,-0.128573108 -0.99153843 -0.017902448 0.0444496686 0.0122722143 -0.998936244 0.990703378 -0.129232096 0.0424956778,-3908.76689 6231.92823 143383.468,0,0,0,factor_graph_prior,sequence_factor_graph|prior|gigapose_global_rank_0|R0+20|rgb_recovery
1,80,1,0.367879441,-0.174954597 -0.978830828 -0.106212516 0.0268795524 0.103087641 -0.99430902 0.98420952 -0.176813879 0.00827487784,-3766.17234 6389.32662 147181.972,0,0,0,factor_graph_prior,sequence_factor_graph|prior|gigapose_rank0_baseline|rgb_recovery
1,81,1,0.978402741,-0.165476111 -0.985269514 -0.0431467519 0.0478950794 0.0356696872 -0.998215275 0.985050109 -0.167247299 0.0412870804,-3615.78831 6375.75406 147296.414,0,0,0,factor_graph_prior,sequence_factor_graph|prior|gigapose_global_rank_1|R0+20|rgb_recovery
1,82,1,0.931198194,-0.130856798 -0.991213712 0.0192840773 0.0723850661 -0.0289518428 -0.996956465 0.988755228 -0.129062652 0.0755376155,-3457.69579 6191.07349 143727.519,0,0,0,factor_graph_prior,sequence_factor_graph|prior|gigapose_global_rank_1|uv1+48|rgb_recovery
1,83,1,0.367879441,-0.0305850729 -0.997234065 0.0677404863 0.100838997 -0.0705049341 -0.992401406 0.994432527 -0.0235217866 0.102716482,-3229.70607 5902.6148 140993.492,0,0,0,factor_graph_prior,sequence_factor_graph|prior|gigapose_rank0_baseline|rgb_recovery
1,84,1,0.367879441,-0.183994884 -0.973287285 -0.137323498 -0.0210745148 0.143582866 -0.98941388 0.98270125 -0.179153066 -0.0469300701,-3006.2475 5745.13019 139049.559,0,0,0,factor_graph_prior,sequence_factor_graph|prior|gigapose_rank0_baseline|rgb_recovery
1,85,1,0.931656764,-0.173277198 -0.983669461 -0.0486765341 0.016700007 0.0464824779 -0.9987795 0.984731498 -0.173878612 0.00837293339,-2788.08119 5718.10943 137088.063,0,0,0,factor_graph_prior,sequence_factor_graph|prior|gigapose_global_rank_1|uv0+48|rgb_recovery
1,86,1,0.912655417,-0.0812932543 -0.995648515 0.0455570208 0.0296921066 -0.04810727 -0.998400756 0.996247854 -0.0798105626 0.0334736984,-2575.91182 5707.82095 134718.117,0,0,0,factor_graph_prior,sequence_factor_graph|prior|gigapose_global_rank_1|R0+20|rgb_recovery
1,87,1,0.831536806,-0.182094619 -0.983107041 0.0184958055 0.0396317357 -0.0261331445 -0.998872557 0.982481997 -0.181156297 0.0437209434,-2448.99429 5839.88581 137531.318,0,0,0,factor_graph_prior,sequence_factor_graph|prior|gigapose_global_rank_1|flip180|rgb_recovery
1,88,1,0.621461233,-0.604731559 -0.794649172 -0.0532206275 0.0340245854 0.0409857928 -0.998580238 0.795702249 -0.605683794 0.00225220618,-2337.36284 6114.84704 145616.778,0,0,0,factor_graph_prior,sequence_factor_graph|prior|gigapose_global_rank_0|flip180|rgb_recovery
1,89,1,0.952055368,-0.146847465 -0.985371494 -0.0864802889 0.0211582014 0.0842790282 -0.996217534 0.988932835 -0.148121787 0.00847252693,-2133.67911 6101.84929 148099.061,0,0,0,factor_graph_prior,sequence_factor_graph|prior|gigapose_global_rank_1|R0+20|rgb_recovery
1,90,1,0.540202432,0.279641133 -0.95894274 -0.0472192589 0.0102448714 0.0521588912 -0.998586247 0.960049936 0.278762034 0.0244100165,-1837.91423 5800.53595 144415.512,0,0,0,factor_graph_prior,sequence_factor_graph|prior|gigapose_global_rank_0|R1-20|rgb_recovery
1,91,1,0.448611594,0.0431030152 -0.996581325 0.0704825716 0.0543308747 -0.0681055795 -0.996197664 0.997592244 0.0467685028 0.0512095792,-1546.07397 5215.71558 134476.258,0,0,0,factor_graph_prior,sequence_factor_graph|prior|gigapose_global_rank_1|R1-20|rgb_recovery
1,92,1,0.966669721,0.0754859739 -0.99704878 0.0139856295 0.0450632236 -0.0106002779 -0.998927895 0.996128091 0.0760352826 0.0441300598,-1349.82345 4965.70045 129572.731,0,0,0,factor_graph_prior,sequence_factor_graph|prior|gigapose_global_rank_0|flip180|rgb_recovery
1,93,1,0.519292469,0.247159534 -0.968974768 0.000251810022 0.0330860975 0.00817965647 -0.999419033 0.968409766 0.247024274 0.0340812738,-1159.52596 5050.48324 129705.098,0,0,0,factor_graph_prior,sequence_factor_graph|prior|gigapose_global_rank_0|uv1+48|rgb_recovery
1,94,1,0.998872931,0.0446611167 -0.996263989 0.0739151461 0.0494998281 -0.0716912305 -0.996197839 0.997775101 0.048150095 0.0461130858,-955.701258 5146.58739 129289.446,0,0,0,factor_graph_prior,sequence_factor_graph|prior|gigapose_global_rank_1|R1-20|rgb_recovery
1,95,1,0.993490461,0.0418993763 -0.99911297 -0.00420895011 -0.00637876392 0.00394506488 -0.999971874 0.999101473 0.0419250457 -0.00620781,-741.185763 5159.83097 127942.696,0,0,0,factor_graph_prior,sequence_factor_graph|prior|gigapose_global_rank_1|R1-20|rgb_recovery
1,96,1,0.583749314,0.0258771559 -0.999649807 -0.00553490665 0.0346498742 0.00643036057 -0.999378825 0.999064442 0.0256692979 0.0348041395,-516.818791 4899.58564 125664.761,0,0,0,factor_graph_prior,sequence_factor_graph|prior|gigapose_global_rank_1|flip180|rgb_recovery
1,97,1,0.504981211,0.0390576554 -0.99918839 -0.0098519489 0.0147935843 0.0104366073 -0.9998361 0.999127444 0.0389055082 0.0151892071,-283.259601 4637.68576 123383.801,0,0,0,factor_graph_prior,sequence_factor_graph|prior|gigapose_global_rank_1|R1+45|rgb_recovery
1,98,1,0.979362581,0.00516109854 -0.999058515 0.0430748864 0.0721340007 -0.0425912933 -0.996485157 0.997381596 0.00825012197 0.0718462697,-45.1375903 4718.15472 126458.487,0,0,0,factor_graph_prior,sequence_factor_graph|prior|gigapose_global_rank_0|flip180|rgb_recovery
1,99,1,1,-0.286764582 -0.957966963 0.00808538215 0.0312928248 -0.0178020902 -0.999351712 0.957489861 -0.286325661 0.0350825013,233.222814 5122.60973 134888.175,0,0,0,factor_graph_prior,sequence_factor_graph|prior|gigapose_global_rank_0|R1+45|rgb_recovery
1,100,1,0.570587396,-0.347723711 -0.93620544 0.0510646227 -0.0189611436 -0.0474305314 -0.998694558 0.9374053 -0.348238022 -0.00125880539,551.677768 5528.65247 142357.107,0,0,0,factor_graph_prior,sequence_factor_graph|prior|gigapose_global_rank_4|rgb_recovery
1,101,1,0.912262453,-0.188631599 -0.978716968 -0.080815936 0.108981483 0.0609228312 -0.992175108 0.97598215 -0.195963018 0.0951700555,758.050214 5695.68045 146795.777,0,0,0,factor_graph_prior,sequence_factor_graph|prior|gigapose_global_rank_1|R1+45|rgb_recovery
1,102,1,0.580473392,0.28703252 -0.95708255 0.0400665047 0.0516051272 -0.0263163028 -0.998320772 0.956529792 0.288618164 0.041836732,967.975332 5617.08251 148203.76,0,0,0,factor_graph_prior,sequence_factor_graph|prior|gigapose_global_rank_0|R1+20|rgb_recovery
1,103,1,0.982573954,0.285408712 -0.956960419 -0.0526177096 0.0296660784 0.0636960643 -0.997528313 0.957946653 0.28314231 0.0465686745,1311.83364 5292.8439 146540.479,0,0,0,factor_graph_prior,sequence_factor_graph|prior|gigapose_global_rank_1|uv1-48|rgb_recovery
1,104,1,0.84476846,0.284837663 -0.95857386 0.00191315721 0.0303659912 0.00702830585 -0.999514137 0.958094678 0.284757365 0.0311099716,1789.87897 4968.05719 141805.772,0,0,0,factor_graph_prior,sequence_factor_graph|prior|gigapose_global_rank_1|uv1-48|rgb_recovery
1,105,1,0.953172864,0.217945546 -0.974264516 0.0575186226 0.0624126639 -0.0449013568 -0.997039883 0.973963243 0.220890292 0.0510203931,2299.13232 4892.13543 137080.163,0,0,0,factor_graph_prior,sequence_factor_graph|prior|gigapose_global_rank_0|R1+45|rgb_recovery
1,106,1,0.601016819,0.199526701 -0.979872566 -0.00623305016 0.0687825473 0.0203505536 -0.99742409 0.977475348 0.198584013 0.0714586099,2806.29871 5016.47812 137862.619,0,0,0,factor_graph_prior,sequence_factor_graph|prior|gigapose_global_rank_0|R1+20|rgb_recovery
1,107,1,0.998476749,-0.283443769 -0.957938016 0.0448819266 0.0482903526 -0.0609992368 -0.996968974 0.957772244 -0.280417279 0.0635490182,3039.80694 5126.8272 144152.742,0,0,0,factor_graph_prior,sequence_factor_graph|prior|gigapose_global_rank_1|R1+20|rgb_recovery
1,108,1,0.99601424,-0.266380859 -0.958953309 0.0972100276 0.0350754981 -0.110431572 -0.993264606 0.963229437 -0.261176989 0.0630526219,3277.64029 5108.77357 144900.748,0,0,0,factor_graph_prior,sequence_factor_graph|prior|gigapose_global_rank_0|R1+20|rgb_recovery
1,109,1,0.612235011,-0.301711441 -0.948879622 0.0927236204 0.0163753822 -0.102399028 -0.994608609 0.95325865 -0.298566412 0.0464332249,3578.46237 4965.20754 140107.091,0,0,0,factor_graph_prior,sequence_factor_graph|prior|gigapose_global_rank_0|R1+20|rgb_recovery
1,110,1,1,0.257449724 -0.96436444 0.0609989051 0.00260974875 -0.0624326422 -0.998045768 0.966288171 0.2571058 -0.0135565176,3878.24535 4834.09929 138712.776,0,0,0,factor_graph_prior,sequence_factor_graph|prior|gigapose_global_rank_0|uv1-48|rgb_recovery
1,111,1,0.986669624,0.435116252 -0.895314422 0.0953201627 -0.0389823591 -0.1245008 -0.991453441 0.899530001 0.427681701 -0.0890737896,4161.77259 4947.4472 140671.574,0,0,0,factor_graph_prior,sequence_factor_graph|prior|gigapose_global_rank_0|R1+20|rgb_recovery
1,112,1,0.602593903,0.43808122 -0.884407674 0.160959346 -0.00981243619 -0.1837495 -0.982924126 0.898881839 0.429021196 -0.089175399,4631.23684 5072.33714 143676.933,0,0,0,factor_graph_prior,sequence_factor_graph|prior|gigapose_global_rank_1|uv0-48|rgb_recovery
1,113,1,0.999025123,0.452584253 -0.888836433 0.0716748867 0.0219601814 -0.0692441128 -0.997358012 0.891451201 0.452962524 -0.0118197857,5287.20325 5194.52637 146681.653,0,0,0,factor_graph_prior,sequence_factor_graph|prior|gigapose_global_rank_4|rgb_recovery
1,114,1,0.501189003,-0.182691274 -0.982892179 0.0233851046 -0.0109332916 -0.0217529009 -0.999703593 0.983109537 -0.182892799 -0.00677218161,5812.56483 5275.05636 149679.471,0,0,0,factor_graph_prior,sequence_factor_graph|prior|gigapose_global_rank_1|R0+20|rgb_recovery
1,115,1,0.890955332,-0.366452422 -0.930091751 0.0253368703 -0.064490379 -0.00177555783 -0.997916749 0.928199124 -0.367322994 -0.059331312,6138.17561 5137.77991 152668.823,0,0,0,factor_graph_prior,sequence_factor_graph|prior|gigapose_global_rank_0|uv1-48|rgb_recovery
1,116,1,0.994868987,-0.248172129 -0.966660921 0.0630655042 -0.0291089017 -0.057631272 -0.997913477 0.968278507 -0.249490079 -0.0138359623,6264.21523 4782.37994 146997.407,0,0,0,factor_graph_prior,sequence_factor_graph|prior|gigapose_global_rank_0|R1+20|rgb_recovery
1,117,1,1,-0.240873023 -0.968582206 0.0618764576 -0.0132344438 -0.0604698036 -0.998082287 0.970466401 -0.241229998 0.00174689759,6387.12143 4628.87098 135498.419,0,0,0,factor_graph_prior,sequence_factor_graph|prior|gigapose_global_rank_0|R1+20|rgb_recovery
1,118,1,1,0.243992365 -0.96926306 0.0315728618 0.0263593974 -0.0259163812 -0.999316528 0.969418851 0.244657845 0.019225791,6509.18665 4677.69161 133125.388,0,0,0,factor_graph_prior,sequence_factor_graph|prior|gigapose_global_rank_2|rgb_recovery
1,119,1,0.759358348,0.591195894 -0.805567812 0.0393435662 0.052497704 -0.010242241 -0.998568519 0.804817623 0.592415055 0.0362352897,6953.1563 4728.97603 139877.705,0,0,0,factor_graph_prior,sequence_factor_graph|prior|gigapose_global_rank_0|R1-45|rgb_recovery
1,120,1,0.862922106,0.317636838 -0.948023598 -0.0189234475 0.0548177226 0.0382830438 -0.997762209 0.946626566 0.315888693 0.0641285996,7718.96203 4782.02041 141843.303,0,0,0,factor_graph_prior,sequence_factor_graph|prior|gigapose_global_rank_0|R0+45|rgb_recovery
1,121,1,0.980471872,0.522835121 -0.852384645 0.0091571591 0.0452077799 0.0169990659 -0.998832963 0.851234217 0.522638928 0.0474221261,8518.43607 4837.62796 145366.605,0,0,0,factor_graph_prior,sequence_factor_graph|prior|gigapose_global_rank_0|uv1+48|rgb_recovery
1,122,1,1,0.55792613 -0.829020189 0.0379994583 0.0290913998 -0.0262230649 -0.999232726 0.829380566 0.558603505 0.00948682462,9351.44908 5005.79511 150448.074,0,0,0,factor_graph_prior,sequence_factor_graph|prior|gigapose_global_rank_0|logz-0.35|rgb_recovery
1,123,1,0.616416079,0.592481554 -0.804518674 0.0414163122 0.0305633055 -0.0289259049 -0.999114196 0.805004032 0.593222551 0.00745068489,10474.9489 5166.27422 153425.35,0,0,0,factor_graph_prior,sequence_factor_graph|prior|gigapose_global_rank_0|uv1-48|rgb_recovery
1,124,1,0.566112728,0.527655693 -0.849185305 -0.0215357211 0.0311547093 0.044681306 -0.99851538 0.848886832 0.526201386 0.0500324668,12267.7872 4844.27591 154210.324,0,0,0,factor_graph_prior,sequence_factor_graph|prior|gigapose_global_rank_1|uv1-48|rgb_recovery
1,125,1,0.573668918,0.604780285 -0.794225251 0.0587116433 0.0605501383 -0.0276519724 -0.997782065 0.794087204 0.60699392 0.031367081,14729.8621 4515.22541 152803.048,0,0,0,factor_graph_prior,sequence_factor_graph|prior|gigapose_global_rank_1|uv1+48|rgb_recovery
1,126,1,1,0.594954533 -0.803503278 0.0202876035 0.0647254465 0.0227365477 -0.997644058 0.801149 0.594865978 0.0655343205,17481.4744 4329.52292 149204.298,0,0,0,factor_graph_prior,sequence_factor_graph|prior|gigapose_global_rank_0|uv1-48|rgb_recovery
1,127,1,0.976790965,0.528776417 -0.84825667 0.0292595661 0.0424870224 -0.00797645143 -0.999065178 0.847697089 0.529525257 0.0318221407,19470.3927 4152.23639 143414.869,0,0,0,factor_graph_prior,sequence_factor_graph|prior|gigapose_global_rank_1|uv0-48|rgb_recovery
1,128,1,0.597225111,0.549143601 -0.830629898 0.092169835 0.0757396153 -0.0603693309 -0.995298475 0.832288902 0.553542696 0.0297601572,20696.5131 3983.40276 140288.577,0,0,0,factor_graph_prior,sequence_factor_graph|prior|gigapose_global_rank_1|uv1+48|rgb_recovery
1,129,1,1,0.574591959 -0.818128302 0.0225867814 0.0116237417 -0.0194371464 -0.99974351 0.818357483 0.574707125 -0.00165871596,21573.02 3980.30326 140157.181,0,0,0,factor_graph_prior,sequence_factor_graph|prior|gigapose_global_rank_0|uv1-48|rgb_recovery
1,130,1,1,0.552506298 -0.831405341 0.0591772685 0.0325521186 -0.0494203074 -0.998247461 0.832872829 0.553464355 -0.000241025873,22435.0559 3973.72568 143020.636,0,0,0,factor_graph_prior,sequence_factor_graph|prior|gigapose_global_rank_1|logz-0.35|rgb_recovery
1,131,1,0.578614394,0.628087098 -0.769231743 0.117427095 0.0969716255 -0.0723550565 -0.99265364 0.772077134 0.634860041 0.029148375,23282.8685 3952.35793 144577.437,0,0,0,factor_graph_prior,sequence_factor_graph|prior|gigapose_global_rank_0|uv1+48|rgb_recovery
1,132,1,0.853388163,0.588937464 -0.802610487 0.0947051682 0.0150975074 -0.10623693 -0.994226222 0.808037579 0.586966882 -0.0504494903,24116.0271 3916.21659 144827.203,0,0,0,factor_graph_prior,sequence_factor_graph|prior|gigapose_global_rank_0|R0+20|rgb_recovery
1,133,1,0.972419855,0.538129371 -0.841866651 0.0409551321 0.0432458038 -0.0209486668 -0.99884481 0.84175209 0.539278867 0.0251341071,24842.196 3897.17026 145078.605,0,0,0,factor_graph_prior,sequence_factor_graph|prior|gigapose_global_rank_1|R1-45|rgb_recovery
1,134,1,0.983776887,-0.275539565 -0.956354127 0.0972868594 0.0206463114 -0.107068745 -0.99403723 0.961067988 -0.271887971 0.0492468604,25331.9484 3910.74222 146919.4,0,0,0,factor_graph_prior,sequence_factor_graph|prior|gigapose_global_rank_0|R1+20|rgb_recovery
1,135,1,0.97799245,-0.29993346 -0.953929076 0.0076966412 0.0110867641 -0.0115532132 -0.999871795 0.953895698 -0.299809676 0.0140411819,25588.6312 3936.30685 145428.838,0,0,0,factor_graph_prior,sequence_factor_graph|prior|gigapose_global_rank_0|uv1+48|rgb_recovery
1,136,1,0.667467121,0.52110286 -0.853302967 -0.0180514874 0.0117941723 0.0283474391 -0.999528549 0.85341239 0.520644283 0.0248359338,25832.6914 3887.87583 140215.711,0,0,0,factor_graph_prior,sequence_factor_graph|prior|gigapose_global_rank_0|R1-45|rgb_recovery
1,137,1,0.965082549,0.592991957 -0.804297525 0.0382887568 0.00928369202 -0.0407190056 -0.999127507 0.805154862 0.592830037 -0.0166791923,26128.3863 3818.58417 138317.683,0,0,0,factor_graph_prior,sequence_factor_graph|prior|gigapose_global_rank_1|R0+20|rgb_recovery
1,138,1,0.485855474,0.690433373 -0.717856664 0.0893508071 0.0050113787 -0.118766396 -0.992909578 0.723378631 0.68598568 -0.078402832,26862.3032 3729.49444 139735.195,0,0,0,factor_graph_prior,sequence_factor_graph|prior|gigapose_global_rank_1|align_detection|rgb_recovery
1,139,1,1,0.575932228 -0.816902125 -0.0311927465 -0.0169402118 0.0262223934 -0.999512589 0.817321906 0.576179924 0.00126382646,28034.4664 3619.76745 139837.582,0,0,0,factor_graph_prior,sequence_factor_graph|prior|gigapose_global_rank_1|logz-0.35|rgb_recovery
1,140,1,1,0.549809666 -0.834441145 -0.0376471281 0.0102576593 0.0518123287 -0.998604157 0.835226982 0.548656047 0.0370463321,29214.6573 3437.0638 138624.812,0,0,0,factor_graph_prior,sequence_factor_graph|prior|gigapose_global_rank_2|logz-0.35|rgb_recovery
1,141,1,0.660668055,0.57202045 -0.818273356 -0.0567566739 0.0476705006 0.102243182 -0.993616553 0.818852935 0.565663369 0.0974926917,30170.0437 3258.46854 137613.92,0,0,0,factor_graph_prior,sequence_factor_graph|prior|gigapose_global_rank_1|uv0-48|rgb_recovery
1,142,1,0.548291671,0.656408654 -0.75238375 -0.0551939445 -0.0228129092 0.0533323823 -0.998316196 0.754060509 0.656562525 0.0178437751,30900.5932 3231.0174 137259.019,0,0,0,factor_graph_prior,sequence_factor_graph|prior|gigapose_global_rank_0|uv0+48|rgb_recovery
1,143,1,0.738499488,0.588754893 -0.808293392 -0.00542842873 0.0313513197 0.029545747 -0.999071641 0.807703392 0.588038129 0.0427362676,31627.3346 3207.67517 137924.651,0,0,0,factor_graph_prior,sequence_factor_graph|prior|gigapose_global_rank_1|uv1-48|rgb_recovery
1,144,1,0.578001763,0.6204696 -0.784157895 0.0106710502 0.0612954291 0.0349259863 -0.997508419 0.781831405 0.619577736 0.0697358074,32395.9366 3185.69267 139610.984,0,0,0,factor_graph_prior,sequence_factor_graph|prior|gigapose_global_rank_0|align_detection|rgb_recovery
1,145,1,0.729643455,0.811194207 -0.583799245 -0.0337994098 0.0148224303 0.0783073398 -0.996819069 0.584588961 0.808112865 0.0721757841,33206.5814 3130.05204 141298.548,0,0,0,factor_graph_prior,sequence_factor_graph|prior|gigapose_global_rank_0|yaw+30|rgb_recovery
1,146,1,0.487544315,0.587650619 -0.809073216 -0.00820255239 0.00529982124 0.0139864698 -0.999888139 0.809097437 0.587541411 0.012507101,34014.2174 3047.10072 140245.512,0,0,0,factor_graph_prior,sequence_factor_graph|prior|gigapose_global_rank_1|uv0-48|rgb_recovery
1,147,1,0.593784992,0.589585683 -0.807602782 0.0129022466 0.0191486906 -0.00199363047 -0.999814659 0.807478823 0.58972347 0.0142891198,34517.7146 2892.95475 136451.617,0,0,0,factor_graph_prior,sequence_factor_graph|prior|gigapose_global_rank_0|uv0-48|rgb_recovery
1,148,1,0.898409655,0.587357807 -0.807670099 -0.0517669615 -0.0336346982 0.0395477655 -0.998651431 0.808628168 0.588306881 -0.00393705116,34717.1909 2759.59727 132736.62,0,0,0,factor_graph_prior,sequence_factor_graph|prior|gigapose_global_rank_0|uv0+48|rgb_recovery
1,149,1,0.968581635,0.600110047 -0.799884651 -0.00724401982 -0.0209740357 -0.00668154464 -0.999757694 0.799642433 0.600116573 -0.0207864713,35028.0583 2647.63115 130226.874,0,0,0,factor_graph_prior,sequence_factor_graph|prior|gigapose_global_rank_1|uv1-48|rgb_recovery
1,150,1,0.571211485,0.551119241 -0.834358018 0.010690185 -0.00987600309 -0.019332853 -0.999764325 0.834368053 0.550883779 -0.0188948296,36154.7797 2707.15711 136145.489,0,0,0,factor_graph_prior,sequence_factor_graph|prior|gigapose_global_rank_1|logz-0.35|rgb_recovery
1,151,1,0.960853924,-0.258660989 -0.95766391 0.126389586 0.0307384707 -0.138936328 -0.989824148 0.965478969 -0.252143871 0.0653745321,38487.4772 2971.93703 150492.633,0,0,0,factor_graph_prior,sequence_factor_graph|prior|gigapose_global_rank_1|R1+20|rgb_recovery
1,152,1,0.525717992,0.143143657 -0.989177288 0.0322208977 0.0176180211 -0.0300042067 -0.999394493 0.989545097 0.143624651 0.0131324344,42026.5461 3441.56264 165678.676,0,0,0,factor_graph_prior,sequence_factor_graph|prior|gigapose_global_rank_0|R1+45|rgb_recovery
1,153,1,1,0.234737906 -0.968951712 -0.0776575512 -0.128266446 0.0483157528 -0.990562117 0.963558942 0.242483335 -0.112942453,46772.024 3915.25707 180872.606,0,0,0,factor_graph_prior,sequence_factor_graph|prior|gigapose_global_rank_0|yaw+30|rgb_recovery
1,155,1,0.784127444,-0.956529273 -0.267752267 -0.115587511 0.0714029711 0.169265584 -0.982980558 0.28276026 -0.948502971 -0.142789179,3305.44546 3074.22737 19596.2041,0,0,0,factor_graph_prior,sequence_factor_graph|prior|gigapose_global_rank_0|R1+20|rgb_recovery
1,156,1,0.579172963,-0.33421945 -0.933526145 -0.129716213 0.0312865576 0.126565786 -0.991464701 0.941975855 -0.33542516 -0.0130939278,3241.73725 3013.2587 18538.873,0,0,0,factor_graph_prior,sequence_factor_graph|prior|gigapose_global_rank_0|flip180|rgb_recovery
1,157,1,0.97393038,0.564856593 -0.82451597 -0.0333233207 0.0421661742 0.0691698437 -0.996713372 0.824111062 0.561595003 0.0738377263,3241.44232 2953.90693 17335.443,0,0,0,factor_graph_prior,sequence_factor_graph|prior|gigapose_global_rank_0|flip180|rgb_recovery
1,158,1,1,0.58147707 -0.811287745 0.0607997608 0.110006427 0.00435854779 -0.993921319 0.806091188 0.584630821 0.0917812617,3304.60835 2896.75901 15986.3527,0,0,0,factor_graph_prior,sequence_factor_graph|prior|gigapose_global_rank_1|R1+45|rgb_recovery
1,159,1,1,0.555417819 -0.824632571 0.107201534 0.154226245 -0.0245276277 -0.987731067 0.817144609 0.565136725 0.113556903,3575.72621 2840.60601 21506.8143,0,0,0,factor_graph_prior,sequence_factor_graph|prior|gigapose_global_rank_1|R1+20|rgb_recovery
1,160,1,1,0.355366578 -0.929184868 0.101636982 0.191640267 -0.0339983487 -0.9808762 0.914870812 0.368048357 0.16598736,4055.30238 2786.464 33896.989,0,0,0,factor_graph_prior,sequence_factor_graph|prior|gigapose_global_rank_1|yaw-30|rgb_recovery
1,165,1,0.825015129,-0.200025852 -0.978404413 -0.0521005096 -0.0635074549 0.066010134 -0.995795895 0.97773026 -0.195876152 -0.0753397075,-20435.203 3126.92543 77228.3312,0,0,0,factor_graph_prior,sequence_factor_graph|prior|gigapose_global_rank_1|uv0+48|rgb_recovery
1,166,1,0.92754601,-0.176237264 -0.984292117 0.010462121 -0.0725193072 0.00238349948 -0.997364161 0.981672744 -0.176531436 -0.0718002438,-19151.9356 3104.85642 73400.4462,0,0,0,factor_graph_prior,sequence_factor_graph|prior|gigapose_global_rank_1|uv1-48|rgb_recovery
1,167,1,0.573611359,-0.0471868265 -0.985672042 0.161938347 -0.0712669043 -0.158383718 -0.984802329 0.99634052 -0.0580105413 -0.0627721701,-17872.8896 3034.50024 70494.9508,0,0,0,factor_graph_prior,sequence_factor_graph|prior|gigapose_global_rank_1|rgb_recovery
1,168,1,0.531081925,-0.167647579 -0.984153882 -0.0577531483 -0.0257445034 0.0629327315 -0.997685668 0.985510786 -0.16577276 -0.035887073,-16609.7572 2915.45775 68512.3889,0,0,0,factor_graph_prior,sequence_factor_graph|prior|gigapose_global_rank_2|rgb_recovery
1,169,1,0.98545471,-0.169895705 -0.982156757 0.0806446172 -0.0985140346 -0.0644973304 -0.993043342 0.980525591 -0.176658425 -0.0857984054,-15561.0457 2748.33161 67045.3195,0,0,0,factor_graph_prior,sequence_factor_graph|prior|gigapose_global_rank_1|rgb_recovery
1,170,1,1,-0.203060247 -0.978144975 0.0447095453 -0.139956831 -0.0161979095 -0.990025107 0.969112285 -0.207292149 -0.133608919,-14527.9918 2557.29837 65582.5221,0,0,0,factor_graph_prior,sequence_factor_graph|prior|gigapose_global_rank_0|R1-20|rgb_recovery
1,171,1,0.604725103,-0.183532615 -0.982918809 0.01365265 -0.12113405 0.00883132065 -0.992596872 0.975521564 -0.1838277 -0.120685771,-13510.0535 2413.07672 62688.5883,0,0,0,factor_graph_prior,sequence_factor_graph|prior|gigapose_global_rank_1|uv0-48|rgb_recovery
1,172,1,1,-0.163208499 -0.986588626 0.00242242707 -0.111971096 0.0160834575 -0.993581298 0.980217047 -0.162432154 -0.113094366,-12721.7113 2319.34698 60965.3569,0,0,0,factor_graph_prior,sequence_factor_graph|prior|gigapose_global_rank_2|align_detection|rgb_recovery
1,173,1,1,-0.154584976 -0.987855406 0.0156582592 -0.102882436 0.000332954407 -0.994693467 0.982608106 -0.155375626 -0.10168444,-12246.715 2273.79341 60413.3487,0,0,0,factor_graph_prior,sequence_factor_graph|prior|gigapose_global_rank_1|R1-20|rgb_recovery
1,174,1,0.907860074,-0.130475004 -0.991047516 0.028303616 -0.0938978557 -0.0160674162 -0.995452174 0.98699517 -0.132539275 -0.0909608404,-11771.0256 2254.19423 59979.4349,0,0,0,factor_graph_prior,sequence_factor_graph|prior|gigapose_global_rank_0|R1-20|rgb_recovery
1,175,1,1,-0.130940628 -0.989912638 0.0541065764 -0.0924536953 -0.0421457496 -0.994824633 0.987069839 -0.135265315 -0.0860024905,-11186.7588 2232.82068 58984.7876,0,0,0,factor_graph_prior,sequence_factor_graph|prior|gigapose_global_rank_1|rgb_recovery
1,176,1,1,-0.161019714 -0.98417978 0.0739108428 -0.0840459563 -0.0609425373 -0.994596544 0.983366121 -0.166361559 -0.0729033808,-10592.6276 2210.44642 57430.1951,0,0,0,factor_graph_prior,sequence_factor_graph|prior|gigapose_global_rank_1|R1-20|rgb_recovery
1,177,1,0.950505399,-0.0615945341 -0.997715205 -0.0277575885 0.0059942439 0.0274401199 -0.999605477 0.998083254 -0.0617366193 0.00429038688,-10205.7062 2246.01503 57252.7645,0,0,0,factor_graph_prior,sequence_factor_graph|prior|gigapose_global_rank_2|align_detection|rgb_recovery
1,178,1,1,-0.191301748 -0.980767607 0.0387110231 -0.128829499 -0.014008717 -0.991567807 0.973039877 -0.194675776 -0.123671908,-10025.6126 2289.09278 57121.655,0,0,0,factor_graph_prior,sequence_factor_graph|prior|gigapose_global_rank_2|rgb_recovery
1,179,1,0.43857907,-0.146999805 -0.988490918 0.0357318235 -0.0966090569 -0.0216034293 -0.995087927 0.984407308 -0.149729749 -0.0923214754,-9842.77771 2319.72638 57036.7529,0,0,0,factor_graph_prior,sequence_factor_graph|prior|gigapose_global_rank_1|yaw-30|rgb_recovery
1,180,1,0.487268122,-0.137995041 -0.985451237 0.0992130426 -0.102044224 -0.0854921979 -0.99109942 0.985162091 -0.146890923 -0.0887621072,-9657.84637 2347.44924 57078.1205,0,0,0,factor_graph_prior,sequence_factor_graph|prior|gigapose_global_rank_0|rgb_recovery
1,181,1,0.484369529,-0.043806887 -0.998298116 0.038494535 0.0158796019 -0.0392224441 -0.999104318 0.998913808 -0.0431563721 0.0175707899,-9471.77088 2377.72892 58492.8393,0,0,0,factor_graph_prior,sequence_factor_graph|prior|gigapose_global_rank_0|uv1+48|rgb_recovery
1,182,1,0.76051298,-0.0109916165 -0.999438422 0.0316547861 0.0270501282 -0.0319423067 -0.999123606 0.999573647 -0.0101257175 0.027386035,-9242.42797 2447.11218 59053.9318,0,0,0,factor_graph_prior,sequence_factor_graph|prior|gigapose_global_rank_0|rgb_recovery
1,183,1,0.992080627,-0.0293711961 -0.999515852 0.0102662117 0.0356933655 -0.0113128466 -0.999298756 0.998931087 -0.0289841641 0.0360083564,-8905.09178 2514.66323 58760.7405,0,0,0,factor_graph_prior,sequence_factor_graph|prior|gigapose_global_rank_0|uv0-48|rgb_recovery
1,184,1,0.962814389,-0.00333298059 -0.999927532 -0.0115681849 0.0323433232 0.0114544037 -0.99941118 0.999471261 -0.0037051716 0.032302802,-8459.77444 2496.45106 57654.1843,0,0,0,factor_graph_prior,sequence_factor_graph|prior|gigapose_global_rank_0|logz+0.35|rgb_recovery
1,185,1,0.604899486,-0.000674208753 -0.999741154 -0.0227413689 0.0271655339 0.0227146708 -0.999372842 0.999630721 -0.00129156734 0.0271431878,-8012.04394 2392.83879 56554.376,0,0,0,factor_graph_prior,sequence_factor_graph|prior|gigapose_global_rank_0|uv1+48|rgb_recovery
1,186,1,0.479245823,-0.0395094822 -0.992789741 -0.113170365 0.0569495161 0.110837383 -0.992205537 0.997594985 -0.0456465245 0.0521597677,-7632.23519 2291.86022 55567.1916,0,0,0,factor_graph_prior,sequence_factor_graph|prior|gigapose_global_rank_0|R0+45|rgb_recovery
1,187,1,0.92266003,0.0171910888 -0.999593111 -0.0227613286 0.0797588112 0.0240631354 -0.996523706 0.996665941 0.0153159111 0.0801400298,-7260.39441 2193.56422 54692.656,0,0,0,factor_graph_prior,sequence_factor_graph|prior|gigapose_global_rank_0|uv1-48|rgb_recovery
1,188,1,0.992892768,-0.00779859735 -0.999963313 -0.00354329473 0.0261163473 0.003338518 -0.999653335 0.99962849 -0.00788843177 0.0260893534,-6894.20919 2093.37818 53910.4551,0,0,0,factor_graph_prior,sequence_factor_graph|prior|gigapose_global_rank_0|rgb_recovery
1,189,1,0.998699097,-0.0312887449 -0.9994715 0.0088167126 0.0475499875 -0.0102994942 -0.998815758 0.998378692 -0.0308324569 0.0478471156,-6526.50786 1971.86222 53126.4823,0,0,0,factor_graph_prior,sequence_factor_graph|prior|gigapose_global_rank_0|align_detection|rgb_recovery
1,190,1,0.984779097,-0.00495769195 -0.999865045 0.0156624633 0.0701464578 -0.0159717992 -0.997408831 0.997524384 -0.00384617941 0.0702161744,-6151.96755 1890.7637 52338.4769,0,0,0,factor_graph_prior,sequence_factor_graph|prior|gigapose_global_rank_0|uv0-48|rgb_recovery
1,191,1,0.94289854,0.021106363 -0.99977723 -0.000107863142 0.0305320093 0.000752400108 -0.999533506 0.999310922 0.0210932237 0.0305410881,-5770.42167 1812.63474 51546.0526,0,0,0,factor_graph_prior,sequence_factor_graph|prior|gigapose_global_rank_0|uv0+48|rgb_recovery
1,192,1,0.950207857,0.0203727068 -0.999657869 -0.0164042267 0.0316527476 0.0170443063 -0.999353589 0.999291277 0.0198402988 0.0319891569,-5448.1911 1734.73643 50763.1745,0,0,0,factor_graph_prior,sequence_factor_graph|prior|gigapose_global_rank_0|uv1+48|rgb_recovery
1,193,1,0.556584749,0.0199989764 -0.999706637 -0.0136631122 0.0563299742 0.0147708001 -0.998302939 0.998211889 0.0191953941 0.05660885,-5190.48907 1657.14949 50139.8494,0,0,0,factor_graph_prior,sequence_factor_graph|prior|gigapose_global_rank_0|align_detection|rgb_recovery
1,194,1,0.990265901,0.0136589149 -0.999267425 -0.0357497757 0.0549688001 0.0364494489 -0.997822564 0.998394644 0.0116640513 0.0554263913,-4936.13903 1588.61751 49661.0138,0,0,0,factor_graph_prior,sequence_factor_graph|prior|gigapose_global_rank_0|uv0-48|rgb_recovery
1,195,1,0.978853229,-0.033237311 -0.999143225 -0.024659623 0.054115517 0.0228379604 -0.998273479 0.997981359 -0.0345143944 0.0533100798,-4684.34569 1563.77955 48906.7373,0,0,0,factor_graph_prior,sequence_factor_graph|prior|gigapose_global_rank_0|align_detection|rgb_recovery
1,196,1,0.922777631,-0.0175963099 -0.998093008 -0.059166866 0.0823411971 0.0575284295 -0.994942414 0.996448843 -0.0223791857 0.081171885,-4458.44745 1582.522 47877.7705,0,0,0,factor_graph_prior,sequence_factor_graph|prior|gigapose_global_rank_0|uv0+48|rgb_recovery
1,197,1,0.981761107,-0.00363664773 -0.999706914 -0.0239345035 0.0369073343 0.0237841733 -0.999035616 0.999312075 -0.00451649933 0.0368100226,-4303.22477 1606.8306 47157.204,0,0,0,factor_graph_prior,sequence_factor_graph|prior|gigapose_global_rank_0|uv0+48|rgb_recovery
1,198,1,0.985233294,0.0195002301 -0.997627651 -0.0660212893 0.00838448016 0.0661946969 -0.997771498 0.999774695 0.0189032196 0.00965540107,-4217.96379 1636.19063 46568.5312,0,0,0,factor_graph_prior,sequence_factor_graph|prior|gigapose_global_rank_0|uv0+48|rgb_recovery
1,199,1,0.934383295,-0.0176243848 -0.999477514 -0.0270939152 0.0178469646 0.0267793317 -0.999482042 0.999685384 -0.0180988003 0.0173656705,-4191.22244 1670.52713 46111.8794,0,0,0,factor_graph_prior,sequence_factor_graph|prior|gigapose_global_rank_0|logz+0.35|rgb_recovery
1,200,1,1,-0.0560041899 -0.998368188 0.0111575772 0.035878747 -0.0131802915 -0.999269231 0.997785671 -0.0555629439 0.0365583512,-4203.68127 1709.58095 46113.6758,0,0,0,factor_graph_prior,sequence_factor_graph|prior|gigapose_global_rank_0|rgb_recovery
1,201,1,0.999045715,-0.0137273087 -0.998661484 0.0498678456 0.0357225339 -0.0503305177 -0.998093553 0.999267462 -0.0119197325 0.0363656213,-4251.99505 1739.52325 46492.9669,0,0,0,factor_graph_prior,sequence_factor_graph|prior|gigapose_global_rank_0|uv0-48|rgb_recovery
1,202,1,0.930254944,0.00272535631 -0.999952248 -0.00938482945 0.035230748 0.00947505065 -0.999334287 0.999375488 0.00239290744 0.0352548885,-4306.97053 1695.26569 46394.409,0,0,0,factor_graph_prior,sequence_factor_graph|prior|gigapose_global_rank_0|rgb_recovery
1,203,1,0.986879974,0.0284010228 -0.999465167 -0.0162099566 0.00416619108 0.0163347136 -0.9998579 0.999587927 0.0283294532 0.00462788544,-4361.08839 1645.59992 45818.2962,0,0,0,factor_graph_prior,sequence_factor_graph|prior|gigapose_global_rank_0|align_detection|rgb_recovery
1,204,1,0.989706176,-0.00123322493 -0.999736066 -0.022940747 0.031429716 0.0228906811 -0.999243809 0.999505204 -0.00195331354 0.0313931913,-4414.39174 1590.51355 45249.1534,0,0,0,factor_graph_prior,sequence_factor_graph|prior|gigapose_global_rank_0|uv1+48|rgb_recovery
1,205,1,0.981318707,-0.0298420942 -0.999069847 -0.031127002 0.0581650498 0.0293524042 -0.997875375 0.99786085 -0.0315891945 0.0572350102,-4467.1038 1525.88884 44687.0457,0,0,0,factor_graph_prior,sequence_factor_graph|prior|gigapose_global_rank_0|align_detection|rgb_recovery
1,206,1,0.981396277,-0.00641618224 -0.999585136 -0.0280782477 0.0284340251 0.0278851024 -0.999206649 0.999575079 -0.00720946956 0.0282433129,-4518.03239 1467.18168 43881.1937,0,0,0,factor_graph_prior,sequence_factor_graph|prior|gigapose_global_rank_0|uv0+48|rgb_recovery
1,207,1,0.989531268,0.0187688459 -0.999500713 -0.0254176063 0.0500968287 0.0263302737 -0.998397228 0.998567994 0.0174654223 0.0505660049,-4527.45937 1511.82238 42831.7966,0,0,0,factor_graph_prior,sequence_factor_graph|prior|gigapose_global_rank_0|uv1-48|rgb_recovery
1,208,1,0.732781964,-0.0181115924 -0.999835798 -0.000588897956 0.0320710583 7.73835521e-06 -0.999485591 0.999321479 -0.0181211623 0.032065652,-4505.11631 1565.6462 42060.5461,0,0,0,factor_graph_prior,sequence_factor_graph|prior|gigapose_global_rank_0|align_detection|rgb_recovery
1,209,1,0.993145352,-0.0666952734 -0.997737246 -0.00849284291 -0.0157824212 0.00956565413 -0.999829692 0.997648563 -0.066549877 -0.0163846934,-4483.6354 1626.21449 41567.6588,0,0,0,factor_graph_prior,sequence_factor_graph|prior|gigapose_global_rank_0|uv1-48|rgb_recovery
1,210,1,0.995558578,0.00970645913 -0.99939352 -0.0334421483 0.0261785192 0.0336862316 -0.999089547 0.999610159 0.00882215593 0.0264896165,-4462.23361 1691.1299 40824.5097,0,0,0,factor_graph_prior,sequence_factor_graph|prior|gigapose_global_rank_0|align_detection|rgb_recovery
1,211,1,0.510671259,0.0409002745 -0.999052453 -0.014878293 0.080741604 0.0181468071 -0.99656986 0.995895557 0.0395586836 0.0814073069,-4438.45223 1661.49356 39442.7133,0,0,0,factor_graph_prior,sequence_factor_graph|prior|gigapose_global_rank_0|yaw+30|rgb_recovery
1,212,1,0.963245489,-0.00429758836 -0.99962707 -0.026967622 0.0314737545 0.026819297 -0.999144698 0.999495339 -0.00514268494 0.0313467587,-4426.96463 1643.86497 38775.0551,0,0,0,factor_graph_prior,sequence_factor_graph|prior|gigapose_global_rank_0|uv1+48|rgb_recovery
1,213,1,0.964706831,-0.00656712103 -0.998271695 -0.0583994542 0.0145519314 0.0582991262 -0.998193094 0.999872549 -0.00740507972 0.0141439238,-4467.32167 1652.23403 38821.5273,0,0,0,factor_graph_prior,sequence_factor_graph|prior|gigapose_global_rank_0|uv1+48|rgb_recovery
1,214,1,0.953300645,0.0179957272 -0.999827874 -0.00451401399 0.0664536428 0.00570082519 -0.997773228 0.997627219 0.0176556822 0.0665447948,-4504.00779 1687.16744 37835.3471,0,0,0,factor_graph_prior,sequence_factor_graph|prior|gigapose_global_rank_0|uv1+48|rgb_recovery
1,215,1,0.751035895,-0.0527098497 -0.998560854 -0.00989403241 0.0464304272 0.00744646305 -0.998893771 0.997529893 -0.0531109247 0.0459711051,-4486.37518 1706.73553 36847.4176,0,0,0,factor_graph_prior,sequence_factor_graph|prior|gigapose_global_rank_0|align_detection|rgb_recovery
1,216,1,1,-0.0115769073 -0.996779165 0.0793553483 0.0283484721 -0.0796559418 -0.996419237 0.99953106 -0.00928585021 0.0291793358,-4472.09316 1710.69296 36350.8628,0,0,0,factor_graph_prior,sequence_factor_graph|prior|gigapose_global_rank_0|uv1-48|rgb_recovery
1,217,1,0.937167707,-0.0191864738 -0.999685145 0.016170659 0.0269765325 -0.01668536 -0.999496806 0.999451923 -0.018740591 0.027288172,-4558.08971 1700.34383 36345.5845,0,0,0,factor_graph_prior,sequence_factor_graph|prior|gigapose_global_rank_0|rgb_recovery
1,218,1,1,-0.0279822138 -0.999203317 0.028455704 0.0596739396 -0.0300858672 -0.997764432 0.997825644 -0.0262215937 0.0604682676,-4649.67902 1695.03557 36061.442,0,0,0,factor_graph_prior,sequence_factor_graph|prior|gigapose_global_rank_0|rgb_recovery
1,219,1,0.918077765,0.0134446654 -0.999351198 -0.0334129311 0.0507594164 0.0340549913 -0.998130121 0.99862041 0.0117235046 0.0511843416,-4616.09772 1694.93622 35417.8462,0,0,0,factor_graph_prior,sequence_factor_graph|prior|gigapose_global_rank_1|R1-20|rgb_recovery
1,220,1,0.939845907,0.0076492049 -0.99989276 -0.0124883065 0.0428329528 0.0128048317 -0.999000187 0.999052965 0.00710664609 0.0429263062,-4585.12535 1692.1579 34415.0063,0,0,0,factor_graph_prior,sequence_factor_graph|prior|gigapose_global_rank_0|uv0-48|rgb_recovery
1,221,1,0.938089925,0.000859846009 -0.999971616 0.00748511858 0.0340175769 -0.00745154014 -0.999393456 0.999420865 0.00111395007 0.0340102042,-4604.83399 1682.72122 33880.0551,0,0,0,factor_graph_prior,sequence_factor_graph|prior|gigapose_global_rank_0|rgb_recovery
1,222,1,0.69852619,0.0212509175 -0.999436819 -0.0259700283 0.0641579407 0.0272856164 -0.997566666 0.997713464 0.0195330234 0.0647016526,-4649.0909 1603.59798 33813.0886,0,0,0,factor_graph_prior,sequence_factor_graph|prior|gigapose_global_rank_0|uv0+48|rgb_recovery
1,223,1,0.917021719,0.0185119689 -0.999634849 -0.0196843974 0.0558157745 0.0206903057 -0.998226683 0.998269456 0.0173804414 0.0561784116,-4689.89799 1533.12723 33717.809,0,0,0,factor_graph_prior,sequence_factor_graph|prior|gigapose_global_rank_0|R0-20|rgb_recovery
1,224,1,1,0.0163527494 -0.999866222 0.000355418459 0.0115358908 -0.000166773584 -0.999933445 0.999799735 0.0163557612 0.0115316203,-4737.04327 1492.07612 33336.9818,0,0,0,factor_graph_prior,sequence_factor_graph|prior|gigapose_global_rank_0|uv0+48|rgb_recovery
1,225,1,1,-0.0157367033 -0.998875054 -0.04473235 -0.00584800035 0.0448290721 -0.998977555 0.999859069 -0.0154590186 -0.00654688348,-4791.29025 1481.12377 32670.6856,0,0,0,factor_graph_prior,sequence_factor_graph|prior|gigapose_global_rank_1|uv0-48|rgb_recovery
1,226,1,0.731135032,0.0014602909 -0.99984161 -0.0177376141 -0.0247829952 0.0176960003 -0.99953622 0.999691788 0.00189920485 -0.0247532285,-4851.10508 1475.00343 32154.638,0,0,0,factor_graph_prior,sequence_factor_graph|prior|gigapose_global_rank_0|uv1+48|rgb_recovery
1,227,1,1,-0.00094648736 -0.99981957 -0.0189718722 -0.0118808392 0.0189817847 -0.999749237 0.999928972 -0.000720848254 -0.0118966615,-4915.29804 1474.49409 31789.5402,0,0,0,factor_graph_prior,sequence_factor_graph|prior|gigapose_global_rank_1|uv0-48|rgb_recovery
1,228,1,0.971572079,-0.0168393644 -0.999666011 -0.0196036062 0.0132642664 0.0193813103 -0.999724174 0.999770221 -0.0170947471 0.0129334673,-4975.94631 1510.16053 31575.3182,0,0,0,factor_graph_prior,sequence_factor_graph|prior|gigapose_global_rank_1|R1-20|rgb_recovery
1,229,1,0.489391848,-0.0342897016 -0.999205251 -0.0203244503 0.00594196807 0.0201322239 -0.999779669 0.999394271 -0.0344029137 0.00524691774,-4992.39245 1551.83291 31350.0671,0,0,0,factor_graph_prior,sequence_factor_graph|prior|gigapose_global_rank_0|uv0-48|rgb_recovery
1,230,1,0.885303806,-0.00966493085 -0.999171014 -0.0395458381 0.00941612872 0.0394549926 -0.999176981 0.999908959 -0.0100293451 0.00902699311,-4964.60789 1525.06025 30697.7274,0,0,0,factor_graph_prior,sequence_factor_graph|prior|gigapose_global_rank_1|uv1+48|rgb_recovery
1,231,1,1,0.00271275751 -0.998230318 -0.0594043245 0.00824365726 0.0594248481 -0.998198743 0.999962341 0.00221816225 0.00839027381,-4927.17384 1492.97002 30043.4756,0,0,0,factor_graph_prior,sequence_factor_graph|prior|gigapose_global_rank_1|rgb_recovery
1,232,1,0.940788819,-0.0331761171 -0.999390979 0.0108174059 0.00471853818 -0.0109798632 -0.999928586 0.999438383 -0.0331227055 0.00507993372,-4895.57693 1455.5581 29389.2185,0,0,0,factor_graph_prior,sequence_factor_graph|prior|gigapose_global_rank_0|uv0+48|rgb_recovery
1,233,1,1,-0.00809453336 -0.998918748 0.0457800654 -0.00511188566 -0.0457396308 -0.998940316 0.999954173 -0.00831997818 -0.00473611746,-4870.68484 1405.69867 28736.3833,0,0,0,factor_graph_prior,sequence_factor_graph|prior|gigapose_global_rank_1|uv1-48|rgb_recovery
1,234,1,0.947219094,-0.0264215814 -0.999647095 -0.00275405052 -0.0194915331 0.0032696636 -0.999804676 0.999460845 -0.02636274 -0.0195710441,-4939.58206 1368.84862 28730.696,0,0,0,factor_graph_prior,sequence_factor_graph|prior|gigapose_global_rank_1|rgb_recovery
1,235,1,0.935382752,-0.00336635933 -0.999839401 0.0176022613 0.048727787 -0.0177454617 -0.998654445 0.998806423 -0.00250411047 0.0487796989,-5102.23128 1369.86826 29372.1368,0,0,0,factor_graph_prior,sequence_factor_graph|prior|gigapose_global_rank_0|R1-20|rgb_recovery
1,236,1,0.524198427,0.00466685959 -0.99978476 0.0202151747 0.0554098834 -0.019925797 -0.998264848 0.998452786 0.00577888236 0.0553049661,-5152.69557 1408.98729 29286.9705,0,0,0,factor_graph_prior,sequence_factor_graph|prior|gigapose_global_rank_2|rgb_recovery
1,237,1,0.766767858,-0.00708431143 -0.999741978 0.0215821776 0.025526896 -0.0217564887 -0.999437358 0.999649033 -0.00652939949 0.0256744392,-5090.69582 1418.18498 28475.0674,0,0,0,factor_graph_prior,sequence_factor_graph|prior|gigapose_global_rank_0|uv1+48|rgb_recovery
1,238,1,0.943187667,0.00324506384 -0.998160967 0.0605322528 -0.000170650131 -0.0605331234 -0.998166174 0.99999472 0.00322878312 -0.00036677015,-5040.52034 1312.52246 27255.6221,0,0,0,factor_graph_prior,sequence_factor_graph|prior|gigapose_global_rank_1|R0-20|rgb_recovery
1,239,1,1,0.0131575554 -0.999564517 0.0264131595 0.0581790093 -0.0256054023 -0.997977738 0.998219456 0.0146676389 0.0578167689,-5030.24253 1213.93429 26442.7323,0,0,0,factor_graph_prior,sequence_factor_graph|prior|gigapose_global_rank_1|align_detection|rgb_recovery
1,240,1,0.748950483,-0.0110773459 -0.999909769 -0.00759909621 0.0445905184 0.007098042 -0.998980132 0.998943931 -0.0114048961 0.0445078675,-5016.46311 1239.20304 25531.2666,0,0,0,factor_graph_prior,sequence_factor_graph|prior|gigapose_global_rank_2|rgb_recovery
1,241,1,0.514860921,-0.0474103444 -0.997995218 -0.0419261753 0.0308833177 0.0404887626 -0.998702599 0.998397957 -0.0486436536 0.0289018172,-4946.60528 1254.15797 24520.4723,0,0,0,factor_graph_prior,sequence_factor_graph|prior|gigapose_global_rank_2|rgb_recovery
1,242,1,0.555458391,-0.0344903933 -0.999219979 -0.0192313901 0.024022254 0.0184084027 -0.999541926 0.999116282 -0.0349365755 0.0233686031,-4820.19883 1232.55636 23580.9466,0,0,0,factor_graph_prior,sequence_factor_graph|prior|gigapose_global_rank_2|align_detection|rgb_recovery
1,243,1,0.99363694,-0.023004216 -0.999603129 0.0162600992 0.0198281031 -0.0167173944 -0.999663631 0.99953872 -0.0226740712 0.0202048044,-4730.91978 1206.85082 22874.9969,0,0,0,factor_graph_prior,sequence_factor_graph|prior|gigapose_global_rank_2|align_detection|rgb_recovery
1,244,1,0.948815349,-0.0108215366 -0.999674054 -0.0231231334 0.0389097068 0.0226859991 -0.998985175 0.999184132 -0.011710269 0.0386515269,-4728.58743 1197.28122 22402.6411,0,0,0,factor_graph_prior,sequence_factor_graph|prior|gigapose_global_rank_1|uv0-48|rgb_recovery
1,245,1,1,-0.0144192672 -0.999800693 -0.0138079558 0.0469094978 0.0131177797 -0.998813007 0.998795066 -0.0150498759 0.0467109997,-4731.74525 1191.40541 22027.0118,0,0,0,factor_graph_prior,sequence_factor_graph|prior|gigapose_global_rank_1|uv0-48|rgb_recovery
1,246,1,0.965884218,-0.00844857627 -0.9997506 -0.0206726784 0.0536001866 0.0201909309 -0.998358326 0.998526736 -0.00954276588 0.0534162341,-4739.74039 1177.74652 21748.8111,0,0,0,factor_graph_prior,sequence_factor_graph|prior|gigapose_global_rank_2|rgb_recovery
1,247,1,0.4834518,-0.00224869758 -0.999613127 -0.0277225502 0.0805004464 0.027451696 -0.996376476 0.996752036 -0.00447222703 0.0804075724,-4862.06337 1186.59408 21856.297,0,0,0,factor_graph_prior,sequence_factor_graph|prior|gigapose_global_rank_3|rgb_recovery
1,248,1,0.576737054,-0.000319059395 -0.999820022 -0.0189689766 0.0236403822 0.0189561349 -0.999540793 0.999720476 -0.000767346738 0.0236300794,-5098.94101 1221.51238 22567.9921,0,0,0,factor_graph_prior,sequence_factor_graph|prior|gigapose_global_rank_2|align_detection|rgb_recovery
1,249,1,1,0.143298948 -0.98429197 0.10312482 -0.00774124278 -0.105311815 -0.994409118 0.989649173 0.141699466 -0.0227107154,-5444.31592 1254.69743 23883.4501,0,0,0,factor_graph_prior,sequence_factor_graph|prior|gigapose_global_rank_0|R1-20|rgb_recovery
1,250,1,0.634198799,0.16307464 -0.969872033 0.18098315 -0.0430719571 -0.190262259 -0.980787989 0.985673104 0.15214635 -0.0728012361,-5796.15984 1286.30041 24829.2991,0,0,0,factor_graph_prior,sequence_factor_graph|prior|gigapose_global_rank_0|uv1-48|rgb_recovery
1,251,1,0.506838585,0.313030313 -0.937434721 0.152407897 -0.0220844776 -0.167613959 -0.985605315 0.949486334 0.305158492 -0.073171006,-6147.01477 1322.11525 25406.1432,0,0,0,factor_graph_prior,sequence_factor_graph|prior|gigapose_global_rank_1|yaw+30|rgb_recovery
1,252,1,0.418595892,0.467004314 -0.871360604 0.150458196 -0.0379633726 -0.189752946 -0.981097652 0.883439728 0.452464935 -0.121695232,-6496.45088 1362.32657 26802.8765,0,0,0,factor_graph_prior,sequence_factor_graph|prior|gigapose_global_rank_0|R1+20|rgb_recovery
1,253,1,0.775313524,0.484189695 -0.860638598 0.157675433 -0.0504298473 -0.207358674 -0.976964283 0.87350854 0.465084491 -0.143802806,-6843.96664 1370.43271 27279.0796,0,0,0,factor_graph_prior,sequence_factor_graph|prior|gigapose_global_rank_1|R1+20|rgb_recovery
1,254,1,0.897047036,0.492784158 -0.852777304 0.17301631 -0.00832110888 -0.203443905 -0.979051243 0.870111793 0.481021255 -0.107349986,-6912.12138 1345.82206 26834.0649,0,0,0,factor_graph_prior,sequence_factor_graph|prior|gigapose_global_rank_0|R1+20|rgb_recovery
1,255,1,0.544597444,0.434994171 -0.882914321 0.17675512 -0.00340793621 -0.197912994 -0.980213667 0.900426819 0.425784862 -0.0890999146,-6700.89051 1306.54063 25767.1881,0,0,0,factor_graph_prior,sequence_factor_graph|prior|gigapose_global_rank_1|R1+20|rgb_recovery
1,256,1,0.886514959,0.436979084 -0.862934605 0.253758049 0.0843610055 -0.241556178 -0.966712901 0.89550684 0.443840603 -0.0327569664,-6717.50201 1315.45296 25639.4866,0,0,0,factor_graph_prior,sequence_factor_graph|prior|gigapose_global_rank_2|logz-0.35|rgb_recovery
1,257,1,0.730977286,0.413260557 -0.867347978 0.277350313 0.11010201 -0.254747719 -0.960719078 0.90393211 0.427564128 -0.00978042849,-6962.24891 1371.92342 26450.9424,0,0,0,factor_graph_prior,sequence_factor_graph|prior|gigapose_global_rank_0|R1+20|rgb_recovery
1,258,1,0.627058552,0.46480842 -0.865174576 0.188218188 -0.107534278 -0.266164814 -0.957910576 0.878856935 0.425004994 -0.21675157,-7212.96945 1443.29762 27697.3076,0,0,0,factor_graph_prior,sequence_factor_graph|prior|gigapose_global_rank_0|R0+45|rgb_recovery
1,259,1,0.9586889,0.438326911 -0.889263229 0.130692112 -0.0842686728 -0.185423031 -0.979038861 0.894856586 0.418125829 -0.156212937,-7439.8592 1558.889 28670.6265,0,0,0,factor_graph_prior,sequence_factor_graph|prior|gigapose_global_rank_1|logz+0.35|rgb_recovery
1,260,1,0.44298329,0.229086276 -0.968523701 0.0973720625 0.00501680572 -0.0988562229 -0.995089081 0.973393194 0.228449748 -0.0177877087,-7643.56164 1719.35858 29370.9446,0,0,0,factor_graph_prior,sequence_factor_graph|prior|gigapose_rank0_baseline|rgb_recovery
1,261,1,0.803564034,0.293652241 -0.922188295 0.251668651 0.0686575298 -0.2422487 -0.967781851 0.953443499 0.301470257 -0.00782170335,-7845.40323 1828.01661 30072.1307,0,0,0,factor_graph_prior,sequence_factor_graph|prior|gigapose_global_rank_0|logz+0.35|rgb_recovery
1,262,1,1,0.0331300042 -0.998809025 -0.0358180669 -0.0401860872 0.0344775181 -0.998597206 0.99864282 0.0345229176 -0.0389959863,-7988.51267 1849.3387 30774.46,0,0,0,factor_graph_prior,sequence_factor_graph|prior|gigapose_global_rank_0|R1-20|rgb_recovery
1,263,1,0.606890497,-0.232531722 -0.972583981 0.00306559494 -0.0405354719 0.00654213267 -0.999156682 0.971743728 -0.23245989 -0.040945404,-8072.37988 1782.54886 31123.6757,0,0,0,factor_graph_prior,sequence_factor_graph|prior|gigapose_global_rank_0|R1-20|rgb_recovery
1,264,1,0.95227898,-0.0173894837 -0.999398402 -0.0300073422 0.0103576695 0.0298302092 -0.999501314 0.999795141 -0.017691618 0.00983270639,-8120.20306 1762.8299 31120.4451,0,0,0,factor_graph_prior,sequence_factor_graph|prior|gigapose_global_rank_1|R1-20|rgb_recovery
1,265,1,0.549058041,0.0291415504 -0.998846959 -0.0381513184 0.0642841238 0.0399612862 -0.997131209 0.997506051 0.0266054253 0.0653745354,-8164.94183 1852.53672 31056.7821,0,0,0,factor_graph_prior,sequence_factor_graph|prior|gigapose_global_rank_2|logz-0.35|rgb_recovery
1,266,1,0.645862967,0.00843984967 -0.995722156 0.0920117224 0.00930164061 -0.0919328444 -0.995721764 0.999921121 0.00925960197 0.00848595025,-8243.12495 2051.7921 31427.9568,0,0,0,factor_graph_prior,sequence_factor_graph|prior|gigapose_global_rank_1|logz-0.35|rgb_recovery
1,267,1,1,0.00790121036 -0.995081683 0.0987421674 0.0098135372 -0.0986633322 -0.99507248 0.99992063 0.00883128692 0.00898571137,-8501.69624 2222.71589 32474.0742,0,0,0,factor_graph_prior,sequence_factor_graph|prior|gigapose_global_rank_1|R0-20|rgb_recovery
1,268,1,0.637606411,0.0419222469 -0.996893439 0.0666783108 0.060563192 -0.0640787465 -0.996105423 0.997283623 0.0457972288 0.0576887237,-8998.19097 2365.92405 34195.1926,0,0,0,factor_graph_prior,sequence_factor_graph|prior|gigapose_global_rank_1|flip180|rgb_recovery
1,269,1,0.627024417,0.0835046103 -0.981606543 0.17168452 -0.0450348131 -0.175827587 -0.983390322 0.995489249 0.0743858453 -0.0588888814,-9732.68381 2480.18514 36600.2238,0,0,0,factor_graph_prior,sequence_factor_graph|prior|gigapose_global_rank_1|uv0+48|rgb_recovery
1,270,1,0.367879441,0.0504955551 -0.984380511 0.168657071 0.00882382278 -0.168426187 -0.985674774 0.998685305 0.0512603949 0.000181225364,-10678.1379 2645.26532 39568.9207,0,0,0,factor_graph_prior,sequence_factor_graph|prior|gigapose_rank0_baseline|rgb_recovery
1,271,1,0.908167451,0.0545868339 -0.984730496 0.165306161 0.0606531377 -0.161977234 -0.984928714 0.996665177 0.0637904775 0.0508851701,-11833.0422 2860.67151 42129.983,0,0,0,factor_graph_prior,sequence_factor_graph|prior|gigapose_global_rank_1|uv1+48|rgb_recovery
1,272,1,0.816655985,0.0424632091 -0.98522397 0.165923492 0.207313117 -0.153769922 -0.966113908 0.977352622 0.0754224132 0.197720287,-12770.9868 3076.51045 44283.5694,0,0,0,factor_graph_prior,sequence_factor_graph|prior|gigapose_global_rank_2|rgb_recovery
1,273,1,0.79342481,-0.484220327 -0.805428444 0.341783113 0.275599914 -0.511154303 -0.814104395 0.830406745 -0.300010499 0.469487314,-13491.9274 3288.24759 46036.3473,0,0,0,factor_graph_prior,sequence_factor_graph|prior|gigapose_global_rank_0|R0-20|rgb_recovery
1,274,1,0.976692935,0.0839914461 -0.991869086 -0.0956093816 0.0439887317 0.0995455542 -0.994060196 0.995495067 0.079286818 0.0519920382,-14035.4834 3360.28732 47528.1008,0,0,0,factor_graph_prior,sequence_factor_graph|prior|gigapose_global_rank_1|R1-20|rgb_recovery
1,275,1,0.893553864,0.207133605 -0.975895662 -0.068726462 0.0401867821 0.0786782433 -0.996089733 0.977486927 0.203561762 0.0555150145,-14580.11 3429.14574 49043.259,0,0,0,factor_graph_prior,sequence_factor_graph|prior|gigapose_global_rank_1|R0-20|rgb_recovery
1,276,1,0.769713212,0.212339755 -0.977114373 0.0126226504 -0.0220863333 -0.0177127649 -0.999599146 0.976946274 0.21197585 -0.0253419978,-15126.1275 3495.96393 50582.2408,0,0,0,factor_graph_prior,sequence_factor_graph|prior|gigapose_global_rank_0|yaw-30|rgb_recovery
1,280,1,0.754650768,-0.937781802 -0.277866007 -0.208220492 0.0638724793 0.451389305 -0.890038202 0.341299865 -0.847961189 -0.405556685,3568.98968 3552.40655 21033.2838,0,0,0,factor_graph_prior,sequence_factor_graph|prior|gigapose_global_rank_2|rgb_recovery
1,281,1,0.549955089,-0.931620784 -0.278884384 -0.233036939 0.115364149 0.381121727 -0.917298939 0.34463579 -0.881458865 -0.322887662,3848.42078 3482.83814 21085.5947,0,0,0,factor_graph_prior,sequence_factor_graph|prior|gigapose_global_rank_1|flip180|rgb_recovery
1,282,1,0.622233484,-0.958681813 -0.213793317 -0.187674185 0.066103106 0.474239823 -0.87791057 0.276693985 -0.854042743 -0.440512691,3826.51706 3406.40778 20630.1955,0,0,0,factor_graph_prior,sequence_factor_graph|prior|gigapose_global_rank_2|rgb_recovery
1,283,1,0.531964755,-0.872225324 -0.467100444 -0.145052263 0.0480045467 0.213379511 -0.975789295 0.486742794 -0.858071302 -0.163692068,3492.27564 3326.29764 19664.3108,0,0,0,factor_graph_prior,sequence_factor_graph|prior|gigapose_global_rank_1|R1+45|rgb_recovery
1,284,1,0.367879441,-0.788317335 -0.607171746 0.0994899507 0.0933461856 -0.27785619 -0.95607658 0.608146585 -0.744404734 0.275716018,2382.4696 4296.70759 22756.0912,0,0,0,factor_graph_prior,sequence_factor_graph|prior|gigapose_rank0_baseline|rgb_recovery
1,285,1,0.879711789,-0.629586182 -0.773879281 -0.0687902506 0.0259768771 0.0675238369 -0.997379433 0.77649626 -0.629723265 -0.0224091077,497.232116 6323.80634 149725.484,0,0,0,factor_graph_prior,sequence_factor_graph|prior|gigapose_global_rank_0|uv0-48|rgb_recovery
