scene_id,im_id,match_key,score,aligned_translation_error_mm,aligned_rotation_error_deg,frame_transform_side,frame_transform_translation_norm_mm,frame_transform_reconstruction_max_abs,object_center_mode,pose_center_in_raw_cad_x_mm,pose_center_in_raw_cad_y_mm,pose_center_in_raw_cad_z_mm,mesh_aabb_center_x_mm,mesh_aabb_center_y_mm,mesh_aabb_center_z_mm,epnp_label_path,metadata_path,projection_model,distortion_model,bbox_match_mode,bbox_match_index,bbox_match_distance_px,corrected_center_minus_detection_du_px,corrected_center_minus_detection_dv_px,output
1,35,image_3603787821397,0.990977726,4467.342665573122,3.0187138648633876,right,3590.0557469971695,9.094947017729282e-13,epnp_raw,-241.1941141,0.9010172,332.92195200000003,6.891012191772461,0.003337860107421875,498.76601225696504,/home/anahita/gigapose/gigaPose_datasets/datasets/2026-05-18-v1-v4/stereo_left/EPnPv2_gt_mesh_z_hybrid_labels/3603787821397_0.json,/home/anahita/gigapose/gigaPose_datasets/datasets/2026-05-18-v1-v4/stereo_left/metadata/sample_3603787821397_0.yaml,metadata,plumb_bob,nearest_projected_center,0,5.648449896774288,-3.945390942164522,13.23975528425973,/home/anahita/gigapose/gigaPose_datasets/results/real_world_translation_cascade_scipy/20260518v1v4_stereo_left/with_camera_anchor/epnp_selection_iteration_0/overlays/000001_000035_epnp00.jpg
1,184,image_3691086064456,0.962814389,4329.076989156248,5.359642659011425,right,3590.0557474124653,7.275957614183426e-12,epnp_raw,-241.1941141,0.9010172,332.92195200000003,6.891012191772461,0.003337860107421875,498.76601225696504,/home/anahita/gigapose/gigaPose_datasets/datasets/2026-05-18-v1-v4/stereo_left/EPnPv2_gt_mesh_z_hybrid_labels/3691086064456_0.json,/home/anahita/gigapose/gigaPose_datasets/datasets/2026-05-18-v1-v4/stereo_left/metadata/sample_3691086064456_0.yaml,metadata,plumb_bob,nearest_projected_center,0,20.278732818241057,-1.4359061795216803,36.849410763166816,/home/anahita/gigapose/gigaPose_datasets/results/real_world_translation_cascade_scipy/20260518v1v4_stereo_left/with_camera_anchor/epnp_selection_iteration_0/overlays/000001_000184_epnp00.jpg
1,58,image_3606184787109,0.977501785,3830.7085808582488,4.201643357771383,right,3590.055747272943,9.094947017729282e-13,epnp_raw,-241.1941141,0.9010172,332.92195200000003,6.891012191772461,0.003337860107421875,498.76601225696504,/home/anahita/gigapose/gigaPose_datasets/datasets/2026-05-18-v1-v4/stereo_left/EPnPv2_gt_mesh_z_hybrid_labels/3606184787109_0.json,/home/anahita/gigapose/gigaPose_datasets/datasets/2026-05-18-v1-v4/stereo_left/metadata/sample_3606184787109_0.yaml,metadata,plumb_bob,nearest_projected_center,0,6.52220164293473,-4.099313781490878,9.121738327711398,/home/anahita/gigapose/gigaPose_datasets/results/real_world_translation_cascade_scipy/20260518v1v4_stereo_left/with_camera_anchor/epnp_selection_iteration_0/overlays/000001_000058_epnp00.jpg
1,54,image_3605783625839,0.635433518,3806.1368282084372,4.917907814645519,right,3590.055747020051,2.9103830456733704e-11,epnp_raw,-241.1941141,0.9010172,332.92195200000003,6.891012191772461,0.003337860107421875,498.76601225696504,/home/anahita/gigapose/gigaPose_datasets/datasets/2026-05-18-v1-v4/stereo_left/EPnPv2_gt_mesh_z_hybrid_labels/3605783625839_0.json,/home/anahita/gigapose/gigaPose_datasets/datasets/2026-05-18-v1-v4/stereo_left/metadata/sample_3605783625839_0.yaml,metadata,plumb_bob,nearest_projected_center,0,5.3075107060219615,-2.925343275214118,10.405214119545008,/home/anahita/gigapose/gigaPose_datasets/results/real_world_translation_cascade_scipy/20260518v1v4_stereo_left/with_camera_anchor/epnp_selection_iteration_0/overlays/000001_000054_epnp00.jpg
1,185,image_3691201356298,0.604899486,3804.6854774990115,5.166296661682797,right,3590.0557473639333,7.275957614183426e-12,epnp_raw,-241.1941141,0.9010172,332.92195200000003,6.891012191772461,0.003337860107421875,498.76601225696504,/home/anahita/gigapose/gigaPose_datasets/datasets/2026-05-18-v1-v4/stereo_left/EPnPv2_gt_mesh_z_hybrid_labels/3691201356298_0.json,/home/anahita/gigapose/gigaPose_datasets/datasets/2026-05-18-v1-v4/stereo_left/metadata/sample_3691201356298_0.yaml,metadata,plumb_bob,nearest_projected_center,0,21.12136571166937,1.7011044575691585,34.98498703527844,/home/anahita/gigapose/gigaPose_datasets/results/real_world_translation_cascade_scipy/20260518v1v4_stereo_left/with_camera_anchor/epnp_selection_iteration_0/overlays/000001_000185_epnp00.jpg
1,125,image_3613599058398,0.573668918,3666.635831138269,4.02848478816295,right,3590.055747241067,5.4569682106375694e-12,epnp_raw,-241.1941141,0.9010172,332.92195200000003,6.891012191772461,0.003337860107421875,498.76601225696504,/home/anahita/gigapose/gigaPose_datasets/datasets/2026-05-18-v1-v4/stereo_left/EPnPv2_gt_mesh_z_hybrid_labels/3613599058398_0.json,/home/anahita/gigapose/gigaPose_datasets/datasets/2026-05-18-v1-v4/stereo_left/metadata/sample_3613599058398_0.yaml,metadata,plumb_bob,nearest_projected_center,0,4.238662151278199,-7.535003384569109,5.1023102640346,/home/anahita/gigapose/gigaPose_datasets/results/real_world_translation_cascade_scipy/20260518v1v4_stereo_left/with_camera_anchor/epnp_selection_iteration_0/overlays/000001_000125_epnp00.jpg
1,53,image_3605690519740,0.938722968,3562.968108982987,4.007872613763469,right,3590.0557472955006,2.9103830456733704e-11,epnp_raw,-241.1941141,0.9010172,332.92195200000003,6.891012191772461,0.003337860107421875,498.76601225696504,/home/anahita/gigapose/gigaPose_datasets/datasets/2026-05-18-v1-v4/stereo_left/EPnPv2_gt_mesh_z_hybrid_labels/3605690519740_0.json,/home/anahita/gigapose/gigaPose_datasets/datasets/2026-05-18-v1-v4/stereo_left/metadata/sample_3605690519740_0.yaml,metadata,plumb_bob,nearest_projected_center,0,3.332663795602333,-3.598382290693962,8.577732559809874,/home/anahita/gigapose/gigaPose_datasets/results/real_world_translation_cascade_scipy/20260518v1v4_stereo_left/with_camera_anchor/epnp_selection_iteration_0/overlays/000001_000053_epnp00.jpg
1,36,image_3603890705673,0.996551908,3225.8305503850843,3.3486752070687755,right,3590.0557477593184,9.094947017729282e-13,epnp_raw,-241.1941141,0.9010172,332.92195200000003,6.891012191772461,0.003337860107421875,498.76601225696504,/home/anahita/gigapose/gigaPose_datasets/datasets/2026-05-18-v1-v4/stereo_left/EPnPv2_gt_mesh_z_hybrid_labels/3603890705673_0.json,/home/anahita/gigapose/gigaPose_datasets/datasets/2026-05-18-v1-v4/stereo_left/metadata/sample_3603890705673_0.yaml,metadata,plumb_bob,nearest_projected_center,0,7.165674780678165,-4.6086070990878625,12.96130301681336,/home/anahita/gigapose/gigaPose_datasets/results/real_world_translation_cascade_scipy/20260518v1v4_stereo_left/with_camera_anchor/epnp_selection_iteration_0/overlays/000001_000036_epnp00.jpg
1,41,image_3604484785784,0.983838442,3214.306748476496,1.943447742655895,right,3590.055747167758,2.9103830456733704e-11,epnp_raw,-241.1941141,0.9010172,332.92195200000003,6.891012191772461,0.003337860107421875,498.76601225696504,/home/anahita/gigapose/gigaPose_datasets/datasets/2026-05-18-v1-v4/stereo_left/EPnPv2_gt_mesh_z_hybrid_labels/3604484785784_0.json,/home/anahita/gigapose/gigaPose_datasets/datasets/2026-05-18-v1-v4/stereo_left/metadata/sample_3604484785784_0.yaml,metadata,plumb_bob,nearest_projected_center,0,5.024489841588382,-2.521901901463366,12.440944214549745,/home/anahita/gigapose/gigaPose_datasets/results/real_world_translation_cascade_scipy/20260518v1v4_stereo_left/with_camera_anchor/epnp_selection_iteration_0/overlays/000001_000041_epnp00.jpg
1,181,image_3690792471416,0.484369529,3192.4318717022124,5.051492815277295,right,3590.0557474215902,7.275957614183426e-12,epnp_raw,-241.1941141,0.9010172,332.92195200000003,6.891012191772461,0.003337860107421875,498.76601225696504,/home/anahita/gigapose/gigaPose_datasets/datasets/2026-05-18-v1-v4/stereo_left/EPnPv2_gt_mesh_z_hybrid_labels/3690792471416_0.json,/home/anahita/gigapose/gigaPose_datasets/datasets/2026-05-18-v1-v4/stereo_left/metadata/sample_3690792471416_0.yaml,metadata,plumb_bob,nearest_projected_center,0,15.913361534362615,1.8693991850482234,35.23105315629982,/home/anahita/gigapose/gigaPose_datasets/results/real_world_translation_cascade_scipy/20260518v1v4_stereo_left/with_camera_anchor/epnp_selection_iteration_0/overlays/000001_000181_epnp00.jpg
1,81,image_3608483849346,0.978402741,3045.5687600752526,19.398471234918635,right,3590.0557473226513,9.094947017729282e-13,epnp_raw,-241.1941141,0.9010172,332.92195200000003,6.891012191772461,0.003337860107421875,498.76601225696504,/home/anahita/gigapose/gigaPose_datasets/datasets/2026-05-18-v1-v4/stereo_left/EPnPv2_gt_mesh_z_hybrid_labels/3608483849346_0.json,/home/anahita/gigapose/gigaPose_datasets/datasets/2026-05-18-v1-v4/stereo_left/metadata/sample_3608483849346_0.yaml,metadata,plumb_bob,nearest_projected_center,0,5.207805260123041,-5.334907271758198,9.52062621175088,/home/anahita/gigapose/gigaPose_datasets/results/real_world_translation_cascade_scipy/20260518v1v4_stereo_left/with_camera_anchor/epnp_selection_iteration_0/overlays/000001_000081_epnp00.jpg
1,52,image_3605583369862,0.967807162,3021.1496950435285,2.0010351371589756,right,3590.055747406235,9.094947017729282e-13,epnp_raw,-241.1941141,0.9010172,332.92195200000003,6.891012191772461,0.003337860107421875,498.76601225696504,/home/anahita/gigapose/gigaPose_datasets/datasets/2026-05-18-v1-v4/stereo_left/EPnPv2_gt_mesh_z_hybrid_labels/3605583369862_0.json,/home/anahita/gigapose/gigaPose_datasets/datasets/2026-05-18-v1-v4/stereo_left/metadata/sample_3605583369862_0.yaml,metadata,plumb_bob,nearest_projected_center,0,4.475891375754033,-1.2557603506594432,8.824791165833346,/home/anahita/gigapose/gigaPose_datasets/results/real_world_translation_cascade_scipy/20260518v1v4_stereo_left/with_camera_anchor/epnp_selection_iteration_0/overlays/000001_000052_epnp00.jpg
1,186,image_3691285612660,0.479245823,2941.9993821688145,6.656130505075349,right,3590.0557473685494,7.275957614183426e-12,epnp_raw,-241.1941141,0.9010172,332.92195200000003,6.891012191772461,0.003337860107421875,498.76601225696504,/home/anahita/gigapose/gigaPose_datasets/datasets/2026-05-18-v1-v4/stereo_left/EPnPv2_gt_mesh_z_hybrid_labels/3691285612660_0.json,/home/anahita/gigapose/gigaPose_datasets/datasets/2026-05-18-v1-v4/stereo_left/metadata/sample_3691285612660_0.yaml,metadata,plumb_bob,nearest_projected_center,0,16.750551239006064,-1.5175878795099607,35.83795759279178,/home/anahita/gigapose/gigaPose_datasets/results/real_world_translation_cascade_scipy/20260518v1v4_stereo_left/with_camera_anchor/epnp_selection_iteration_0/overlays/000001_000186_epnp00.jpg
1,80,image_3608386985759,0.367879441,2940.8441623948897,20.147619523369702,right,3590.055747812427,2.9103830456733704e-11,epnp_raw,-241.1941141,0.9010172,332.92195200000003,6.891012191772461,0.003337860107421875,498.76601225696504,/home/anahita/gigapose/gigaPose_datasets/datasets/2026-05-18-v1-v4/stereo_left/EPnPv2_gt_mesh_z_hybrid_labels/3608386985759_0.json,/home/anahita/gigapose/gigaPose_datasets/datasets/2026-05-18-v1-v4/stereo_left/metadata/sample_3608386985759_0.yaml,metadata,plumb_bob,nearest_projected_center,0,5.7577086523980645,-4.519426278835908,10.700834437857793,/home/anahita/gigapose/gigaPose_datasets/results/real_world_translation_cascade_scipy/20260518v1v4_stereo_left/with_camera_anchor/epnp_selection_iteration_0/overlays/000001_000080_epnp00.jpg
1,123,image_3612786256803,0.616416079,2846.686443490532,5.440520983239137,right,3590.0557472032347,1.8189894035458565e-12,epnp_raw,-241.1941141,0.9010172,332.92195200000003,6.891012191772461,0.003337860107421875,498.76601225696504,/home/anahita/gigapose/gigaPose_datasets/datasets/2026-05-18-v1-v4/stereo_left/EPnPv2_gt_mesh_z_hybrid_labels/3612786256803_0.json,/home/anahita/gigapose/gigaPose_datasets/datasets/2026-05-18-v1-v4/stereo_left/metadata/sample_3612786256803_0.yaml,metadata,plumb_bob,nearest_projected_center,0,1.7865318122115046,-10.077395023396548,8.991287863242292,/home/anahita/gigapose/gigaPose_datasets/results/real_world_translation_cascade_scipy/20260518v1v4_stereo_left/with_camera_anchor/epnp_selection_iteration_0/overlays/000001_000123_epnp00.jpg
1,42,image_3604600248883,0.976747853,2713.9584011734696,4.2778247806828285,right,3590.055747294891,9.094947017729282e-13,epnp_raw,-241.1941141,0.9010172,332.92195200000003,6.891012191772461,0.003337860107421875,498.76601225696504,/home/anahita/gigapose/gigaPose_datasets/datasets/2026-05-18-v1-v4/stereo_left/EPnPv2_gt_mesh_z_hybrid_labels/3604600248883_0.json,/home/anahita/gigapose/gigaPose_datasets/datasets/2026-05-18-v1-v4/stereo_left/metadata/sample_3604600248883_0.yaml,metadata,plumb_bob,nearest_projected_center,0,6.069239247196366,-2.7238999545003253,11.581478087562687,/home/anahita/gigapose/gigaPose_datasets/results/real_world_translation_cascade_scipy/20260518v1v4_stereo_left/with_camera_anchor/epnp_selection_iteration_0/overlays/000001_000042_epnp00.jpg
1,249,image_3698297754339,1.0,2707.685153130178,13.650729475762754,right,3590.0557473997674,1.8189894035458565e-12,epnp_raw,-241.1941141,0.9010172,332.92195200000003,6.891012191772461,0.003337860107421875,498.76601225696504,/home/anahita/gigapose/gigaPose_datasets/datasets/2026-05-18-v1-v4/stereo_left/EPnPv2_gt_mesh_z_hybrid_labels/3698297754339_0.json,/home/anahita/gigapose/gigaPose_datasets/datasets/2026-05-18-v1-v4/stereo_left/metadata/sample_3698297754339_0.yaml,metadata,plumb_bob,nearest_projected_center,0,36.67176309721803,-98.716305880861,52.198721450568996,/home/anahita/gigapose/gigaPose_datasets/results/real_world_translation_cascade_scipy/20260518v1v4_stereo_left/with_camera_anchor/epnp_selection_iteration_0/overlays/000001_000249_epnp00.jpg
1,37,image_3603986936980,0.98536947,2695.3727030931886,5.145139724757821,right,3590.0557474994903,9.094947017729282e-13,epnp_raw,-241.1941141,0.9010172,332.92195200000003,6.891012191772461,0.003337860107421875,498.76601225696504,/home/anahita/gigapose/gigaPose_datasets/datasets/2026-05-18-v1-v4/stereo_left/EPnPv2_gt_mesh_z_hybrid_labels/3603986936980_0.json,/home/anahita/gigapose/gigaPose_datasets/datasets/2026-05-18-v1-v4/stereo_left/metadata/sample_3603986936980_0.yaml,metadata,plumb_bob,nearest_projected_center,0,4.594602605667629,-3.855363913976703,13.623689631598666,/home/anahita/gigapose/gigaPose_datasets/results/real_world_translation_cascade_scipy/20260518v1v4_stereo_left/with_camera_anchor/epnp_selection_iteration_0/overlays/000001_000037_epnp00.jpg
1,55,image_3605894848291,0.942557634,2558.372432672257,5.766158536147868,right,3590.0557477953316,2.220446049250313e-16,epnp_raw,-241.1941141,0.9010172,332.92195200000003,6.891012191772461,0.003337860107421875,498.76601225696504,/home/anahita/gigapose/gigaPose_datasets/datasets/2026-05-18-v1-v4/stereo_left/EPnPv2_gt_mesh_z_hybrid_labels/3605894848291_0.json,/home/anahita/gigapose/gigaPose_datasets/datasets/2026-05-18-v1-v4/stereo_left/metadata/sample_3605894848291_0.yaml,metadata,plumb_bob,nearest_projected_center,0,5.912377175175508,-2.0487800548230553,8.956512969614323,/home/anahita/gigapose/gigaPose_datasets/results/real_world_translation_cascade_scipy/20260518v1v4_stereo_left/with_camera_anchor/epnp_selection_iteration_0/overlays/000001_000055_epnp00.jpg
1,40,image_3604286201401,0.991962834,2527.5255618279234,2.701756385077955,right,3590.055747818328,6.938893903907228e-18,epnp_raw,-241.1941141,0.9010172,332.92195200000003,6.891012191772461,0.003337860107421875,498.76601225696504,/home/anahita/gigapose/gigaPose_datasets/datasets/2026-05-18-v1-v4/stereo_left/EPnPv2_gt_mesh_z_hybrid_labels/3604286201401_0.json,/home/anahita/gigapose/gigaPose_datasets/datasets/2026-05-18-v1-v4/stereo_left/metadata/sample_3604286201401_0.yaml,metadata,plumb_bob,nearest_projected_center,0,6.145592360554685,-1.9414561799083003,12.509550245274113,/home/anahita/gigapose/gigaPose_datasets/results/real_world_translation_cascade_scipy/20260518v1v4_stereo_left/with_camera_anchor/epnp_selection_iteration_0/overlays/000001_000040_epnp00.jpg
1,187,image_3691385902305,0.92266003,2506.8580795938556,6.3757274469137695,right,3590.055747402247,7.275957614183426e-12,epnp_raw,-241.1941141,0.9010172,332.92195200000003,6.891012191772461,0.003337860107421875,498.76601225696504,/home/anahita/gigapose/gigaPose_datasets/datasets/2026-05-18-v1-v4/stereo_left/EPnPv2_gt_mesh_z_hybrid_labels/3691385902305_0.json,/home/anahita/gigapose/gigaPose_datasets/datasets/2026-05-18-v1-v4/stereo_left/metadata/sample_3691385902305_0.yaml,metadata,plumb_bob,nearest_projected_center,0,16.704426666346013,-1.9303653435692922,35.79961021098757,/home/anahita/gigapose/gigaPose_datasets/results/real_world_translation_cascade_scipy/20260518v1v4_stereo_left/with_camera_anchor/epnp_selection_iteration_0/overlays/000001_000187_epnp00.jpg
1,65,image_3606885756282,0.643783412,2452.767798291089,5.24599373249539,right,3590.0557472019154,2.9103830456733704e-11,epnp_raw,-241.1941141,0.9010172,332.92195200000003,6.891012191772461,0.003337860107421875,498.76601225696504,/home/anahita/gigapose/gigaPose_datasets/datasets/2026-05-18-v1-v4/stereo_left/EPnPv2_gt_mesh_z_hybrid_labels/3606885756282_0.json,/home/anahita/gigapose/gigaPose_datasets/datasets/2026-05-18-v1-v4/stereo_left/metadata/sample_3606885756282_0.yaml,metadata,plumb_bob,nearest_projected_center,0,2.8331525352580083,-3.3715764636663152,10.285466762793533,/home/anahita/gigapose/gigaPose_datasets/results/real_world_translation_cascade_scipy/20260518v1v4_stereo_left/with_camera_anchor/epnp_selection_iteration_0/overlays/000001_000065_epnp00.jpg
1,70,image_3607383813300,0.997443523,2418.629754240066,9.012829602974396,right,3590.0557472523187,2.9103830456733704e-11,epnp_raw,-241.1941141,0.9010172,332.92195200000003,6.891012191772461,0.003337860107421875,498.76601225696504,/home/anahita/gigapose/gigaPose_datasets/datasets/2026-05-18-v1-v4/stereo_left/EPnPv2_gt_mesh_z_hybrid_labels/3607383813300_0.json,/home/anahita/gigapose/gigaPose_datasets/datasets/2026-05-18-v1-v4/stereo_left/metadata/sample_3607383813300_0.yaml,metadata,plumb_bob,nearest_projected_center,0,11.16264545368389,-2.9668119648940774,8.58081282562216,/home/anahita/gigapose/gigaPose_datasets/results/real_world_translation_cascade_scipy/20260518v1v4_stereo_left/with_camera_anchor/epnp_selection_iteration_0/overlays/000001_000070_epnp00.jpg
1,180,image_3690687028739,0.487268122,2317.786215207076,9.214925085392654,right,3590.0557474332863,7.275957614183426e-12,epnp_raw,-241.1941141,0.9010172,332.92195200000003,6.891012191772461,0.003337860107421875,498.76601225696504,/home/anahita/gigapose/gigaPose_datasets/datasets/2026-05-18-v1-v4/stereo_left/EPnPv2_gt_mesh_z_hybrid_labels/3690687028739_0.json,/home/anahita/gigapose/gigaPose_datasets/datasets/2026-05-18-v1-v4/stereo_left/metadata/sample_3690687028739_0.yaml,metadata,plumb_bob,nearest_projected_center,0,15.868512534805717,-3.334640372202898,35.62320526718395,/home/anahita/gigapose/gigaPose_datasets/results/real_world_translation_cascade_scipy/20260518v1v4_stereo_left/with_camera_anchor/epnp_selection_iteration_0/overlays/000001_000180_epnp00.jpg
1,188,image_3691492963975,0.992892768,2230.5317121857574,2.7650655178299752,right,3590.0557473970694,7.275957614183426e-12,epnp_raw,-241.1941141,0.9010172,332.92195200000003,6.891012191772461,0.003337860107421875,498.76601225696504,/home/anahita/gigapose/gigaPose_datasets/datasets/2026-05-18-v1-v4/stereo_left/EPnPv2_gt_mesh_z_hybrid_labels/3691492963975_0.json,/home/anahita/gigapose/gigaPose_datasets/datasets/2026-05-18-v1-v4/stereo_left/metadata/sample_3691492963975_0.yaml,metadata,plumb_bob,nearest_projected_center,0,12.961945693990668,-3.7284473716938464,32.42369530598137,/home/anahita/gigapose/gigaPose_datasets/results/real_world_translation_cascade_scipy/20260518v1v4_stereo_left/with_camera_anchor/epnp_selection_iteration_0/overlays/000001_000188_epnp00.jpg
1,124,image_3613086458588,0.566112728,2226.735137566412,3.1708941901500665,right,3590.0557471634493,1.4551915228366852e-11,epnp_raw,-241.1941141,0.9010172,332.92195200000003,6.891012191772461,0.003337860107421875,498.76601225696504,/home/anahita/gigapose/gigaPose_datasets/datasets/2026-05-18-v1-v4/stereo_left/EPnPv2_gt_mesh_z_hybrid_labels/3613086458588_0.json,/home/anahita/gigapose/gigaPose_datasets/datasets/2026-05-18-v1-v4/stereo_left/metadata/sample_3613086458588_0.yaml,metadata,plumb_bob,nearest_projected_center,0,2.1857560093198405,-10.577719584868419,7.881195658258889,/home/anahita/gigapose/gigaPose_datasets/results/real_world_translation_cascade_scipy/20260518v1v4_stereo_left/with_camera_anchor/epnp_selection_iteration_0/overlays/000001_000124_epnp00.jpg
1,57,image_3606094583238,0.982148289,2146.264343233375,4.013059117473972,right,3590.055747781712,2.9103830456733704e-11,epnp_raw,-241.1941141,0.9010172,332.92195200000003,6.891012191772461,0.003337860107421875,498.76601225696504,/home/anahita/gigapose/gigaPose_datasets/datasets/2026-05-18-v1-v4/stereo_left/EPnPv2_gt_mesh_z_hybrid_labels/3606094583238_0.json,/home/anahita/gigapose/gigaPose_datasets/datasets/2026-05-18-v1-v4/stereo_left/metadata/sample_3606094583238_0.yaml,metadata,plumb_bob,nearest_projected_center,0,7.013781089450274,-3.751092503714176,8.840782759620197,/home/anahita/gigapose/gigaPose_datasets/results/real_world_translation_cascade_scipy/20260518v1v4_stereo_left/with_camera_anchor/epnp_selection_iteration_0/overlays/000001_000057_epnp00.jpg
1,68,image_3607185006802,0.968369711,2080.923654412876,6.869893607601692,right,3590.0557473832737,2.9103830456733704e-11,epnp_raw,-241.1941141,0.9010172,332.92195200000003,6.891012191772461,0.003337860107421875,498.76601225696504,/home/anahita/gigapose/gigaPose_datasets/datasets/2026-05-18-v1-v4/stereo_left/EPnPv2_gt_mesh_z_hybrid_labels/3607185006802_0.json,/home/anahita/gigapose/gigaPose_datasets/datasets/2026-05-18-v1-v4/stereo_left/metadata/sample_3607185006802_0.yaml,metadata,plumb_bob,nearest_projected_center,0,8.063397203974818,-3.8912761480631843,8.345315209356727,/home/anahita/gigapose/gigaPose_datasets/results/real_world_translation_cascade_scipy/20260518v1v4_stereo_left/with_camera_anchor/epnp_selection_iteration_0/overlays/000001_000068_epnp00.jpg
1,236,image_3696703759031,0.524198427,2026.6184043221979,3.9961639149855026,right,3590.05574744111,9.094947017729282e-13,epnp_raw,-241.1941141,0.9010172,332.92195200000003,6.891012191772461,0.003337860107421875,498.76601225696504,/home/anahita/gigapose/gigaPose_datasets/datasets/2026-05-18-v1-v4/stereo_left/EPnPv2_gt_mesh_z_hybrid_labels/3696703759031_0.json,/home/anahita/gigapose/gigaPose_datasets/datasets/2026-05-18-v1-v4/stereo_left/metadata/sample_3696703759031_0.yaml,metadata,plumb_bob,nearest_projected_center,0,41.65530881827634,-35.76492701373286,41.41114341218292,/home/anahita/gigapose/gigaPose_datasets/results/real_world_translation_cascade_scipy/20260518v1v4_stereo_left/with_camera_anchor/epnp_selection_iteration_0/overlays/000001_000236_epnp00.jpg
1,43,image_3604683245122,0.989056839,2010.1715513017964,5.677513044904261,right,3590.0557471712673,3.637978807091713e-12,epnp_raw,-241.1941141,0.9010172,332.92195200000003,6.891012191772461,0.003337860107421875,498.76601225696504,/home/anahita/gigapose/gigaPose_datasets/datasets/2026-05-18-v1-v4/stereo_left/EPnPv2_gt_mesh_z_hybrid_labels/3604683245122_0.json,/home/anahita/gigapose/gigaPose_datasets/datasets/2026-05-18-v1-v4/stereo_left/metadata/sample_3604683245122_0.yaml,metadata,plumb_bob,nearest_projected_center,0,5.462358900560589,-2.661967981026237,10.856112913731181,/home/anahita/gigapose/gigaPose_datasets/results/real_world_translation_cascade_scipy/20260518v1v4_stereo_left/with_camera_anchor/epnp_selection_iteration_0/overlays/000001_000043_epnp00.jpg
1,175,image_3690194591378,1.0,1982.8058448837883,7.434800805375548,right,3590.0557474265697,1.4551915228366852e-11,epnp_raw,-241.1941141,0.9010172,332.92195200000003,6.891012191772461,0.003337860107421875,498.76601225696504,/home/anahita/gigapose/gigaPose_datasets/datasets/2026-05-18-v1-v4/stereo_left/EPnPv2_gt_mesh_z_hybrid_labels/3690194591378_0.json,/home/anahita/gigapose/gigaPose_datasets/datasets/2026-05-18-v1-v4/stereo_left/metadata/sample_3690194591378_0.yaml,metadata,plumb_bob,nearest_projected_center,0,5.977305982414133,1.3564951005093917,34.80023123957278,/home/anahita/gigapose/gigaPose_datasets/results/real_world_translation_cascade_scipy/20260518v1v4_stereo_left/with_camera_anchor/epnp_selection_iteration_0/overlays/000001_000175_epnp00.jpg
1,179,image_3690585940424,0.43857907,1861.0173174967592,7.427204850490709,right,3590.055747366538,7.275957614183426e-12,epnp_raw,-241.1941141,0.9010172,332.92195200000003,6.891012191772461,0.003337860107421875,498.76601225696504,/home/anahita/gigapose/gigaPose_datasets/datasets/2026-05-18-v1-v4/stereo_left/EPnPv2_gt_mesh_z_hybrid_labels/3690585940424_0.json,/home/anahita/gigapose/gigaPose_datasets/datasets/2026-05-18-v1-v4/stereo_left/metadata/sample_3690585940424_0.yaml,metadata,plumb_bob,nearest_projected_center,0,8.187767043476196,-2.2896576675899496,31.45539755344629,/home/anahita/gigapose/gigaPose_datasets/results/real_world_translation_cascade_scipy/20260518v1v4_stereo_left/with_camera_anchor/epnp_selection_iteration_0/overlays/000001_000179_epnp00.jpg
1,222,image_3695188678163,0.69852619,1832.4331836011474,4.279653212092559,right,3590.0557474259663,2.220446049250313e-16,epnp_raw,-241.1941141,0.9010172,332.92195200000003,6.891012191772461,0.003337860107421875,498.76601225696504,/home/anahita/gigapose/gigaPose_datasets/datasets/2026-05-18-v1-v4/stereo_left/EPnPv2_gt_mesh_z_hybrid_labels/3695188678163_0.json,/home/anahita/gigapose/gigaPose_datasets/datasets/2026-05-18-v1-v4/stereo_left/metadata/sample_3695188678163_0.yaml,metadata,plumb_bob,nearest_projected_center,0,30.323887368128823,1.5301964093531524,44.73069913106224,/home/anahita/gigapose/gigaPose_datasets/results/real_world_translation_cascade_scipy/20260518v1v4_stereo_left/with_camera_anchor/epnp_selection_iteration_0/overlays/000001_000222_epnp00.jpg
1,189,image_3691585889610,0.998699097,1758.7941528852084,2.1604195419377037,right,3590.0557474535813,2.2737367544323206e-13,epnp_raw,-241.1941141,0.9010172,332.92195200000003,6.891012191772461,0.003337860107421875,498.76601225696504,/home/anahita/gigapose/gigaPose_datasets/datasets/2026-05-18-v1-v4/stereo_left/EPnPv2_gt_mesh_z_hybrid_labels/3691585889610_0.json,/home/anahita/gigapose/gigaPose_datasets/datasets/2026-05-18-v1-v4/stereo_left/metadata/sample_3691585889610_0.yaml,metadata,plumb_bob,nearest_projected_center,0,12.895383263567535,-1.3266763625557587,33.01368019715483,/home/anahita/gigapose/gigaPose_datasets/results/real_world_translation_cascade_scipy/20260518v1v4_stereo_left/with_camera_anchor/epnp_selection_iteration_0/overlays/000001_000189_epnp00.jpg
1,210,image_3693695764483,0.995558578,1690.1303261938497,2.686589763247797,right,3590.0557473846943,1.1102230246251565e-16,epnp_raw,-241.1941141,0.9010172,332.92195200000003,6.891012191772461,0.003337860107421875,498.76601225696504,/home/anahita/gigapose/gigaPose_datasets/datasets/2026-05-18-v1-v4/stereo_left/EPnPv2_gt_mesh_z_hybrid_labels/3693695764483_0.json,/home/anahita/gigapose/gigaPose_datasets/datasets/2026-05-18-v1-v4/stereo_left/metadata/sample_3693695764483_0.yaml,metadata,plumb_bob,nearest_projected_center,0,27.690174357726544,4.085198932627804,37.950686566466004,/home/anahita/gigapose/gigaPose_datasets/results/real_world_translation_cascade_scipy/20260518v1v4_stereo_left/with_camera_anchor/epnp_selection_iteration_0/overlays/000001_000210_epnp00.jpg
1,211,image_3693796082185,0.510671259,1646.3241233952458,5.222626698968776,right,3590.0557473849217,2.220446049250313e-16,epnp_raw,-241.1941141,0.9010172,332.92195200000003,6.891012191772461,0.003337860107421875,498.76601225696504,/home/anahita/gigapose/gigaPose_datasets/datasets/2026-05-18-v1-v4/stereo_left/EPnPv2_gt_mesh_z_hybrid_labels/3693796082185_0.json,/home/anahita/gigapose/gigaPose_datasets/datasets/2026-05-18-v1-v4/stereo_left/metadata/sample_3693796082185_0.yaml,metadata,plumb_bob,nearest_projected_center,0,26.105779442555498,-7.057038789571493,37.220917332253464,/home/anahita/gigapose/gigaPose_datasets/results/real_world_translation_cascade_scipy/20260518v1v4_stereo_left/with_camera_anchor/epnp_selection_iteration_0/overlays/000001_000211_epnp00.jpg
1,38,image_3604087086254,0.977991828,1644.1830679992865,3.0763667650080517,right,3590.0557477415646,2.9103830456733704e-11,epnp_raw,-241.1941141,0.9010172,332.92195200000003,6.891012191772461,0.003337860107421875,498.76601225696504,/home/anahita/gigapose/gigaPose_datasets/datasets/2026-05-18-v1-v4/stereo_left/EPnPv2_gt_mesh_z_hybrid_labels/3604087086254_0.json,/home/anahita/gigapose/gigaPose_datasets/datasets/2026-05-18-v1-v4/stereo_left/metadata/sample_3604087086254_0.yaml,metadata,plumb_bob,nearest_projected_center,0,8.098966058504327,-3.097130620781627,13.538331196144043,/home/anahita/gigapose/gigaPose_datasets/results/real_world_translation_cascade_scipy/20260518v1v4_stereo_left/with_camera_anchor/epnp_selection_iteration_0/overlays/000001_000038_epnp00.jpg
1,219,image_3694887761269,0.918077765,1628.3654588761283,3.5851961355355866,right,3590.0557474424804,4.547473508864641e-13,epnp_raw,-241.1941141,0.9010172,332.92195200000003,6.891012191772461,0.003337860107421875,498.76601225696504,/home/anahita/gigapose/gigaPose_datasets/datasets/2026-05-18-v1-v4/stereo_left/EPnPv2_gt_mesh_z_hybrid_labels/3694887761269_0.json,/home/anahita/gigapose/gigaPose_datasets/datasets/2026-05-18-v1-v4/stereo_left/metadata/sample_3694887761269_0.yaml,metadata,plumb_bob,nearest_projected_center,0,22.937714309134233,1.4832387417020527,38.800443380414094,/home/anahita/gigapose/gigaPose_datasets/results/real_world_translation_cascade_scipy/20260518v1v4_stereo_left/with_camera_anchor/epnp_selection_iteration_0/overlays/000001_000219_epnp00.jpg
1,173,image_3689888113889,1.0,1626.2992864564396,7.443144852413573,right,3590.0557474341995,7.275957614183426e-12,epnp_raw,-241.1941141,0.9010172,332.92195200000003,6.891012191772461,0.003337860107421875,498.76601225696504,/home/anahita/gigapose/gigaPose_datasets/datasets/2026-05-18-v1-v4/stereo_left/EPnPv2_gt_mesh_z_hybrid_labels/3689888113889_0.json,/home/anahita/gigapose/gigaPose_datasets/datasets/2026-05-18-v1-v4/stereo_left/metadata/sample_3689888113889_0.yaml,metadata,plumb_bob,nearest_projected_center,0,21.557445156221267,-1.5336617061401512,43.19091575553381,/home/anahita/gigapose/gigaPose_datasets/results/real_world_translation_cascade_scipy/20260518v1v4_stereo_left/with_camera_anchor/epnp_selection_iteration_0/overlays/000001_000173_epnp00.jpg
1,45,image_3604885073650,0.993090745,1451.288053625716,4.655351752461945,right,3590.0557478750593,2.9103830456733704e-11,epnp_raw,-241.1941141,0.9010172,332.92195200000003,6.891012191772461,0.003337860107421875,498.76601225696504,/home/anahita/gigapose/gigaPose_datasets/datasets/2026-05-18-v1-v4/stereo_left/EPnPv2_gt_mesh_z_hybrid_labels/3604885073650_0.json,/home/anahita/gigapose/gigaPose_datasets/datasets/2026-05-18-v1-v4/stereo_left/metadata/sample_3604885073650_0.yaml,metadata,plumb_bob,nearest_projected_center,0,3.4510910489213202,-1.707075922037916,12.311961610666629,/home/anahita/gigapose/gigaPose_datasets/results/real_world_translation_cascade_scipy/20260518v1v4_stereo_left/with_camera_anchor/epnp_selection_iteration_0/overlays/000001_000045_epnp00.jpg
1,190,image_3691685296586,0.984779097,1441.3848870865133,3.9563894227433076,right,3590.05574742297,9.094947017729282e-13,epnp_raw,-241.1941141,0.9010172,332.92195200000003,6.891012191772461,0.003337860107421875,498.76601225696504,/home/anahita/gigapose/gigaPose_datasets/datasets/2026-05-18-v1-v4/stereo_left/EPnPv2_gt_mesh_z_hybrid_labels/3691685296586_0.json,/home/anahita/gigapose/gigaPose_datasets/datasets/2026-05-18-v1-v4/stereo_left/metadata/sample_3691685296586_0.yaml,metadata,plumb_bob,nearest_projected_center,0,14.450368220558031,-0.776642169343404,33.779986215377676,/home/anahita/gigapose/gigaPose_datasets/results/real_world_translation_cascade_scipy/20260518v1v4_stereo_left/with_camera_anchor/epnp_selection_iteration_0/overlays/000001_000190_epnp00.jpg
1,235,image_3696587360016,0.935382752,1389.2122706632156,3.38297169755673,right,3590.055747447739,3.637978807091713e-12,epnp_raw,-241.1941141,0.9010172,332.92195200000003,6.891012191772461,0.003337860107421875,498.76601225696504,/home/anahita/gigapose/gigaPose_datasets/datasets/2026-05-18-v1-v4/stereo_left/EPnPv2_gt_mesh_z_hybrid_labels/3696587360016_0.json,/home/anahita/gigapose/gigaPose_datasets/datasets/2026-05-18-v1-v4/stereo_left/metadata/sample_3696587360016_0.yaml,metadata,plumb_bob,nearest_projected_center,0,36.44724530089436,-26.846724694073373,46.46290768021072,/home/anahita/gigapose/gigaPose_datasets/results/real_world_translation_cascade_scipy/20260518v1v4_stereo_left/with_camera_anchor/epnp_selection_iteration_0/overlays/000001_000235_epnp00.jpg
1,238,image_3697008281018,0.943187667,1387.2525134156733,5.591490454602341,right,3590.055747380699,9.094947017729282e-13,epnp_raw,-241.1941141,0.9010172,332.92195200000003,6.891012191772461,0.003337860107421875,498.76601225696504,/home/anahita/gigapose/gigaPose_datasets/datasets/2026-05-18-v1-v4/stereo_left/EPnPv2_gt_mesh_z_hybrid_labels/3697008281018_0.json,/home/anahita/gigapose/gigaPose_datasets/datasets/2026-05-18-v1-v4/stereo_left/metadata/sample_3697008281018_0.yaml,metadata,plumb_bob,nearest_projected_center,0,53.920079207966886,-44.99725683699114,45.49449258721802,/home/anahita/gigapose/gigaPose_datasets/results/real_world_translation_cascade_scipy/20260518v1v4_stereo_left/with_camera_anchor/epnp_selection_iteration_0/overlays/000001_000238_epnp00.jpg
1,44,image_3604783636863,0.919232147,1379.0423244737651,4.749232303582071,right,3590.0557477436932,2.9103830456733704e-11,epnp_raw,-241.1941141,0.9010172,332.92195200000003,6.891012191772461,0.003337860107421875,498.76601225696504,/home/anahita/gigapose/gigaPose_datasets/datasets/2026-05-18-v1-v4/stereo_left/EPnPv2_gt_mesh_z_hybrid_labels/3604783636863_0.json,/home/anahita/gigapose/gigaPose_datasets/datasets/2026-05-18-v1-v4/stereo_left/metadata/sample_3604783636863_0.yaml,metadata,plumb_bob,nearest_projected_center,0,5.723003536083134,-2.0427919123824267,12.199568946886075,/home/anahita/gigapose/gigaPose_datasets/results/real_world_translation_cascade_scipy/20260518v1v4_stereo_left/with_camera_anchor/epnp_selection_iteration_0/overlays/000001_000044_epnp00.jpg
1,224,image_3695387818182,1.0,1362.3258255399658,3.8696466554534332,right,3590.055747421045,2.2737367544323206e-13,epnp_raw,-241.1941141,0.9010172,332.92195200000003,6.891012191772461,0.003337860107421875,498.76601225696504,/home/anahita/gigapose/gigaPose_datasets/datasets/2026-05-18-v1-v4/stereo_left/EPnPv2_gt_mesh_z_hybrid_labels/3695387818182_0.json,/home/anahita/gigapose/gigaPose_datasets/datasets/2026-05-18-v1-v4/stereo_left/metadata/sample_3695387818182_0.yaml,metadata,plumb_bob,nearest_projected_center,0,27.970256289727438,0.8008846777271401,43.02220538352071,/home/anahita/gigapose/gigaPose_datasets/results/real_world_translation_cascade_scipy/20260518v1v4_stereo_left/with_camera_anchor/epnp_selection_iteration_0/overlays/000001_000224_epnp00.jpg
1,221,image_3695085299073,0.938089925,1264.7769541633265,2.6918922603492708,right,3590.0557473817803,2.2737367544323206e-13,epnp_raw,-241.1941141,0.9010172,332.92195200000003,6.891012191772461,0.003337860107421875,498.76601225696504,/home/anahita/gigapose/gigaPose_datasets/datasets/2026-05-18-v1-v4/stereo_left/EPnPv2_gt_mesh_z_hybrid_labels/3695085299073_0.json,/home/anahita/gigapose/gigaPose_datasets/datasets/2026-05-18-v1-v4/stereo_left/metadata/sample_3695085299073_0.yaml,metadata,plumb_bob,nearest_projected_center,0,36.30666768617618,-13.449843136840855,44.41232005917601,/home/anahita/gigapose/gigaPose_datasets/results/real_world_translation_cascade_scipy/20260518v1v4_stereo_left/with_camera_anchor/epnp_selection_iteration_0/overlays/000001_000221_epnp00.jpg
1,46,image_3604999750651,0.974370121,1242.3315102224842,3.6436093808899934,right,3590.055747208408,9.094947017729282e-13,epnp_raw,-241.1941141,0.9010172,332.92195200000003,6.891012191772461,0.003337860107421875,498.76601225696504,/home/anahita/gigapose/gigaPose_datasets/datasets/2026-05-18-v1-v4/stereo_left/EPnPv2_gt_mesh_z_hybrid_labels/3604999750651_0.json,/home/anahita/gigapose/gigaPose_datasets/datasets/2026-05-18-v1-v4/stereo_left/metadata/sample_3604999750651_0.yaml,metadata,plumb_bob,nearest_projected_center,0,3.761019911886902,-3.371950519426264,11.166816303425776,/home/anahita/gigapose/gigaPose_datasets/results/real_world_translation_cascade_scipy/20260518v1v4_stereo_left/with_camera_anchor/epnp_selection_iteration_0/overlays/000001_000046_epnp00.jpg
1,12,image_3601386963096,0.95021676,1228.4189121559536,11.012481325864506,right,3590.0557471000775,2.9103830456733704e-11,epnp_raw,-241.1941141,0.9010172,332.92195200000003,6.891012191772461,0.003337860107421875,498.76601225696504,/home/anahita/gigapose/gigaPose_datasets/datasets/2026-05-18-v1-v4/stereo_left/EPnPv2_gt_mesh_z_hybrid_labels/3601386963096_0.json,/home/anahita/gigapose/gigaPose_datasets/datasets/2026-05-18-v1-v4/stereo_left/metadata/sample_3601386963096_0.yaml,metadata,plumb_bob,nearest_projected_center,0,3.3281476693819787,-5.662821022302182,23.547021245353562,/home/anahita/gigapose/gigaPose_datasets/results/real_world_translation_cascade_scipy/20260518v1v4_stereo_left/with_camera_anchor/epnp_selection_iteration_0/overlays/000001_000012_epnp00.jpg
1,69,image_3607306656634,0.81773069,1187.6362428061525,8.4300255158242,right,3590.0557472925575,2.9103830456733704e-11,epnp_raw,-241.1941141,0.9010172,332.92195200000003,6.891012191772461,0.003337860107421875,498.76601225696504,/home/anahita/gigapose/gigaPose_datasets/datasets/2026-05-18-v1-v4/stereo_left/EPnPv2_gt_mesh_z_hybrid_labels/3607306656634_0.json,/home/anahita/gigapose/gigaPose_datasets/datasets/2026-05-18-v1-v4/stereo_left/metadata/sample_3607306656634_0.yaml,metadata,plumb_bob,nearest_projected_center,0,12.459552405512191,-4.3413722943173525,8.356293589418897,/home/anahita/gigapose/gigaPose_datasets/results/real_world_translation_cascade_scipy/20260518v1v4_stereo_left/with_camera_anchor/epnp_selection_iteration_0/overlays/000001_000069_epnp00.jpg
1,245,image_3697785100559,1.0,1145.2989041534827,2.4290344635499284,right,3590.0557473947465,3.637978807091713e-12,epnp_raw,-241.1941141,0.9010172,332.92195200000003,6.891012191772461,0.003337860107421875,498.76601225696504,/home/anahita/gigapose/gigaPose_datasets/datasets/2026-05-18-v1-v4/stereo_left/EPnPv2_gt_mesh_z_hybrid_labels/3697785100559_0.json,/home/anahita/gigapose/gigaPose_datasets/datasets/2026-05-18-v1-v4/stereo_left/metadata/sample_3697785100559_0.yaml,metadata,plumb_bob,nearest_projected_center,0,52.45368077245813,-41.58138510739536,48.04858232279025,/home/anahita/gigapose/gigaPose_datasets/results/real_world_translation_cascade_scipy/20260518v1v4_stereo_left/with_camera_anchor/epnp_selection_iteration_0/overlays/000001_000245_epnp00.jpg
1,216,image_3694585100541,1.0,1132.6367908577624,5.494831114114769,right,3590.0557473949057,4.547473508864641e-13,epnp_raw,-241.1941141,0.9010172,332.92195200000003,6.891012191772461,0.003337860107421875,498.76601225696504,/home/anahita/gigapose/gigaPose_datasets/datasets/2026-05-18-v1-v4/stereo_left/EPnPv2_gt_mesh_z_hybrid_labels/3694585100541_0.json,/home/anahita/gigapose/gigaPose_datasets/datasets/2026-05-18-v1-v4/stereo_left/metadata/sample_3694585100541_0.yaml,metadata,plumb_bob,nearest_projected_center,0,31.941387153683472,-9.829637647179425,41.1083893415115,/home/anahita/gigapose/gigaPose_datasets/results/real_world_translation_cascade_scipy/20260518v1v4_stereo_left/with_camera_anchor/epnp_selection_iteration_0/overlays/000001_000216_epnp00.jpg
1,177,image_3690384714575,0.950505399,1105.5936316722618,4.763037975023855,right,3590.0557473662147,7.275957614183426e-12,epnp_raw,-241.1941141,0.9010172,332.92195200000003,6.891012191772461,0.003337860107421875,498.76601225696504,/home/anahita/gigapose/gigaPose_datasets/datasets/2026-05-18-v1-v4/stereo_left/EPnPv2_gt_mesh_z_hybrid_labels/3690384714575_0.json,/home/anahita/gigapose/gigaPose_datasets/datasets/2026-05-18-v1-v4/stereo_left/metadata/sample_3690384714575_0.yaml,metadata,plumb_bob,nearest_projected_center,0,18.14669205194146,-1.0585682115887494,35.66060341186085,/home/anahita/gigapose/gigaPose_datasets/results/real_world_translation_cascade_scipy/20260518v1v4_stereo_left/with_camera_anchor/epnp_selection_iteration_0/overlays/000001_000177_epnp00.jpg
1,215,image_3694485537539,0.751035895,1098.4205619595527,1.0617414043460272,right,3590.05574743667,7.275957614183426e-12,epnp_raw,-241.1941141,0.9010172,332.92195200000003,6.891012191772461,0.003337860107421875,498.76601225696504,/home/anahita/gigapose/gigaPose_datasets/datasets/2026-05-18-v1-v4/stereo_left/EPnPv2_gt_mesh_z_hybrid_labels/3694485537539_0.json,/home/anahita/gigapose/gigaPose_datasets/datasets/2026-05-18-v1-v4/stereo_left/metadata/sample_3694485537539_0.yaml,metadata,plumb_bob,nearest_projected_center,0,26.59780714698706,-9.358373210556465,41.6069327545149,/home/anahita/gigapose/gigaPose_datasets/results/real_world_translation_cascade_scipy/20260518v1v4_stereo_left/with_camera_anchor/epnp_selection_iteration_0/overlays/000001_000215_epnp00.jpg
1,174,image_3689988409714,0.907860074,1089.4164207890708,7.241616066931147,right,3590.0557474357374,1.1102230246251565e-16,epnp_raw,-241.1941141,0.9010172,332.92195200000003,6.891012191772461,0.003337860107421875,498.76601225696504,/home/anahita/gigapose/gigaPose_datasets/datasets/2026-05-18-v1-v4/stereo_left/EPnPv2_gt_mesh_z_hybrid_labels/3689988409714_0.json,/home/anahita/gigapose/gigaPose_datasets/datasets/2026-05-18-v1-v4/stereo_left/metadata/sample_3689988409714_0.yaml,metadata,plumb_bob,nearest_projected_center,0,22.514511754365703,-0.24148983012116787,43.115186813168066,/home/anahita/gigapose/gigaPose_datasets/results/real_world_translation_cascade_scipy/20260518v1v4_stereo_left/with_camera_anchor/epnp_selection_iteration_0/overlays/000001_000174_epnp00.jpg
1,220,image_3694995761821,0.939845907,1083.9151237939666,2.9343594861844178,right,3590.0557474281068,3.637978807091713e-12,epnp_raw,-241.1941141,0.9010172,332.92195200000003,6.891012191772461,0.003337860107421875,498.76601225696504,/home/anahita/gigapose/gigaPose_datasets/datasets/2026-05-18-v1-v4/stereo_left/EPnPv2_gt_mesh_z_hybrid_labels/3694995761821_0.json,/home/anahita/gigapose/gigaPose_datasets/datasets/2026-05-18-v1-v4/stereo_left/metadata/sample_3694995761821_0.yaml,metadata,plumb_bob,nearest_projected_center,0,29.32617722496155,-15.829302023042828,43.744174888925556,/home/anahita/gigapose/gigaPose_datasets/results/real_world_translation_cascade_scipy/20260518v1v4_stereo_left/with_camera_anchor/epnp_selection_iteration_0/overlays/000001_000220_epnp00.jpg
1,202,image_3692898898077,0.930254944,1032.8578395615687,1.529506287142429,right,3590.0557474214675,9.094947017729282e-13,epnp_raw,-241.1941141,0.9010172,332.92195200000003,6.891012191772461,0.003337860107421875,498.76601225696504,/home/anahita/gigapose/gigaPose_datasets/datasets/2026-05-18-v1-v4/stereo_left/EPnPv2_gt_mesh_z_hybrid_labels/3692898898077_0.json,/home/anahita/gigapose/gigaPose_datasets/datasets/2026-05-18-v1-v4/stereo_left/metadata/sample_3692898898077_0.yaml,metadata,plumb_bob,nearest_projected_center,0,17.502432308695983,-4.622794568792187,32.08218920762073,/home/anahita/gigapose/gigaPose_datasets/results/real_world_translation_cascade_scipy/20260518v1v4_stereo_left/with_camera_anchor/epnp_selection_iteration_0/overlays/000001_000202_epnp00.jpg
1,66,image_3606987171585,0.999839914,1029.4620590750678,4.539547683259963,right,3590.055746980003,2.7284841053187847e-12,epnp_raw,-241.1941141,0.9010172,332.92195200000003,6.891012191772461,0.003337860107421875,498.76601225696504,/home/anahita/gigapose/gigaPose_datasets/datasets/2026-05-18-v1-v4/stereo_left/EPnPv2_gt_mesh_z_hybrid_labels/3606987171585_0.json,/home/anahita/gigapose/gigaPose_datasets/datasets/2026-05-18-v1-v4/stereo_left/metadata/sample_3606987171585_0.yaml,metadata,plumb_bob,nearest_projected_center,0,0.9695226403321463,-3.097686725467156,9.791795349358324,/home/anahita/gigapose/gigaPose_datasets/results/real_world_translation_cascade_scipy/20260518v1v4_stereo_left/with_camera_anchor/epnp_selection_iteration_0/overlays/000001_000066_epnp00.jpg
1,243,image_3697586554008,0.99363694,977.41596490072,2.7407862951089856,right,3590.0557474142397,7.275957614183426e-12,epnp_raw,-241.1941141,0.9010172,332.92195200000003,6.891012191772461,0.003337860107421875,498.76601225696504,/home/anahita/gigapose/gigaPose_datasets/datasets/2026-05-18-v1-v4/stereo_left/EPnPv2_gt_mesh_z_hybrid_labels/3697586554008_0.json,/home/anahita/gigapose/gigaPose_datasets/datasets/2026-05-18-v1-v4/stereo_left/metadata/sample_3697586554008_0.yaml,metadata,plumb_bob,nearest_projected_center,0,56.87498573500593,-40.77962172171374,49.56777211777364,/home/anahita/gigapose/gigaPose_datasets/results/real_world_translation_cascade_scipy/20260518v1v4_stereo_left/with_camera_anchor/epnp_selection_iteration_0/overlays/000001_000243_epnp00.jpg
1,203,image_3692995755021,0.986879974,973.2597231807413,3.069611369247027,right,3590.0557473998747,9.094947017729282e-13,epnp_raw,-241.1941141,0.9010172,332.92195200000003,6.891012191772461,0.003337860107421875,498.76601225696504,/home/anahita/gigapose/gigaPose_datasets/datasets/2026-05-18-v1-v4/stereo_left/EPnPv2_gt_mesh_z_hybrid_labels/3692995755021_0.json,/home/anahita/gigapose/gigaPose_datasets/datasets/2026-05-18-v1-v4/stereo_left/metadata/sample_3692995755021_0.yaml,metadata,plumb_bob,nearest_projected_center,0,19.61820222827107,-3.05983111897649,31.37915505074102,/home/anahita/gigapose/gigaPose_datasets/results/real_world_translation_cascade_scipy/20260518v1v4_stereo_left/with_camera_anchor/epnp_selection_iteration_0/overlays/000001_000203_epnp00.jpg
1,67,image_3607083678340,0.954773635,954.5565214029131,6.917527465624853,right,3590.055747730219,2.220446049250313e-16,epnp_raw,-241.1941141,0.9010172,332.92195200000003,6.891012191772461,0.003337860107421875,498.76601225696504,/home/anahita/gigapose/gigaPose_datasets/datasets/2026-05-18-v1-v4/stereo_left/EPnPv2_gt_mesh_z_hybrid_labels/3607083678340_0.json,/home/anahita/gigapose/gigaPose_datasets/datasets/2026-05-18-v1-v4/stereo_left/metadata/sample_3607083678340_0.yaml,metadata,plumb_bob,nearest_projected_center,0,4.27505038546144,-3.7574021735518954,9.203398686187597,/home/anahita/gigapose/gigaPose_datasets/results/real_world_translation_cascade_scipy/20260518v1v4_stereo_left/with_camera_anchor/epnp_selection_iteration_0/overlays/000001_000067_epnp00.jpg
1,205,image_3693204500416,0.981318707,935.6017879565918,2.4038485698523644,right,3590.0557473921845,7.275957614183426e-12,epnp_raw,-241.1941141,0.9010172,332.92195200000003,6.891012191772461,0.003337860107421875,498.76601225696504,/home/anahita/gigapose/gigaPose_datasets/datasets/2026-05-18-v1-v4/stereo_left/EPnPv2_gt_mesh_z_hybrid_labels/3693204500416_0.json,/home/anahita/gigapose/gigaPose_datasets/datasets/2026-05-18-v1-v4/stereo_left/metadata/sample_3693204500416_0.yaml,metadata,plumb_bob,nearest_projected_center,0,12.296434638432372,-5.793490984416735,29.795529258557508,/home/anahita/gigapose/gigaPose_datasets/results/real_world_translation_cascade_scipy/20260518v1v4_stereo_left/with_camera_anchor/epnp_selection_iteration_0/overlays/000001_000205_epnp00.jpg
1,176,image_3690289365739,1.0,892.7500099351709,7.430253799469516,right,3590.055747375229,7.275957614183426e-12,epnp_raw,-241.1941141,0.9010172,332.92195200000003,6.891012191772461,0.003337860107421875,498.76601225696504,/home/anahita/gigapose/gigaPose_datasets/datasets/2026-05-18-v1-v4/stereo_left/EPnPv2_gt_mesh_z_hybrid_labels/3690289365739_0.json,/home/anahita/gigapose/gigaPose_datasets/datasets/2026-05-18-v1-v4/stereo_left/metadata/sample_3690289365739_0.yaml,metadata,plumb_bob,nearest_projected_center,0,12.205523871744463,-1.0782499450770047,34.84285086693603,/home/anahita/gigapose/gigaPose_datasets/results/real_world_translation_cascade_scipy/20260518v1v4_stereo_left/with_camera_anchor/epnp_selection_iteration_0/overlays/000001_000176_epnp00.jpg
1,51,image_3605483232005,1.0,881.0959897147314,4.995896884436137,right,3590.055747227156,2.9103830456733704e-11,epnp_raw,-241.1941141,0.9010172,332.92195200000003,6.891012191772461,0.003337860107421875,498.76601225696504,/home/anahita/gigapose/gigaPose_datasets/datasets/2026-05-18-v1-v4/stereo_left/EPnPv2_gt_mesh_z_hybrid_labels/3605483232005_0.json,/home/anahita/gigapose/gigaPose_datasets/datasets/2026-05-18-v1-v4/stereo_left/metadata/sample_3605483232005_0.yaml,metadata,plumb_bob,nearest_projected_center,0,4.0642769941332,-2.6073564396457414,9.228742423703693,/home/anahita/gigapose/gigaPose_datasets/results/real_world_translation_cascade_scipy/20260518v1v4_stereo_left/with_camera_anchor/epnp_selection_iteration_0/overlays/000001_000051_epnp00.jpg
1,193,image_3692003758552,0.556584749,860.5491180167919,3.5484451859967496,right,3590.055747392321,9.094947017729282e-13,epnp_raw,-241.1941141,0.9010172,332.92195200000003,6.891012191772461,0.003337860107421875,498.76601225696504,/home/anahita/gigapose/gigaPose_datasets/datasets/2026-05-18-v1-v4/stereo_left/EPnPv2_gt_mesh_z_hybrid_labels/3692003758552_0.json,/home/anahita/gigapose/gigaPose_datasets/datasets/2026-05-18-v1-v4/stereo_left/metadata/sample_3692003758552_0.yaml,metadata,plumb_bob,nearest_projected_center,0,9.57216412144395,0.14722447667895722,30.73540196925876,/home/anahita/gigapose/gigaPose_datasets/results/real_world_translation_cascade_scipy/20260518v1v4_stereo_left/with_camera_anchor/epnp_selection_iteration_0/overlays/000001_000193_epnp00.jpg
1,248,image_3698195414595,0.576737054,857.5556524751697,3.2125276150259525,right,3590.0557473907475,3.637978807091713e-12,epnp_raw,-241.1941141,0.9010172,332.92195200000003,6.891012191772461,0.003337860107421875,498.76601225696504,/home/anahita/gigapose/gigaPose_datasets/datasets/2026-05-18-v1-v4/stereo_left/EPnPv2_gt_mesh_z_hybrid_labels/3698195414595_0.json,/home/anahita/gigapose/gigaPose_datasets/datasets/2026-05-18-v1-v4/stereo_left/metadata/sample_3698195414595_0.yaml,metadata,plumb_bob,nearest_projected_center,0,36.070628306651834,-84.07159411875114,48.51848458250453,/home/anahita/gigapose/gigaPose_datasets/results/real_world_translation_cascade_scipy/20260518v1v4_stereo_left/with_camera_anchor/epnp_selection_iteration_0/overlays/000001_000248_epnp00.jpg
1,246,image_3697983863877,0.965884218,812.4173024697444,2.877287338527923,right,3590.055747403732,3.637978807091713e-12,epnp_raw,-241.1941141,0.9010172,332.92195200000003,6.891012191772461,0.003337860107421875,498.76601225696504,/home/anahita/gigapose/gigaPose_datasets/datasets/2026-05-18-v1-v4/stereo_left/EPnPv2_gt_mesh_z_hybrid_labels/3697983863877_0.json,/home/anahita/gigapose/gigaPose_datasets/datasets/2026-05-18-v1-v4/stereo_left/metadata/sample_3697983863877_0.yaml,metadata,plumb_bob,nearest_projected_center,0,53.42457003205303,-56.38603675664251,49.87345349339006,/home/anahita/gigapose/gigaPose_datasets/results/real_world_translation_cascade_scipy/20260518v1v4_stereo_left/with_camera_anchor/epnp_selection_iteration_0/overlays/000001_000246_epnp00.jpg
1,199,image_3692589175421,0.934383295,791.8530476232623,0.8046994480940705,right,3590.055747444334,4.547473508864641e-13,epnp_raw,-241.1941141,0.9010172,332.92195200000003,6.891012191772461,0.003337860107421875,498.76601225696504,/home/anahita/gigapose/gigaPose_datasets/datasets/2026-05-18-v1-v4/stereo_left/EPnPv2_gt_mesh_z_hybrid_labels/3692589175421_0.json,/home/anahita/gigapose/gigaPose_datasets/datasets/2026-05-18-v1-v4/stereo_left/metadata/sample_3692589175421_0.yaml,metadata,plumb_bob,nearest_projected_center,0,18.307684485451784,-0.9666030293326457,32.05032883741626,/home/anahita/gigapose/gigaPose_datasets/results/real_world_translation_cascade_scipy/20260518v1v4_stereo_left/with_camera_anchor/epnp_selection_iteration_0/overlays/000001_000199_epnp00.jpg
1,198,image_3692487144539,0.985233294,767.5979459821373,3.756072947633255,right,3590.0557473715053,7.275957614183426e-12,epnp_raw,-241.1941141,0.9010172,332.92195200000003,6.891012191772461,0.003337860107421875,498.76601225696504,/home/anahita/gigapose/gigaPose_datasets/datasets/2026-05-18-v1-v4/stereo_left/EPnPv2_gt_mesh_z_hybrid_labels/3692487144539_0.json,/home/anahita/gigapose/gigaPose_datasets/datasets/2026-05-18-v1-v4/stereo_left/metadata/sample_3692487144539_0.yaml,metadata,plumb_bob,nearest_projected_center,0,16.770178589278192,-0.5689640638704532,32.22827565470686,/home/anahita/gigapose/gigaPose_datasets/results/real_world_translation_cascade_scipy/20260518v1v4_stereo_left/with_camera_anchor/epnp_selection_iteration_0/overlays/000001_000198_epnp00.jpg
1,239,image_3697089554949,1.0,751.6735525347059,4.813599290737683,right,3590.0557474075454,3.637978807091713e-12,epnp_raw,-241.1941141,0.9010172,332.92195200000003,6.891012191772461,0.003337860107421875,498.76601225696504,/home/anahita/gigapose/gigaPose_datasets/datasets/2026-05-18-v1-v4/stereo_left/EPnPv2_gt_mesh_z_hybrid_labels/3697089554949_0.json,/home/anahita/gigapose/gigaPose_datasets/datasets/2026-05-18-v1-v4/stereo_left/metadata/sample_3697089554949_0.yaml,metadata,plumb_bob,nearest_projected_center,0,43.307432100326324,-34.50883906587728,43.80623183188493,/home/anahita/gigapose/gigaPose_datasets/results/real_world_translation_cascade_scipy/20260518v1v4_stereo_left/with_camera_anchor/epnp_selection_iteration_0/overlays/000001_000239_epnp00.jpg
1,201,image_3692798824180,0.999045715,678.2476195622224,3.5924244137891503,right,3590.055747445334,2.2737367544323206e-13,epnp_raw,-241.1941141,0.9010172,332.92195200000003,6.891012191772461,0.003337860107421875,498.76601225696504,/home/anahita/gigapose/gigaPose_datasets/datasets/2026-05-18-v1-v4/stereo_left/EPnPv2_gt_mesh_z_hybrid_labels/3692798824180_0.json,/home/anahita/gigapose/gigaPose_datasets/datasets/2026-05-18-v1-v4/stereo_left/metadata/sample_3692798824180_0.yaml,metadata,plumb_bob,nearest_projected_center,0,20.003308879179738,-4.072934064750825,30.893765535684395,/home/anahita/gigapose/gigaPose_datasets/results/real_world_translation_cascade_scipy/20260518v1v4_stereo_left/with_camera_anchor/epnp_selection_iteration_0/overlays/000001_000201_epnp00.jpg
1,242,image_3697484710814,0.555458391,675.8584997415309,1.1208074305255757,right,3590.0557474429547,3.637978807091713e-12,epnp_raw,-241.1941141,0.9010172,332.92195200000003,6.891012191772461,0.003337860107421875,498.76601225696504,/home/anahita/gigapose/gigaPose_datasets/datasets/2026-05-18-v1-v4/stereo_left/EPnPv2_gt_mesh_z_hybrid_labels/3697484710814_0.json,/home/anahita/gigapose/gigaPose_datasets/datasets/2026-05-18-v1-v4/stereo_left/metadata/sample_3697484710814_0.yaml,metadata,plumb_bob,nearest_projected_center,0,48.885508600962325,-40.464291418339826,47.68490590399517,/home/anahita/gigapose/gigaPose_datasets/results/real_world_translation_cascade_scipy/20260518v1v4_stereo_left/with_camera_anchor/epnp_selection_iteration_0/overlays/000001_000242_epnp00.jpg
1,244,image_3697719762299,0.948815349,666.7172740916656,2.5085070525512707,right,3590.055747389324,1.1102230246251565e-16,epnp_raw,-241.1941141,0.9010172,332.92195200000003,6.891012191772461,0.003337860107421875,498.76601225696504,/home/anahita/gigapose/gigaPose_datasets/datasets/2026-05-18-v1-v4/stereo_left/EPnPv2_gt_mesh_z_hybrid_labels/3697719762299_0.json,/home/anahita/gigapose/gigaPose_datasets/datasets/2026-05-18-v1-v4/stereo_left/metadata/sample_3697719762299_0.yaml,metadata,plumb_bob,nearest_projected_center,0,55.494537597138205,-58.49057065769762,52.47033313636132,/home/anahita/gigapose/gigaPose_datasets/results/real_world_translation_cascade_scipy/20260518v1v4_stereo_left/with_camera_anchor/epnp_selection_iteration_0/overlays/000001_000244_epnp00.jpg
1,197,image_3692386898082,0.981761107,665.2265129959235,1.4531493195191263,right,3590.055747446835,7.275957614183426e-12,epnp_raw,-241.1941141,0.9010172,332.92195200000003,6.891012191772461,0.003337860107421875,498.76601225696504,/home/anahita/gigapose/gigaPose_datasets/datasets/2026-05-18-v1-v4/stereo_left/EPnPv2_gt_mesh_z_hybrid_labels/3692386898082_0.json,/home/anahita/gigapose/gigaPose_datasets/datasets/2026-05-18-v1-v4/stereo_left/metadata/sample_3692386898082_0.yaml,metadata,plumb_bob,nearest_projected_center,0,18.09944009452064,-0.0348360539044279,31.200917163771464,/home/anahita/gigapose/gigaPose_datasets/results/real_world_translation_cascade_scipy/20260518v1v4_stereo_left/with_camera_anchor/epnp_selection_iteration_0/overlays/000001_000197_epnp00.jpg
1,209,image_3693584784940,0.993145352,658.1998368858716,3.111803084509236,right,3590.055747451981,9.094947017729282e-13,epnp_raw,-241.1941141,0.9010172,332.92195200000003,6.891012191772461,0.003337860107421875,498.76601225696504,/home/anahita/gigapose/gigaPose_datasets/datasets/2026-05-18-v1-v4/stereo_left/EPnPv2_gt_mesh_z_hybrid_labels/3693584784940_0.json,/home/anahita/gigapose/gigaPose_datasets/datasets/2026-05-18-v1-v4/stereo_left/metadata/sample_3693584784940_0.yaml,metadata,plumb_bob,nearest_projected_center,0,19.835134815647546,-3.9257739697936813,34.150436872508294,/home/anahita/gigapose/gigaPose_datasets/results/real_world_translation_cascade_scipy/20260518v1v4_stereo_left/with_camera_anchor/epnp_selection_iteration_0/overlays/000001_000209_epnp00.jpg
1,194,image_3692086194592,0.990265901,590.323978717476,3.34699082666616,right,3590.0557474438765,7.275957614183426e-12,epnp_raw,-241.1941141,0.9010172,332.92195200000003,6.891012191772461,0.003337860107421875,498.76601225696504,/home/anahita/gigapose/gigaPose_datasets/datasets/2026-05-18-v1-v4/stereo_left/EPnPv2_gt_mesh_z_hybrid_labels/3692086194592_0.json,/home/anahita/gigapose/gigaPose_datasets/datasets/2026-05-18-v1-v4/stereo_left/metadata/sample_3692086194592_0.yaml,metadata,plumb_bob,nearest_projected_center,0,9.422501987575236,-1.7276997143328572,33.390380170415824,/home/anahita/gigapose/gigaPose_datasets/results/real_world_translation_cascade_scipy/20260518v1v4_stereo_left/with_camera_anchor/epnp_selection_iteration_0/overlays/000001_000194_epnp00.jpg
1,230,image_3696103755366,0.885303806,569.6784823545406,3.213380511264456,right,3590.0557474322236,3.637978807091713e-12,epnp_raw,-241.1941141,0.9010172,332.92195200000003,6.891012191772461,0.003337860107421875,498.76601225696504,/home/anahita/gigapose/gigaPose_datasets/datasets/2026-05-18-v1-v4/stereo_left/EPnPv2_gt_mesh_z_hybrid_labels/3696103755366_0.json,/home/anahita/gigapose/gigaPose_datasets/datasets/2026-05-18-v1-v4/stereo_left/metadata/sample_3696103755366_0.yaml,metadata,plumb_bob,nearest_projected_center,0,28.06908356926474,-27.814301692919685,47.76960720583065,/home/anahita/gigapose/gigaPose_datasets/results/real_world_translation_cascade_scipy/20260518v1v4_stereo_left/with_camera_anchor/epnp_selection_iteration_0/overlays/000001_000230_epnp00.jpg
1,214,image_3694385623931,0.953300645,561.1716824994714,3.869853680029424,right,3590.0557474141583,2.220446049250313e-16,epnp_raw,-241.1941141,0.9010172,332.92195200000003,6.891012191772461,0.003337860107421875,498.76601225696504,/home/anahita/gigapose/gigaPose_datasets/datasets/2026-05-18-v1-v4/stereo_left/EPnPv2_gt_mesh_z_hybrid_labels/3694385623931_0.json,/home/anahita/gigapose/gigaPose_datasets/datasets/2026-05-18-v1-v4/stereo_left/metadata/sample_3694385623931_0.yaml,metadata,plumb_bob,nearest_projected_center,0,25.56776864404312,-9.808676973696379,42.72902670139604,/home/anahita/gigapose/gigaPose_datasets/results/real_world_translation_cascade_scipy/20260518v1v4_stereo_left/with_camera_anchor/epnp_selection_iteration_0/overlays/000001_000214_epnp00.jpg
1,234,image_3696500945669,0.947219094,560.9313755961232,3.1751613727055488,right,3590.0557473646763,1.1102230246251565e-16,epnp_raw,-241.1941141,0.9010172,332.92195200000003,6.891012191772461,0.003337860107421875,498.76601225696504,/home/anahita/gigapose/gigaPose_datasets/datasets/2026-05-18-v1-v4/stereo_left/EPnPv2_gt_mesh_z_hybrid_labels/3696500945669_0.json,/home/anahita/gigapose/gigaPose_datasets/datasets/2026-05-18-v1-v4/stereo_left/metadata/sample_3696500945669_0.yaml,metadata,plumb_bob,nearest_projected_center,0,32.303753331825675,-7.547785283792109,43.64281845864633,/home/anahita/gigapose/gigaPose_datasets/results/real_world_translation_cascade_scipy/20260518v1v4_stereo_left/with_camera_anchor/epnp_selection_iteration_0/overlays/000001_000234_epnp00.jpg
1,223,image_3695284282624,0.917021719,532.7396235116238,3.9320914708572223,right,3590.0557473965246,7.275957614183426e-12,epnp_raw,-241.1941141,0.9010172,332.92195200000003,6.891012191772461,0.003337860107421875,498.76601225696504,/home/anahita/gigapose/gigaPose_datasets/datasets/2026-05-18-v1-v4/stereo_left/EPnPv2_gt_mesh_z_hybrid_labels/3695284282624_0.json,/home/anahita/gigapose/gigaPose_datasets/datasets/2026-05-18-v1-v4/stereo_left/metadata/sample_3695284282624_0.yaml,metadata,plumb_bob,nearest_projected_center,0,29.075719841516104,-14.232438594843416,45.92174268739376,/home/anahita/gigapose/gigaPose_datasets/results/real_world_translation_cascade_scipy/20260518v1v4_stereo_left/with_camera_anchor/epnp_selection_iteration_0/overlays/000001_000223_epnp00.jpg
1,228,image_3695906359817,0.971572079,522.617379783074,2.2937464003319854,right,3590.055747406642,3.637978807091713e-12,epnp_raw,-241.1941141,0.9010172,332.92195200000003,6.891012191772461,0.003337860107421875,498.76601225696504,/home/anahita/gigapose/gigaPose_datasets/datasets/2026-05-18-v1-v4/stereo_left/EPnPv2_gt_mesh_z_hybrid_labels/3695906359817_0.json,/home/anahita/gigapose/gigaPose_datasets/datasets/2026-05-18-v1-v4/stereo_left/metadata/sample_3695906359817_0.yaml,metadata,plumb_bob,nearest_projected_center,0,24.327994676995434,-6.102112650106733,44.59066405267936,/home/anahita/gigapose/gigaPose_datasets/results/real_world_translation_cascade_scipy/20260518v1v4_stereo_left/with_camera_anchor/epnp_selection_iteration_0/overlays/000001_000228_epnp00.jpg
1,237,image_3696784223045,0.766767858,496.11133809283587,3.2192619104328344,right,3590.055747378371,1.1102230246251565e-16,epnp_raw,-241.1941141,0.9010172,332.92195200000003,6.891012191772461,0.003337860107421875,498.76601225696504,/home/anahita/gigapose/gigaPose_datasets/datasets/2026-05-18-v1-v4/stereo_left/EPnPv2_gt_mesh_z_hybrid_labels/3696784223045_0.json,/home/anahita/gigapose/gigaPose_datasets/datasets/2026-05-18-v1-v4/stereo_left/metadata/sample_3696784223045_0.yaml,metadata,plumb_bob,nearest_projected_center,0,46.35518557923056,-2.7303702196987842,38.436446791653566,/home/anahita/gigapose/gigaPose_datasets/results/real_world_translation_cascade_scipy/20260518v1v4_stereo_left/with_camera_anchor/epnp_selection_iteration_0/overlays/000001_000237_epnp00.jpg
1,241,image_3697286680463,0.514860921,487.7830877797683,1.5018821219308314,right,3590.055747401845,3.637978807091713e-12,epnp_raw,-241.1941141,0.9010172,332.92195200000003,6.891012191772461,0.003337860107421875,498.76601225696504,/home/anahita/gigapose/gigaPose_datasets/datasets/2026-05-18-v1-v4/stereo_left/EPnPv2_gt_mesh_z_hybrid_labels/3697286680463_0.json,/home/anahita/gigapose/gigaPose_datasets/datasets/2026-05-18-v1-v4/stereo_left/metadata/sample_3697286680463_0.yaml,metadata,plumb_bob,nearest_projected_center,0,41.593327861304594,-36.53911459209746,45.35557752347802,/home/anahita/gigapose/gigaPose_datasets/results/real_world_translation_cascade_scipy/20260518v1v4_stereo_left/with_camera_anchor/epnp_selection_iteration_0/overlays/000001_000241_epnp00.jpg
1,218,image_3694787901387,1.0,484.5661468511236,2.8030626545826274,right,3590.0557474011903,9.094947017729282e-13,epnp_raw,-241.1941141,0.9010172,332.92195200000003,6.891012191772461,0.003337860107421875,498.76601225696504,/home/anahita/gigapose/gigaPose_datasets/datasets/2026-05-18-v1-v4/stereo_left/EPnPv2_gt_mesh_z_hybrid_labels/3694787901387_0.json,/home/anahita/gigapose/gigaPose_datasets/datasets/2026-05-18-v1-v4/stereo_left/metadata/sample_3694787901387_0.yaml,metadata,plumb_bob,nearest_projected_center,0,20.400078426212165,-12.984604980963013,41.9177408780248,/home/anahita/gigapose/gigaPose_datasets/results/real_world_translation_cascade_scipy/20260518v1v4_stereo_left/with_camera_anchor/epnp_selection_iteration_0/overlays/000001_000218_epnp00.jpg
1,229,image_3695983839340,0.489391848,481.22040968228316,1.9567874673780241,right,3590.0557474394413,9.094947017729282e-13,epnp_raw,-241.1941141,0.9010172,332.92195200000003,6.891012191772461,0.003337860107421875,498.76601225696504,/home/anahita/gigapose/gigaPose_datasets/datasets/2026-05-18-v1-v4/stereo_left/EPnPv2_gt_mesh_z_hybrid_labels/3695983839340_0.json,/home/anahita/gigapose/gigaPose_datasets/datasets/2026-05-18-v1-v4/stereo_left/metadata/sample_3695983839340_0.yaml,metadata,plumb_bob,nearest_projected_center,0,29.580816344378277,-20.52176373691941,45.494132402464686,/home/anahita/gigapose/gigaPose_datasets/results/real_world_translation_cascade_scipy/20260518v1v4_stereo_left/with_camera_anchor/epnp_selection_iteration_0/overlays/000001_000229_epnp00.jpg
1,192,image_3691886578093,0.950207857,449.47226217818667,3.3088549645050347,right,3590.055747414474,7.275957614183426e-12,epnp_raw,-241.1941141,0.9010172,332.92195200000003,6.891012191772461,0.003337860107421875,498.76601225696504,/home/anahita/gigapose/gigaPose_datasets/datasets/2026-05-18-v1-v4/stereo_left/EPnPv2_gt_mesh_z_hybrid_labels/3691886578093_0.json,/home/anahita/gigapose/gigaPose_datasets/datasets/2026-05-18-v1-v4/stereo_left/metadata/sample_3691886578093_0.yaml,metadata,plumb_bob,nearest_projected_center,0,13.11965651093711,5.1967049481352205,33.482315528742106,/home/anahita/gigapose/gigaPose_datasets/results/real_world_translation_cascade_scipy/20260518v1v4_stereo_left/with_camera_anchor/epnp_selection_iteration_0/overlays/000001_000192_epnp00.jpg
1,48,image_3605186170395,0.983746536,447.5329863506719,5.256125429766661,right,3590.055747611309,9.094947017729282e-13,epnp_raw,-241.1941141,0.9010172,332.92195200000003,6.891012191772461,0.003337860107421875,498.76601225696504,/home/anahita/gigapose/gigaPose_datasets/datasets/2026-05-18-v1-v4/stereo_left/EPnPv2_gt_mesh_z_hybrid_labels/3605186170395_0.json,/home/anahita/gigapose/gigaPose_datasets/datasets/2026-05-18-v1-v4/stereo_left/metadata/sample_3605186170395_0.yaml,metadata,plumb_bob,nearest_projected_center,0,4.064762904929524,-3.062977939411894,8.398714572866083,/home/anahita/gigapose/gigaPose_datasets/results/real_world_translation_cascade_scipy/20260518v1v4_stereo_left/with_camera_anchor/epnp_selection_iteration_0/overlays/000001_000048_epnp00.jpg
1,212,image_3694127754631,0.963245489,417.01349895201764,2.005924147924119,right,3590.055747356869,7.275957614183426e-12,epnp_raw,-241.1941141,0.9010172,332.92195200000003,6.891012191772461,0.003337860107421875,498.76601225696504,/home/anahita/gigapose/gigaPose_datasets/datasets/2026-05-18-v1-v4/stereo_left/EPnPv2_gt_mesh_z_hybrid_labels/3694127754631_0.json,/home/anahita/gigapose/gigaPose_datasets/datasets/2026-05-18-v1-v4/stereo_left/metadata/sample_3694127754631_0.yaml,metadata,plumb_bob,nearest_projected_center,0,16.248558205780785,-16.963038084451114,32.031743751563,/home/anahita/gigapose/gigaPose_datasets/results/real_world_translation_cascade_scipy/20260518v1v4_stereo_left/with_camera_anchor/epnp_selection_iteration_0/overlays/000001_000212_epnp00.jpg
1,217,image_3694704438446,0.937167707,390.1730771924376,2.0261112756930006,right,3590.055747429008,1.1102230246251565e-16,epnp_raw,-241.1941141,0.9010172,332.92195200000003,6.891012191772461,0.003337860107421875,498.76601225696504,/home/anahita/gigapose/gigaPose_datasets/datasets/2026-05-18-v1-v4/stereo_left/EPnPv2_gt_mesh_z_hybrid_labels/3694704438446_0.json,/home/anahita/gigapose/gigaPose_datasets/datasets/2026-05-18-v1-v4/stereo_left/metadata/sample_3694704438446_0.yaml,metadata,plumb_bob,nearest_projected_center,0,29.567689895284225,-15.43740824578299,41.53714300391334,/home/anahita/gigapose/gigaPose_datasets/results/real_world_translation_cascade_scipy/20260518v1v4_stereo_left/with_camera_anchor/epnp_selection_iteration_0/overlays/000001_000217_epnp00.jpg
1,47,image_3605087202825,0.971477706,386.9061143093073,2.881418771556277,right,3590.05574722459,2.9103830456733704e-11,epnp_raw,-241.1941141,0.9010172,332.92195200000003,6.891012191772461,0.003337860107421875,498.76601225696504,/home/anahita/gigapose/gigaPose_datasets/datasets/2026-05-18-v1-v4/stereo_left/EPnPv2_gt_mesh_z_hybrid_labels/3605087202825_0.json,/home/anahita/gigapose/gigaPose_datasets/datasets/2026-05-18-v1-v4/stereo_left/metadata/sample_3605087202825_0.yaml,metadata,plumb_bob,nearest_projected_center,0,2.082006628223867,-3.085436295958175,8.583412305191246,/home/anahita/gigapose/gigaPose_datasets/results/real_world_translation_cascade_scipy/20260518v1v4_stereo_left/with_camera_anchor/epnp_selection_iteration_0/overlays/000001_000047_epnp00.jpg
1,206,image_3693284988527,0.981396277,379.33042463654647,1.5091434135502648,right,3590.0557474469647,9.094947017729282e-13,epnp_raw,-241.1941141,0.9010172,332.92195200000003,6.891012191772461,0.003337860107421875,498.76601225696504,/home/anahita/gigapose/gigaPose_datasets/datasets/2026-05-18-v1-v4/stereo_left/EPnPv2_gt_mesh_z_hybrid_labels/3693284988527_0.json,/home/anahita/gigapose/gigaPose_datasets/datasets/2026-05-18-v1-v4/stereo_left/metadata/sample_3693284988527_0.yaml,metadata,plumb_bob,nearest_projected_center,0,8.640654164573283,-2.05344438412817,29.383644442400282,/home/anahita/gigapose/gigaPose_datasets/results/real_world_translation_cascade_scipy/20260518v1v4_stereo_left/with_camera_anchor/epnp_selection_iteration_0/overlays/000001_000206_epnp00.jpg
1,56,image_3605983826607,0.51133068,359.58149522467096,5.181371588412355,right,3590.0557472344094,2.9103830456733704e-11,epnp_raw,-241.1941141,0.9010172,332.92195200000003,6.891012191772461,0.003337860107421875,498.76601225696504,/home/anahita/gigapose/gigaPose_datasets/datasets/2026-05-18-v1-v4/stereo_left/EPnPv2_gt_mesh_z_hybrid_labels/3605983826607_0.json,/home/anahita/gigapose/gigaPose_datasets/datasets/2026-05-18-v1-v4/stereo_left/metadata/sample_3605983826607_0.yaml,metadata,plumb_bob,nearest_projected_center,0,6.156898543511254,-3.321149528162209,8.468174111614417,/home/anahita/gigapose/gigaPose_datasets/results/real_world_translation_cascade_scipy/20260518v1v4_stereo_left/with_camera_anchor/epnp_selection_iteration_0/overlays/000001_000056_epnp00.jpg
1,191,image_3691784026081,0.94289854,357.3413638489581,3.5284842998518466,right,3590.0557474023503,9.094947017729282e-13,epnp_raw,-241.1941141,0.9010172,332.92195200000003,6.891012191772461,0.003337860107421875,498.76601225696504,/home/anahita/gigapose/gigaPose_datasets/datasets/2026-05-18-v1-v4/stereo_left/EPnPv2_gt_mesh_z_hybrid_labels/3691784026081_0.json,/home/anahita/gigapose/gigaPose_datasets/datasets/2026-05-18-v1-v4/stereo_left/metadata/sample_3691784026081_0.yaml,metadata,plumb_bob,nearest_projected_center,0,16.989499168621332,6.986424976135709,33.501174065947566,/home/anahita/gigapose/gigaPose_datasets/results/real_world_translation_cascade_scipy/20260518v1v4_stereo_left/with_camera_anchor/epnp_selection_iteration_0/overlays/000001_000191_epnp00.jpg
1,196,image_3692293732697,0.922777631,353.0810402888871,4.474157737460276,right,3590.0557473619297,9.094947017729282e-13,epnp_raw,-241.1941141,0.9010172,332.92195200000003,6.891012191772461,0.003337860107421875,498.76601225696504,/home/anahita/gigapose/gigaPose_datasets/datasets/2026-05-18-v1-v4/stereo_left/EPnPv2_gt_mesh_z_hybrid_labels/3692293732697_0.json,/home/anahita/gigapose/gigaPose_datasets/datasets/2026-05-18-v1-v4/stereo_left/metadata/sample_3692293732697_0.yaml,metadata,plumb_bob,nearest_projected_center,0,15.654084645209814,-2.587280378924106,32.555671593435136,/home/anahita/gigapose/gigaPose_datasets/results/real_world_translation_cascade_scipy/20260518v1v4_stereo_left/with_camera_anchor/epnp_selection_iteration_0/overlays/000001_000196_epnp00.jpg
1,200,image_3692684822381,1.0,352.1340538866162,2.8067381559003572,right,3590.055747444274,4.547473508864641e-13,epnp_raw,-241.1941141,0.9010172,332.92195200000003,6.891012191772461,0.003337860107421875,498.76601225696504,/home/anahita/gigapose/gigaPose_datasets/datasets/2026-05-18-v1-v4/stereo_left/EPnPv2_gt_mesh_z_hybrid_labels/3692684822381_0.json,/home/anahita/gigapose/gigaPose_datasets/datasets/2026-05-18-v1-v4/stereo_left/metadata/sample_3692684822381_0.yaml,metadata,plumb_bob,nearest_projected_center,0,20.18103315433884,-3.6596917274358702,34.01752899222686,/home/anahita/gigapose/gigaPose_datasets/results/real_world_translation_cascade_scipy/20260518v1v4_stereo_left/with_camera_anchor/epnp_selection_iteration_0/overlays/000001_000200_epnp00.jpg
1,195,image_3692192709834,0.978853229,338.70901473457997,2.2947518644601925,right,3590.055747362327,9.094947017729282e-13,epnp_raw,-241.1941141,0.9010172,332.92195200000003,6.891012191772461,0.003337860107421875,498.76601225696504,/home/anahita/gigapose/gigaPose_datasets/datasets/2026-05-18-v1-v4/stereo_left/EPnPv2_gt_mesh_z_hybrid_labels/3692192709834_0.json,/home/anahita/gigapose/gigaPose_datasets/datasets/2026-05-18-v1-v4/stereo_left/metadata/sample_3692192709834_0.yaml,metadata,plumb_bob,nearest_projected_center,0,17.966488614319474,-0.10495333338110413,35.162597549462305,/home/anahita/gigapose/gigaPose_datasets/results/real_world_translation_cascade_scipy/20260518v1v4_stereo_left/with_camera_anchor/epnp_selection_iteration_0/overlays/000001_000195_epnp00.jpg
1,39,image_3604187484365,0.988060869,333.35813094703633,4.016200467842268,right,3590.055747103106,2.7284841053187847e-12,epnp_raw,-241.1941141,0.9010172,332.92195200000003,6.891012191772461,0.003337860107421875,498.76601225696504,/home/anahita/gigapose/gigaPose_datasets/datasets/2026-05-18-v1-v4/stereo_left/EPnPv2_gt_mesh_z_hybrid_labels/3604187484365_0.json,/home/anahita/gigapose/gigaPose_datasets/datasets/2026-05-18-v1-v4/stereo_left/metadata/sample_3604187484365_0.yaml,metadata,plumb_bob,nearest_projected_center,0,9.535971060150692,-2.6462001091292677,15.009301802244408,/home/anahita/gigapose/gigaPose_datasets/results/real_world_translation_cascade_scipy/20260518v1v4_stereo_left/with_camera_anchor/epnp_selection_iteration_0/overlays/000001_000039_epnp00.jpg
1,204,image_3693088177152,0.989706176,330.20769982665684,1.5451078735353052,right,3590.0557473642484,2.2737367544323206e-13,epnp_raw,-241.1941141,0.9010172,332.92195200000003,6.891012191772461,0.003337860107421875,498.76601225696504,/home/anahita/gigapose/gigaPose_datasets/datasets/2026-05-18-v1-v4/stereo_left/EPnPv2_gt_mesh_z_hybrid_labels/3693088177152_0.json,/home/anahita/gigapose/gigaPose_datasets/datasets/2026-05-18-v1-v4/stereo_left/metadata/sample_3693088177152_0.yaml,metadata,plumb_bob,nearest_projected_center,0,19.421092085662217,5.2816152117336514,32.00998187715362,/home/anahita/gigapose/gigaPose_datasets/results/real_world_translation_cascade_scipy/20260518v1v4_stereo_left/with_camera_anchor/epnp_selection_iteration_0/overlays/000001_000204_epnp00.jpg
1,207,image_3693389031669,0.989531268,325.8655311012857,3.1395386089960113,right,3590.055747414357,1.1102230246251565e-16,epnp_raw,-241.1941141,0.9010172,332.92195200000003,6.891012191772461,0.003337860107421875,498.76601225696504,/home/anahita/gigapose/gigaPose_datasets/datasets/2026-05-18-v1-v4/stereo_left/EPnPv2_gt_mesh_z_hybrid_labels/3693389031669_0.json,/home/anahita/gigapose/gigaPose_datasets/datasets/2026-05-18-v1-v4/stereo_left/metadata/sample_3693389031669_0.yaml,metadata,plumb_bob,nearest_projected_center,0,13.116074526178828,-2.1343630798584172,30.298196105518286,/home/anahita/gigapose/gigaPose_datasets/results/real_world_translation_cascade_scipy/20260518v1v4_stereo_left/with_camera_anchor/epnp_selection_iteration_0/overlays/000001_000207_epnp00.jpg
1,49,image_3605295760119,0.9924385,312.5123489630794,5.5734917187555295,right,3590.0557478992278,9.094947017729282e-13,epnp_raw,-241.1941141,0.9010172,332.92195200000003,6.891012191772461,0.003337860107421875,498.76601225696504,/home/anahita/gigapose/gigaPose_datasets/datasets/2026-05-18-v1-v4/stereo_left/EPnPv2_gt_mesh_z_hybrid_labels/3605295760119_0.json,/home/anahita/gigapose/gigaPose_datasets/datasets/2026-05-18-v1-v4/stereo_left/metadata/sample_3605295760119_0.yaml,metadata,plumb_bob,nearest_projected_center,0,3.772526886870348,-3.555359291607033,8.904769472409384,/home/anahita/gigapose/gigaPose_datasets/results/real_world_translation_cascade_scipy/20260518v1v4_stereo_left/with_camera_anchor/epnp_selection_iteration_0/overlays/000001_000049_epnp00.jpg
1,50,image_3605384137810,0.973987081,307.1990113511445,4.204423413220312,right,3590.0557477197,2.9103830456733704e-11,epnp_raw,-241.1941141,0.9010172,332.92195200000003,6.891012191772461,0.003337860107421875,498.76601225696504,/home/anahita/gigapose/gigaPose_datasets/datasets/2026-05-18-v1-v4/stereo_left/EPnPv2_gt_mesh_z_hybrid_labels/3605384137810_0.json,/home/anahita/gigapose/gigaPose_datasets/datasets/2026-05-18-v1-v4/stereo_left/metadata/sample_3605384137810_0.yaml,metadata,plumb_bob,nearest_projected_center,0,6.357287599642607,-2.206530492176512,9.451797561279704,/home/anahita/gigapose/gigaPose_datasets/results/real_world_translation_cascade_scipy/20260518v1v4_stereo_left/with_camera_anchor/epnp_selection_iteration_0/overlays/000001_000050_epnp00.jpg
