match_key,scene_id,im_id,obj_id,instance_id,prediction_row_index,score,epnp_label_path,epnp_record_index,translation_error_mm,rotation_error_deg,roll_error_deg,pitch_error_deg,yaw_error_deg,T_gigapose_cam_obj,T_gigapose_aligned_epnp_obj,T_epnp_obj
image_3688925314632,1,80,1,0,15,1.0,/home/anahita/gigapose/gigaPose_datasets/datasets/2026-05-18-v1-v4/front/EPnPv2_gt_mesh_z_hybrid_labels/3688925314632_0.json,0,2166.0106887864745,12.243103395918272,2.9399676828117722,3.7850419132005158,11.367036065397121,-0.185323174 -0.981716753 0.0434458005 -19711.0681 -0.0780535901 -0.0293662308 -0.996516564 1149.23693 0.979572845 -0.188068713 -0.071184274 67284.7509 0 0 0 1,-0.471873370948 -0.880407756365 -0.0470925030763 -18300.3860602 -0.052563426965 0.0814101769692 -0.995293660181 992.820867042 0.880098067453 -0.46717723091 -0.0846925434775 65009.5776324 0 0 0 1,-0.28771674633 -0.957146048546 -0.0330206342041 -18816.8506622 0.00721639720723 0.0323109030724 -0.999451816082 1306.28085136 0.957688331604 -0.287797421217 -0.00238924473524 62929.5272827 0 0 0 1
image_3689125383318,1,82,1,0,17,0.959664631,/home/anahita/gigapose/gigaPose_datasets/datasets/2026-05-18-v1-v4/front/EPnPv2_gt_mesh_z_hybrid_labels/3689125383318_0.json,0,4703.576321220226,15.711672571645241,2.256994131899511,2.9161027709014067,15.333041510474432,-0.227631175 -0.972521452 0.0488474537 -18797.0648 -0.0577866887 -0.0365843043 -0.997658402 1408.35952 0.972031248 -0.229920887 -0.0478710662 68188.2884 0 0 0 1,-0.50963565049 -0.859411969104 -0.0410191574183 -17288.2566928 -0.0353604741848 0.0685560565379 -0.997020412916 1208.16533411 0.859663388113 -0.506666689985 -0.0653278251988 65980.5013672 0 0 0 1,-0.263003766537 -0.964228093624 -0.0330599173903 -17226.9134521 0.00722195487469 0.0322977565229 -0.99945217371 1304.5437336 0.964767813683 -0.263098448515 -0.00153082015458 61278.3126831 0 0 0 1
image_3690724746344,1,97,1,0,32,0.400914796,/home/anahita/gigapose/gigaPose_datasets/datasets/2026-05-18-v1-v4/front/EPnPv2_gt_mesh_z_hybrid_labels/3690724746344_0.json,0,2042.2943908095128,12.045596412371959,1.1496712087958418,1.0375769194896514,11.956414546674804,-0.0221969733 -0.996832993 0.0763628069 -9881.22337 0.0228060738 -0.0768666213 -0.99678052 1027.6171 0.99949346 -0.0203839748 0.0244400532 56540.541 0 0 0 1,-0.321841175279 -0.946672743274 -0.0151319156354 -8847.8790096 0.0294162587156 0.00597644083608 -0.999549381172 666.418417729 0.946336589631 -0.322141271934 0.0259241056448 54092.5544525 0 0 0 1,-0.119394429028 -0.992443740368 -0.0282895620912 -9333.1079483 0.00567909190431 0.0278102513403 -0.999597132206 1074.65803623 0.992830693722 -0.119506895542 0.00231579062529 52151.1993408 0 0 0 1
image_3690923719687,1,99,1,0,34,1.0,/home/anahita/gigapose/gigaPose_datasets/datasets/2026-05-18-v1-v4/front/EPnPv2_gt_mesh_z_hybrid_labels/3690923719687_0.json,0,3719.102239192015,15.145561371826375,0.13101076945939272,5.500751384252748,14.122462925257306,-0.0442190909 -0.998450443 0.0337843777 -9440.24992 0.0919052398 -0.0377396698 -0.995052332 1305.83154 0.994785454 -0.0408953482 0.0934316413 57547.7418 0 0 0 1,-0.342016980735 -0.937917192357 -0.0577557310863 -8366.93817787 0.106970571923 0.022202672075 -0.994014254069 736.800934914 0.933585390892 -0.346147917901 0.092735847636 55157.1123276 0 0 0 1,-0.106906555593 -0.993906795979 -0.0268390066922 -8718.75667572 0.00488771358505 0.026468032971 -0.999637722969 1005.70428371 0.994257092476 -0.106998965144 0.00202832277864 51464.466095 0 0 0 1
image_3691023989463,1,100,1,0,35,0.990517238,/home/anahita/gigapose/gigaPose_datasets/datasets/2026-05-18-v1-v4/front/EPnPv2_gt_mesh_z_hybrid_labels/3691023989463_0.json,0,4545.002288927014,14.2168810177948,4.26165286005704,6.193803639929156,11.847180503545568,-0.000568721184 -0.999269295 -0.0382171674 -9305.015 0.0798420881 0.0380497914 -0.996081048 1296.14952 0.996807362 -0.00361783084 0.0797621074 58101.9867 0 0 0 1,-0.298418435339 -0.94562535886 -0.129379741029 -8366.38248794 0.118179498222 0.0979036536731 -0.988154077379 684.437967329 0.947090303534 -0.31017342657 0.0825372753084 55665.6613571 0 0 0 1,-0.100984700024 -0.994542598724 -0.026211488992 -8421.85020447 0.00519576761872 0.0258186049759 -0.999653100967 1019.23894882 0.994874417782 -0.101085886359 0.00256012519822 51133.3465576 0 0 0 1
image_3691125062965,1,101,1,0,36,0.987649005,/home/anahita/gigapose/gigaPose_datasets/datasets/2026-05-18-v1-v4/front/EPnPv2_gt_mesh_z_hybrid_labels/3691125062965_0.json,0,3802.133932915261,14.246240006717162,1.7216139981925325,3.8094378807039826,13.565003803085522,-0.0249811147 -0.999554762 0.0163162966 -8867.31257 0.0540304831 -0.0176475175 -0.998383329 1220.04311 0.998226753 -0.024059151 0.0544472813 56989.4155 0 0 0 1,-0.323463263555 -0.943249018897 -0.0751851404451 -7847.24168295 0.076965962678 0.0529665075615 -0.995625827944 724.464407617 0.943105379792 -0.327835076251 0.0554653493616 54559.4442388 0 0 0 1,-0.0951012447476 -0.995148062706 -0.0252191070467 -8129.29916382 0.004875656683 0.0248679816723 -0.999678790569 988.304674625 0.995455682278 -0.0951936617494 0.00248702382669 50776.9775391 0 0 0 1
image_3691223467758,1,102,1,0,37,0.82762357,/home/anahita/gigapose/gigaPose_datasets/datasets/2026-05-18-v1-v4/front/EPnPv2_gt_mesh_z_hybrid_labels/3691223467758_0.json,0,3087.775540495098,16.406040767205777,4.71790887628427,3.7195391758601533,15.121193004971428,-0.0482202131 -0.998289455 -0.0330601711 -8431.72625 0.0367104372 0.0313050358 -0.998835491 1153.11821 0.998161888 -0.0493777136 0.0351381069 55870.2157 0 0 0 1,-0.343727771073 -0.930803921988 -0.124319258497 -7373.99520427 0.0751122962719 0.104710054038 -0.991662214204 653.662994366 0.936060554736 -0.350199747627 0.0339230665251 53457.1983528 0 0 0 1,-0.0894366428256 -0.995680093765 -0.0249411482364 -7842.27371216 0.00398032134399 0.024683997035 -0.999687373638 954.089939594 0.995984613895 -0.0895079299808 0.00175547320396 50419.960022 0 0 0 1
image_3691323318781,1,103,1,0,38,0.982943284,/home/anahita/gigapose/gigaPose_datasets/datasets/2026-05-18-v1-v4/front/EPnPv2_gt_mesh_z_hybrid_labels/3691323318781_0.json,0,2368.860992487978,15.60964212777269,5.914753954075063,3.521378109217599,13.837899458456828,-0.0208722508 -0.998508407 -0.05045106 -8018.13883 0.0261175756 0.0499002752 -0.998412658 1095.06333 0.999440954 -0.0221567788 0.0250370878 54751.6723 0 0 0 1,-0.317177198016 -0.937741206133 -0.141562899576 -7034.55851149 0.0705621800803 0.125521693316 -0.989578336527 604.306439774 0.945737597289 -0.323860670705 0.0263564449273 52305.7306362 0 0 0 1,-0.0834446027875 -0.996208429337 -0.0246115420014 -7536.72504425 0.00343882455491 0.0244096629322 -0.999696135521 910.623073578 0.99650645256 -0.0835039243102 0.00138893024996 50011.0626221 0 0 0 1
image_3691424593464,1,104,1,0,39,0.985947673,/home/anahita/gigapose/gigaPose_datasets/datasets/2026-05-18-v1-v4/front/EPnPv2_gt_mesh_z_hybrid_labels/3691424593464_0.json,0,1767.7884551068305,16.543388982238326,4.030334072134906,2.3887033807010543,15.786783025616579,-0.0480011853 -0.998752141 -0.0137857305 -7635.84693 0.0165730811 0.0130033703 -0.999778098 1032.07542 0.998709777 -0.0482190058 0.0159282231 53634.3272 0 0 0 1,-0.344250428127 -0.932969195414 -0.105167116775 -6570.91070393 0.0504597155809 0.0934665354117 -0.994342910549 599.592279757 0.937520911386 -0.347609675537 0.0149014654686 51211.5658909 0 0 0 1,-0.0773500427604 -0.996691644192 -0.0249515902251 -7226.93777084 0.0021175625734 0.0248622801155 -0.999688625336 830.866456032 0.997001707554 -0.077378757298 0.000187459154404 49586.3838196 0 0 0 1
image_3691723614212,1,106,1,0,41,0.980589384,/home/anahita/gigapose/gigaPose_datasets/datasets/2026-05-18-v1-v4/front/EPnPv2_gt_mesh_z_hybrid_labels/3691723614212_0.json,0,1333.9359395574027,18.65012547212099,5.822584832657581,6.758469458918986,16.055547429716686,-0.0161594401 -0.997668429 -0.0663067017 -6678.10434 0.076525637 0.0648867971 -0.994954034 814.882918 0.996936658 -0.0211520627 0.0752986777 51850.4662 0 0 0 1,-0.311943467762 -0.936995655522 -0.15725906928 -5713.01312359 0.123013542484 0.124293575639 -0.98459066355 186.256761642 0.942103466688 -0.326481621253 0.0764905858412 49428.8280559 0 0 0 1,-0.042416151613 -0.998805582523 -0.0242535620928 -6224.17736053 -0.00138211261947 0.0243340488523 -0.99970293045 647.073984146 0.999099135399 -0.0423700660467 -0.0024126204662 48286.1366272 0 0 0 1
image_3691834875573,1,107,1,0,42,1.0,/home/anahita/gigapose/gigaPose_datasets/datasets/2026-05-18-v1-v4/front/EPnPv2_gt_mesh_z_hybrid_labels/3691834875573_0.json,0,951.6590151032397,17.737189373774136,6.489125751971491,5.213049883630918,15.384575363924244,0.000643210534 -0.997658465 -0.0683898595 -5992.58389 0.0460977436 0.0683467518 -0.996596066 678.174931 0.998936727 -0.00251159712 0.0460337655 50154.9898 0 0 0 1,-0.295852170145 -0.941861505017 -0.159274599911 -5069.92756577 0.0950813003117 0.136874769141 -0.986014626219 121.028887533 0.950489894689 -0.306858603275 0.0490587191542 47699.5475198 0 0 0 1,-0.0355625115335 -0.999061763287 -0.024714788422 -5900.94137192 -0.00240181665868 0.0248158033937 -0.999689161777 584.317624569 0.999364554882 -0.0354921072721 -0.00328207667917 47678.7033081 0 0 0 1
image_3691932170125,1,108,1,0,43,0.736064369,/home/anahita/gigapose/gigaPose_datasets/datasets/2026-05-18-v1-v4/front/EPnPv2_gt_mesh_z_hybrid_labels/3691932170125_0.json,0,1291.9905508935744,16.344853285160376,3.4294479368837796,2.4390038926486497,15.724566041088854,-0.00278558057 -0.999988463 -0.00391328555 -5612.59994 0.0143543293 0.00387291255 -0.999889471 631.011188 0.999893091 -0.00284144527 0.0143433754 49005.7507 0 0 0 1,-0.301803339232 -0.948595799429 -0.0952929857334 -4654.78413452 0.0456147027957 0.0854716486068 -0.995295883952 212.679636965 0.952278343213 -0.304730382497 0.0174742865206 46536.2384423 0 0 0 1,-0.0336509160697 -0.999108314514 -0.0254996363074 -5665.2135849 -0.00402594683692 0.0256493911147 -0.999662935734 484.05277729 0.999425530434 -0.0335369929671 -0.00488548306748 47294.2810059 0 0 0 1
image_3692025357786,1,109,1,0,44,0.976995453,/home/anahita/gigapose/gigaPose_datasets/datasets/2026-05-18-v1-v4/front/EPnPv2_gt_mesh_z_hybrid_labels/3692025357786_0.json,0,1442.1404497951125,18.3471694464455,6.414458197660789,4.477234193543032,16.36044923388844,-0.010037862 -0.997816067 -0.0652865785 -5427.65144 0.0330025002 0.0649237145 -0.997344347 674.009917 0.999404861 -0.0121658252 0.0322787297 48402.9584 0 0 0 1,-0.306181062759 -0.939065278684 -0.156235587326 -4477.20165507 0.0815913430482 0.137627496197 -0.987117786916 152.289297214 0.948470352423 -0.314984244446 0.0344806642871 45950.3361304 0 0 0 1,-0.0288820359856 -0.999237000942 -0.0262903850526 -5443.42184067 -0.00403770059347 0.026417767629 -0.999642848969 482.754558325 0.999574780464 -0.0287655368447 -0.00479761930183 46968.6584473 0 0 0 1
image_3692125131048,1,110,1,0,45,0.975979646,/home/anahita/gigapose/gigaPose_datasets/datasets/2026-05-18-v1-v4/front/EPnPv2_gt_mesh_z_hybrid_labels/3692125131048_0.json,0,1218.8560943620948,18.49670781171667,3.734055859066865,5.471889701190667,17.102073085650286,-0.0153801119 -0.999520862 -0.0268607305 -5259.31128 0.0641248568 0.0258225977 -0.997607737 720.806742 0.997823359 -0.0170657591 0.0636969777 48234.8233 0 0 0 1,-0.312968365134 -0.942386630763 -0.118144999232 -4279.43230813 0.0995781501071 0.0911501595944 -0.990846022932 159.107733883 0.94452898064 -0.321868120323 0.0653140009469 45802.697763 0 0 0 1,-0.0241112764925 -0.999360084534 -0.0264194328338 -5217.77820587 -0.00368620804511 0.0265158116817 -0.999641537666 485.382556915 0.999702453613 -0.0240052547306 -0.0043231821619 46508.8577271 0 0 0 1
image_3692327041048,1,112,1,0,47,0.907247625,/home/anahita/gigapose/gigaPose_datasets/datasets/2026-05-18-v1-v4/front/EPnPv2_gt_mesh_z_hybrid_labels/3692327041048_0.json,0,2273.4627308800127,4.602911184145322,0.2952257165985858,2.7746415494407675,3.668223708522226,0.339764235 -0.938612043 0.05973021 -5462.36749 -0.0623682194 -0.0858538387 -0.994353722 598.502187 0.938440446 0.334120565 -0.0877096257 50453.4848 0 0 0 1,0.0412866984478 -0.998831389117 -0.0251249931856 -5387.69025434 -0.0545763625536 0.0228544046758 -0.998248014124 457.838225483 0.997655667171 0.0425855957212 -0.0535690011368 47776.6321396 0 0 0 1,-0.0212787427008 -0.999374687672 -0.0282371938229 -4907.84835815 -0.00439187418669 0.0283367540687 -0.999588787556 421.374410391 0.999763906002 -0.0211460217834 -0.00499209901318 45554.6836853 0 0 0 1
image_3692525340777,1,113,1,0,48,0.564573977,/home/anahita/gigapose/gigaPose_datasets/datasets/2026-05-18-v1-v4/front/EPnPv2_gt_mesh_z_hybrid_labels/3692525340777_0.json,0,3270.9302000810603,14.289784524124077,5.186715381099909,2.5630120971528596,13.188586683036,0.0549123749 -0.99839628 -0.0137658332 -5344.39077 -0.0774300779 0.00948722922 -0.996952645 619.48306 0.995484412 0.0558109269 -0.0767849355 50485.6336 0 0 0 1,-0.245998760571 -0.963592253319 -0.104759620746 -4534.79761667 -0.040327681633 0.118162469862 -0.992175039831 424.352314121 0.968430838106 -0.23984911755 -0.0679272628025 47936.6365194 0 0 0 1,-0.0174102243036 -0.999450445175 -0.0282036866993 -4716.60137177 -0.00212343363091 0.0282448604703 -0.999598801136 499.318897724 0.999846160412 -0.0173433497548 -0.00261401478201 44671.62323 0 0 0 1
image_3692826826129,1,114,1,0,49,0.974594032,/home/anahita/gigapose/gigaPose_datasets/datasets/2026-05-18-v1-v4/front/EPnPv2_gt_mesh_z_hybrid_labels/3692826826129_0.json,0,2439.314507201621,17.26002281239314,2.1525560979778366,4.887517846432565,16.327413570933953,0.00589660099 -0.999973097 0.00436285982 -5000.85054 0.0652671046 -0.00396877572 -0.997859937 721.452058 0.997850407 0.00616873312 0.0652419464 48069.6062 0 0 0 1,-0.293773441946 -0.951905802362 -0.0870201551963 -4061.42551202 0.0917595556231 0.0625329556428 -0.993815784441 185.200577202 0.951460639397 -0.299941614489 0.0689759317741 45615.8706478 0 0 0 1,-0.0167519934475 -0.99952173233 -0.0259891860187 -4659.71755981 -0.00072744989302 0.0260050073266 -0.999661505222 516.255140305 0.999859392643 -0.0167273953557 -0.0011627364438 43274.3530273 0 0 0 1
image_3692928017584,1,115,1,0,50,0.953667939,/home/anahita/gigapose/gigaPose_datasets/datasets/2026-05-18-v1-v4/front/EPnPv2_gt_mesh_z_hybrid_labels/3692928017584_0.json,0,854.8550394666289,18.38047301724284,3.10089887817049,6.831125360909629,16.608057880226383,-0.00258310433 -0.999765746 -0.0214890897 -5001.00431 0.0935394547 0.0211533759 -0.99539083 797.898426 0.995612223 -0.0045812761 0.0934629013 45717.77 0 0 0 1,-0.30100278785 -0.946931532784 -0.112774084813 -4050.56561007 0.126164453802 0.0776757456816 -0.988963603211 168.59983125 0.945240632255 -0.311908882612 0.0960884835931 43290.5179 0 0 0 1,-0.0213924665004 -0.999454796314 -0.0251471381634 -4660.63737869 0.000127418839838 0.0251501686871 -0.99968367815 519.855499268 0.999771177769 -0.0213888771832 -0.000410674896557 42805.5343628 0 0 0 1
image_3693426874121,1,119,1,0,54,0.988339634,/home/anahita/gigapose/gigaPose_datasets/datasets/2026-05-18-v1-v4/front/EPnPv2_gt_mesh_z_hybrid_labels/3693426874121_0.json,0,4165.981421554981,19.097059991174095,3.8371775860626807,1.3669629815593642,18.615793160207936,-0.0522587993 -0.998613617 -0.0063136264 -5107.82073 -0.000385650435 0.00634244563 -0.999979812 611.10931 0.998633501 -0.0522553095 -0.00071656437 46879.7902 0 0 0 1,-0.34849925387 -0.932200320713 -0.0977283590122 -4029.63360939 0.0322994354005 0.0922591526975 -0.995211030368 226.916014439 0.936752377438 -0.34998687245 -0.00204270184388 44454.7517998 0 0 0 1,-0.0319679044187 -0.999129474163 -0.0268014855683 -4858.58821869 -0.000112298032036 0.0268187820911 -0.999640285969 462.76602149 0.999488890171 -0.0319533869624 -0.000969543762039 40378.8948059 0 0 0 1
image_3693524147127,1,120,1,0,55,0.974096713,/home/anahita/gigapose/gigaPose_datasets/datasets/2026-05-18-v1-v4/front/EPnPv2_gt_mesh_z_hybrid_labels/3693524147127_0.json,0,1077.7195371116206,18.04190211337325,3.709483372693061,1.230167800591884,17.577168930273814,-0.0345689243 -0.999394041 -0.00406692217 -4859.13039 -0.00225238746 0.00414725255 -0.999988863 638.772276 0.999399778 -0.0345593791 -0.00239438867 42463.5905 0 0 0 1,-0.331931603861 -0.938456660484 -0.0955013419821 -3823.18234201 0.0298625021515 0.0907365455897 -0.995427098956 261.291895591 0.942830653555 -0.333265622798 -0.00209366307334 40019.1634913 0 0 0 1,-0.0323922932148 -0.99909812212 -0.0274513252079 -4876.92117691 0.000115872826427 0.0274619869888 -0.999622821808 471.094459295 0.999475181103 -0.0323832258582 -0.000773788895458 39934.9212646 0 0 0 1
image_3693761186526,1,122,1,0,57,0.989572477,/home/anahita/gigapose/gigaPose_datasets/datasets/2026-05-18-v1-v4/front/EPnPv2_gt_mesh_z_hybrid_labels/3693761186526_0.json,0,2016.7314077475462,17.522271174589203,2.462804672345505,1.3843489194092442,17.265021330373116,-0.0282654883 -0.999488823 0.0149383954 -4772.19041 0.0109797546 -0.0152539024 -0.999823366 773.211861 0.999540148 -0.0280964758 0.011405301 39227.4169 0 0 0 1,-0.326533347442 -0.942079691826 -0.0765625760111 -3744.56628919 0.0366703365788 0.0683148240446 -0.9969896544 381.483831871 0.944474065149 -0.328357944671 0.0122393112003 36781.7184278 0 0 0 1,-0.0322403945029 -0.999084711075 -0.0281106643379 -4860.36252975 0.00441870326176 0.0279825348407 -0.999598622322 621.516287327 0.999470233917 -0.0323516838253 0.00351249030791 38444.4236755 0 0 0 1
image_3693824660269,1,123,1,0,58,0.883528472,/home/anahita/gigapose/gigaPose_datasets/datasets/2026-05-18-v1-v4/front/EPnPv2_gt_mesh_z_hybrid_labels/3693824660269_0.json,0,2684.312762963683,17.24042777113128,2.4250376054204774,1.6634759128907555,16.954468552825436,-0.0225305757 -0.99966134 0.0130222004 -4728.82396 0.0161578123 -0.013387912 -0.99977982 778.972051 0.999615575 -0.0223152046 0.0164539777 38560.7276 0 0 0 1,-0.32105679033 -0.943803746119 -0.0784667154272 -3715.97265418 0.0421656015372 0.0685256499939 -0.996757892823 372.65252791 0.946120816255 -0.323324486129 0.0177954274912 36111.250131 0 0 0 1,-0.0320952609181 -0.999060332775 -0.0291257947683 -4852.37360001 0.00491665676236 0.0289826393127 -0.999567806721 641.617596149 0.999472677708 -0.0322246626019 0.00398183008656 38528.2287598 0 0 0 1
image_3693927827209,1,124,1,0,59,1.0,/home/anahita/gigapose/gigaPose_datasets/datasets/2026-05-18-v1-v4/front/EPnPv2_gt_mesh_z_hybrid_labels/3693927827209_0.json,0,2410.6093422880776,17.321639760252975,4.680571664980138,1.1370933873956712,16.596972309669372,-0.0179382472 -0.999634496 -0.0202260555 -4701.90325 -0.0043240684 0.0203066841 -0.999784447 785.796391 0.999829746 -0.0178469217 -0.00468675426 38350.8617 0 0 0 1,-0.315646141647 -0.942296382622 -0.111557340356 -3713.06188333 0.0327165521621 0.106690095073 -0.993753918371 398.136599248 0.94831278584 -0.317324361644 -0.00284762811126 35888.5831151 0 0 0 1,-0.032230194658 -0.999087452888 -0.0280227381736 -4856.7647934 0.00513515761122 0.0278714057058 -0.999598324299 634.660601616 0.999467253685 -0.0323611460626 0.00423217052594 37997.3831177 0 0 0 1
image_3694027744824,1,125,1,0,60,0.447374812,/home/anahita/gigapose/gigaPose_datasets/datasets/2026-05-18-v1-v4/front/EPnPv2_gt_mesh_z_hybrid_labels/3694027744824_0.json,0,2159.9662668068995,16.704592279686608,5.28705996750423,2.2529027060385665,15.587890779425122,-0.0034158377 -0.999335842 -0.0362795626 -4772.09622 0.0115539154 0.0362379121 -0.999276399 794.498 0.999927417 -0.00383253699 0.0114224589 38148.0264 0 0 0 1,-0.301213185795 -0.944998938463 -0.127466163046 -3825.6108208 0.0526110575823 0.117000980729 -0.991737287774 352.51339695 0.952104350092 -0.305430477502 0.0144751553716 35678.2656428 0 0 0 1,-0.0354064740241 -0.998981416225 -0.0279746465385 -4861.56749725 0.00608679652214 0.0277761220932 -0.99959564209 654.535293579 0.999354600906 -0.0355624035001 0.00509713822976 37549.369812 0 0 0 1
image_3694225839034,1,127,1,0,62,0.968304512,/home/anahita/gigapose/gigaPose_datasets/datasets/2026-05-18-v1-v4/front/EPnPv2_gt_mesh_z_hybrid_labels/3694225839034_0.json,0,1353.524145897232,18.465064546389353,5.5992259074510695,1.1336175115467748,17.51108183659776,-0.0393668151 -0.998574639 -0.0360408655 -4984.58584 -0.00456119078 0.0362480312 -0.999332415 919.93531 0.999214416 -0.0391761452 -0.00598165898 38164.2275 0 0 0 1,-0.335278165312 -0.933481439022 -0.127282970727 -3949.65123409 0.03724728395 0.121863299454 -0.99184775847 517.851795919 0.941382595659 -0.337285841747 -0.0060884552453 35723.2968569 0 0 0 1,-0.0370779149234 -0.998892784119 -0.0289562605321 -4917.73509979 0.00929159857333 0.0286303330213 -0.99954688549 767.880737782 0.999269247055 -0.0373301543295 0.00821975711733 36635.6163025 0 0 0 1
image_3694324724127,1,128,1,0,63,0.971470875,/home/anahita/gigapose/gigaPose_datasets/datasets/2026-05-18-v1-v4/front/EPnPv2_gt_mesh_z_hybrid_labels/3694324724127_0.json,0,911.1730655202875,19.550373839514965,5.653306604762836,4.525680179882449,17.950078656988953,-0.0467914731 -0.997319635 -0.0562503674 -5129.36913 0.0515019977 0.0538284822 -0.997221158 1023.60665 0.997576114 -0.0495584533 0.0488452396 38697.6624 0 0 0 1,-0.341361426913 -0.928315448948 -0.147318714371 -4084.8938273 0.0959095277481 0.121513661275 -0.987945237266 466.659623585 0.935026063572 -0.351375664486 0.0475542195375 36291.4652853 0 0 0 1,-0.0386966429651 -0.998857200146 -0.0280475430191 -4935.23025513 0.00898488424718 0.0277196243405 -0.999575316906 756.565213203 0.999210596085 -0.0389321520925 0.00790195912123 36139.415741 0 0 0 1
image_3694423130531,1,129,1,0,64,0.992692773,/home/anahita/gigapose/gigaPose_datasets/datasets/2026-05-18-v1-v4/front/EPnPv2_gt_mesh_z_hybrid_labels/3694423130531_0.json,0,983.9576875251497,18.920887754538175,3.7586026624251656,0.5305214503108824,18.557026653279944,-0.0598015123 -0.99819226 0.00599933195 -5274.06431 -0.0223277939 -0.00467097895 -0.999739792 1120.02356 0.997960545 -0.0599199034 -0.0220080994 38763.0992 0 0 0 1,-0.355945294724 -0.930591463805 -0.0854545226314 -4172.9202057 0.00807044717386 0.0883789548992 -0.996054229621 800.781434984 0.934471944812 -0.355230472577 -0.0239477838596 36338.9561909 0 0 0 1,-0.0399062968791 -0.998823165894 -0.0275624319911 -4942.6202774 0.00913957506418 0.0272183734924 -0.999587655067 761.661708355 0.999161660671 -0.0401417464018 0.00804263353348 35727.2338867 0 0 0 1
image_3694523845793,1,130,1,0,65,0.981585469,/home/anahita/gigapose/gigaPose_datasets/datasets/2026-05-18-v1-v4/front/EPnPv2_gt_mesh_z_hybrid_labels/3694523845793_0.json,0,979.2499753741372,18.647537969467365,5.885024996522324,5.9036773246514525,16.395314302635978,-0.0202451957 -0.997586952 -0.066410887 -5285.90135 0.0730456281 0.0647711223 -0.99522311 1087.2153 0.997123096 -0.0249995115 0.0715580614 38360.4793 0 0 0 1,-0.315812349056 -0.935680185784 -0.157369472188 -4310.80305088 0.119668416749 0.125253768849 -0.98488119292 467.220490017 0.941244936563 -0.329869798413 0.0724146794071 35940.6253906 0 0 0 1,-0.0400730930269 -0.998809933662 -0.0277976579964 -4939.78977203 0.00959171820432 0.0274341925979 -0.999577522278 771.260857582 0.999150753021 -0.0403227284551 0.0084809307009 35254.4288635 0 0 0 1
image_3694723188793,1,131,1,0,66,0.965534266,/home/anahita/gigapose/gigaPose_datasets/datasets/2026-05-18-v1-v4/front/EPnPv2_gt_mesh_z_hybrid_labels/3694723188793_0.json,0,1110.1249121838737,15.358631319600976,3.9779986385373163,4.273703971095341,14.064280290199582,0.0188616165 -0.999561547 -0.0228244045 -5196.24222 0.0560459065 0.0238495999 -0.998143303 1049.57681 0.998250017 0.0175473817 0.056471175 37628.3578 0 0 0 1,-0.280449359944 -0.953073773494 -0.114011135616 -4299.64256808 0.0912995002415 0.0917527444374 -0.991587532958 509.572861139 0.955516906369 -0.288499248703 0.0612831607467 35159.4697911 0 0 0 1,-0.0417574606836 -0.998773992062 -0.0265866871923 -4975.0213623 0.0108233960345 0.0261561442167 -0.999599218369 807.713806629 0.999069213867 -0.0420284979045 0.00971790961921 34330.4023743 0 0 0 1
image_3694823956254,1,132,1,0,67,0.927342307,/home/anahita/gigapose/gigaPose_datasets/datasets/2026-05-18-v1-v4/front/EPnPv2_gt_mesh_z_hybrid_labels/3694823956254_0.json,0,1084.0916082797287,17.17065238004699,4.691397085819197,3.6807946990323948,15.959373905738966,-0.0156285087 -0.999359916 -0.0321793062 -5119.93706 0.0428156345 0.0314848376 -0.998586765 1026.88346 0.998960746 -0.0169841993 0.0422961678 36902.6983 0 0 0 1,-0.312993436637 -0.94170100162 -0.123427435806 -4141.61222364 0.0809808081791 0.103022788487 -0.991377029464 512.22309796 0.946296580432 -0.320289756955 0.0440142515207 34459.5633408 0 0 0 1,-0.0423135906458 -0.998771071434 -0.0258048921824 -4999.62091446 0.0102552846074 0.0253924839199 -0.999624967575 780.730485916 0.999051749706 -0.0425623171031 0.00916823279113 33853.7750244 0 0 0 1
image_3695027780512,1,134,1,0,69,1.0,/home/anahita/gigapose/gigaPose_datasets/datasets/2026-05-18-v1-v4/front/EPnPv2_gt_mesh_z_hybrid_labels/3695027780512_0.json,0,1005.7793009175118,18.22180834398655,5.2000644502065585,6.009363980679841,16.14065174113125,-0.018167816 -0.998430307 -0.0529797282 -5185.26345 0.07946534 0.0513789278 -0.995512665 1002.08391 0.996672057 -0.0222963431 0.0784071609 35728.8826 0 0 0 1,-0.314496874781 -0.938262828037 -0.144064500665 -4209.41754933 0.121791734728 0.110627811134 -0.986371259422 378.826617246 0.941413027361 -0.327756543858 0.0794805565792 33310.1684136 0 0 0 1,-0.0429264865816 -0.998760700226 -0.0251872446388 -5014.46533203 0.0107791647315 0.0247460268438 -0.999635636806 799.131810665 0.99902009964 -0.043182272464 0.00970354769379 32877.9258728 0 0 0 1
image_3695324322327,1,136,1,0,71,1.0,/home/anahita/gigapose/gigaPose_datasets/datasets/2026-05-18-v1-v4/front/EPnPv2_gt_mesh_z_hybrid_labels/3695324322327_0.json,0,962.1253696496541,15.927058658963256,4.862779264203356,4.413401216077908,14.332290159629952,0.00995691421 -0.999328504 -0.035261877 -5121.37624 0.0526902549 0.0357389676 -0.997971174 968.324029 0.998561263 0.00807875607 0.0530107234 33814.9624 0 0 0 1,-0.288489084569 -0.949102518248 -0.126405921368 -4207.648634 0.0916521519642 0.104039700771 -0.990341165763 425.376849068 0.953086528176 -0.29728799091 0.0569729701571 31353.0092297 0 0 0 1,-0.045320995152 -0.998703896999 -0.0231610517949 -5095.70217133 0.00942725595087 0.022756267339 -0.999696552753 754.277467728 0.998928070068 -0.0455255173147 0.00838369969279 31522.9225159 0 0 0 1
image_3695427770979,1,137,1,0,72,1.0,/home/anahita/gigapose/gigaPose_datasets/datasets/2026-05-18-v1-v4/front/EPnPv2_gt_mesh_z_hybrid_labels/3695427770979_0.json,0,1448.4735699453656,16.33343532411607,4.222591439308412,2.7255581538549034,15.445901146724287,-0.0100867184 -0.999815344 -0.0163565146 -5035.38104 0.0289532525 0.0160584695 -0.999451767 941.242965 0.999529873 -0.0105547628 0.0287859288 32500.9063 0 0 0 1,-0.308331545696 -0.945163361079 -0.107693446222 -4064.35589709 0.0631705989044 0.0926158002464 -0.993696024351 475.296752318 0.949179189145 -0.31319089066 0.0311501626907 30045.1156953 0 0 0 1,-0.0454395636916 -0.998699843884 -0.0231028255075 -5098.94990921 0.00997284706682 0.0226720571518 -0.999693155289 765.30110836 0.998917400837 -0.0456560142338 0.00892966985703 31016.500473 0 0 0 1
image_3695531777258,1,138,1,0,73,0.540732193,/home/anahita/gigapose/gigaPose_datasets/datasets/2026-05-18-v1-v4/front/EPnPv2_gt_mesh_z_hybrid_labels/3695531777258_0.json,0,1757.6036779878907,17.045555608225083,3.5721571483073564,1.2192059490313203,16.587440436995532,-0.0320740595 -0.999482752 0.00234159463 -4953.66048 0.00600214854 -0.00253536961 -0.999978773 876.185212 0.999467473 -0.0320593241 0.00608036353 31677.2693 0 0 0 1,-0.3297760581 -0.939843350549 -0.0891191777154 -3921.38045026 0.0357343987332 0.081905444129 -0.995999272744 484.619149585 0.943382639663 -0.331641334364 0.00657428252456 29233.5063901 0 0 0 1,-0.0472318381071 -0.998610556126 -0.0233648940921 -5095.85809708 0.00824336986989 0.023000523448 -0.999701499939 710.513234138 0.998849928379 -0.0474103577435 0.00714556034654 30521.4290619 0 0 0 1
image_3695625625021,1,139,1,0,74,0.633598952,/home/anahita/gigapose/gigaPose_datasets/datasets/2026-05-18-v1-v4/front/EPnPv2_gt_mesh_z_hybrid_labels/3695625625021_0.json,0,1561.79665039758,15.04886299679057,4.589033795478152,0.4137140311128024,14.313422667995754,0.00672492543 -0.99993389 -0.00932690796 -5119.46399 -0.0127529487 0.00924059949 -0.999875979 955.797343 0.999896063 0.00684303698 -0.0126899632 31344.5806 0 0 0 1,-0.292550528119 -0.950938772253 -0.100646113327 -4187.31883528 0.0213692268408 0.0987232602687 -0.994885457622 599.52837786 0.956011267643 -0.293204995547 -0.00856071553462 28855.58863 0 0 0 1,-0.0472973845899 -0.99863576889 -0.0221275910735 -5105.16548157 0.00906192325056 0.0217224918306 -0.999722898006 731.318891048 0.998839735985 -0.047484844923 0.00802214164287 30112.329483 0 0 0 1
image_3695725109837,1,140,1,0,75,0.445853633,/home/anahita/gigapose/gigaPose_datasets/datasets/2026-05-18-v1-v4/front/EPnPv2_gt_mesh_z_hybrid_labels/3695725109837_0.json,0,1001.4704115289383,17.216369081414797,3.2141849770334945,0.33351418941146055,16.903280020942876,-0.0388424423 -0.999152118 0.0136495421 -5290.5625 -0.00446778298 -0.0134860595 -0.999899077 1039.9976 0.999235359 -0.0388995054 -0.00394016333 31577.7658 0 0 0 1,-0.336479868739 -0.938467048825 -0.0778517593314 -4237.53882615 0.0224698456236 0.0746474692389 -0.996956799688 684.834940681 0.941422542315 -0.337205210084 -0.00403016093286 29137.2937515 0 0 0 1,-0.0483715198934 -0.998561024666 -0.0231516361237 -5107.68890381 0.0105143040419 0.0226684361696 -0.999687790871 778.672456741 0.998774111271 -0.0485998429358 0.00940266717225 29624.0959167 0 0 0 1
image_3695824539567,1,141,1,0,76,0.900568597,/home/anahita/gigapose/gigaPose_datasets/datasets/2026-05-18-v1-v4/front/EPnPv2_gt_mesh_z_hybrid_labels/3695824539567_0.json,0,1037.0291180457755,17.518016720593028,4.876475208839277,1.3227832952493155,16.72276885092876,-0.0361939064 -0.999169963 -0.0186918559 -5379.69389 0.00292768817 0.0185980154 -0.999822756 1095.37993 0.999340497 -0.0362422151 0.00225212325 32314.2563 0 0 0 1,-0.33296423852 -0.936495481315 -0.11005011878 -4345.47722396 0.0391221736979 0.102888996683 -0.993923191618 691.36368307 0.942127523534 -0.335246278274 0.00237938245746 29873.3404982 0 0 0 1,-0.048277143389 -0.998583972454 -0.0223478749394 -5098.68526459 0.0101829683408 0.021880749613 -0.999708712101 771.092414856 0.998782038689 -0.0484906025231 0.00911220815033 29164.9971008 0 0 0 1
image_3695932924000,1,142,1,0,77,1.0,/home/anahita/gigapose/gigaPose_datasets/datasets/2026-05-18-v1-v4/front/EPnPv2_gt_mesh_z_hybrid_labels/3695932924000_0.json,0,1133.1620147767314,13.586872753375529,2.183555684442783,2.466857363339922,13.136315462456182,0.0268386288 -0.999446644 0.0196492767 -5441.31359 0.0339608477 -0.0187333958 -0.999247577 1046.61027 0.999062735 0.0274857409 0.0334392766 32071.3645 0 0 0 1,-0.274114423367 -0.959022226817 -0.071677413783 -4548.48732976 0.0575277344495 0.058047108846 -0.996654951505 601.46909129 0.959974917569 -0.277320936535 0.0392588262216 29582.2655074 0 0 0 1,-0.0497466661036 -0.998491048813 -0.0232548452914 -5094.48242188 0.00958059355617 0.0228055380285 -0.999693989754 748.549818993 0.998715877533 -0.0499541983008 0.00843163765967 28600.271225 0 0 0 1
image_3696123375272,1,143,1,0,78,0.640347292,/home/anahita/gigapose/gigaPose_datasets/datasets/2026-05-18-v1-v4/front/EPnPv2_gt_mesh_z_hybrid_labels/3696123375272_0.json,0,1011.3780625046948,17.876924881035208,5.083767630188232,1.5145499411652312,17.010817501475913,-0.0422564287 -0.998789697 -0.0251701156 -5374.14521 0.0049775788 0.0249818491 -0.999675513 991.252677 0.999094399 -0.0423680033 0.0039159107 30848.7621 0 0 0 1,-0.338432759521 -0.93375261816 -0.116487401389 -4327.72427154 0.0429830605763 0.108322899177 -0.993186088497 576.132770957 0.940008363713 -0.341133693778 0.00347552766412 28414.9211273 0 0 0 1,-0.0492377653718 -0.99849063158 -0.0243306979537 -5079.33855057 0.0100236739963 0.0238650217652 -0.999664902687 752.89773941 0.998736739159 -0.0494652017951 0.00883348379284 27761.6863251 0 0 0 1
image_3696223616834,1,144,1,0,79,0.511247537,/home/anahita/gigapose/gigaPose_datasets/datasets/2026-05-18-v1-v4/front/EPnPv2_gt_mesh_z_hybrid_labels/3696223616834_0.json,0,785.4682202817381,14.883222439158907,2.6021933557868726,1.9403359658538146,14.482913916764554,0.0028156498 -0.999899691 0.0138808924 -5291.26737 0.0240501301 -0.0138092219 -0.999615374 952.082408 0.999706789 0.00314840409 0.0240088357 29625.2992 0 0 0 1,-0.296982557891 -0.951728946566 -0.0775459328141 -4340.66946214 0.0495611384005 0.0657371009638 -0.996605401562 526.669946411 0.953595854828 -0.299817686406 0.0276459976286 27154.2081343 0 0 0 1,-0.0498490892351 -0.998463988304 -0.0241811964661 -5082.07082748 0.0101155778393 0.0237053241581 -0.999667823315 754.846632481 0.998705625534 -0.0500771291554 0.00891834869981 27277.5764465 0 0 0 1
image_3696325011839,1,145,1,0,80,1.0,/home/anahita/gigapose/gigaPose_datasets/datasets/2026-05-18-v1-v4/front/EPnPv2_gt_mesh_z_hybrid_labels/3696325011839_0.json,0,958.1876737428948,13.741416176371303,2.1095183617755264,0.7585555473540122,13.544240223594851,0.0190844323 -0.999435019 0.0276663581 -5193.29123 0.00658014719 -0.0275452453 -0.9995989 938.317111 0.999796222 0.0192588263 0.00605074416 28788.2542 0 0 0 1,-0.2817525879 -0.957368940667 -0.0637196263925 -4278.22235015 0.0287892089564 0.0579449270036 -0.997904587944 569.282433422 0.95905508714 -0.282996637644 0.0112357613439 26294.7896332 0 0 0 1,-0.0496493801475 -0.998461186886 -0.0247033685446 -5079.82110977 0.0101649593562 0.0242274403572 -0.999654769897 755.735993385 0.998715043068 -0.0498833991587 0.00894643738866 26785.5014801 0 0 0 1
image_3696424820053,1,146,1,0,81,1.0,/home/anahita/gigapose/gigaPose_datasets/datasets/2026-05-18-v1-v4/front/EPnPv2_gt_mesh_z_hybrid_labels/3696424820053_0.json,0,1319.490447900894,15.94398000657618,3.1709029896292233,2.181044363113623,15.415207565735518,-0.0133718642 -0.999908942 0.00181661372 -5051.73873 0.0247805864 -0.00214760987 -0.999690607 903.761994 0.999603479 -0.0133227103 0.0248070475 27951.8631 0 0 0 1,-0.312051690705 -0.945829080031 -0.0896163647144 -4065.59438816 0.0537500474964 0.076599824348 -0.995612072405 465.404385425 0.94854344873 -0.315499314491 0.0269352533028 25497.0178632 0 0 0 1,-0.0496256016195 -0.998448431492 -0.0252584032714 -5069.60487366 0.00946095213294 0.0248184930533 -0.999647140503 738.841891289 0.998723089695 -0.0498470328748 0.00821463763714 26308.3438873 0 0 0 1
image_3696534625362,1,147,1,0,82,0.985244576,/home/anahita/gigapose/gigaPose_datasets/datasets/2026-05-18-v1-v4/front/EPnPv2_gt_mesh_z_hybrid_labels/3696534625362_0.json,0,1578.7788605797684,16.086512800649643,5.437430601010486,0.005879238447986844,15.14509896682208,-0.0124249217 -0.999605904 -0.0251725467 -4897.91695 -0.0246062773 0.0254725243 -0.999372644 870.377424 0.999620004 -0.0117977242 -0.0249130742 27091.3456 0 0 0 1,-0.310227478519 -0.943501795586 -0.116461463137 -3924.63969443 0.0149072907897 0.11766251799 -0.992941742749 528.211481311 0.950545466627 -0.309773938214 -0.0224370906599 24616.1573147 0 0 0 1,-0.0511776395142 -0.998337864876 -0.0265005994588 -5064.02873993 0.00827013887465 0.026110811159 -0.999624848366 694.074690342 0.998655319214 -0.0513775572181 0.00692010251805 25696.3539124 0 0 0 1
image_3696624318737,1,148,1,0,83,0.503879329,/home/anahita/gigapose/gigaPose_datasets/datasets/2026-05-18-v1-v4/front/EPnPv2_gt_mesh_z_hybrid_labels/3696624318737_0.json,0,1884.5722608878457,16.073203703455622,6.28327009653866,1.801899777884266,14.791394521217535,-0.00746476221 -0.999537873 -0.0294672404 -4775.92548 -0.0608110041 0.029867277 -0.997702344 883.294761 0.998121385 -0.00565567828 -0.0610058538 26425.069 0 0 0 1,-0.305344607026 -0.944559475404 -0.120714824601 -3816.63208894 -0.0183563176024 0.132584140716 -0.991001761307 627.288917991 0.952064975036 -0.3003811637 -0.0578224860563 23934.0610923 0 0 0 1,-0.051504060626 -0.998328924179 -0.0262062549591 -5070.19948959 0.00669350288808 0.025895414874 -0.999642252922 654.34885025 0.998650372028 -0.0516610778868 0.00534859625623 25340.9900665 0 0 0 1
image_3696725080108,1,149,1,0,84,0.979683736,/home/anahita/gigapose/gigaPose_datasets/datasets/2026-05-18-v1-v4/front/EPnPv2_gt_mesh_z_hybrid_labels/3696725080108_0.json,0,1296.763720192788,14.98896181194552,2.6111497894589566,1.5263749972682994,14.647614095191509,-0.00197455752 -0.999919056 0.0125691043 -5087.9264 0.0125927398 -0.0125929954 -0.999841407 890.124152 0.999918759 -0.00181596491 0.0126165861 26469.3561 0 0 0 1,-0.301516276506 -0.950193335662 -0.0788705247771 -4125.93761236 0.0390054819484 0.0703584267126 -0.996758879544 491.858164101 0.952662851108 -0.303615408914 0.0158485381729 23998.14891 0 0 0 1,-0.0515903532505 -0.998290836811 -0.0274561885744 -5079.44488525 0.00569019559771 0.0271985139698 -0.999613881111 612.250685692 0.998652160168 -0.051726680249 0.00427728891373 24868.7381744 0 0 0 1
image_3696824050153,1,150,1,0,85,0.907777538,/home/anahita/gigapose/gigaPose_datasets/datasets/2026-05-18-v1-v4/front/EPnPv2_gt_mesh_z_hybrid_labels/3696824050153_0.json,0,746.3382775943694,15.056941638465656,2.326982146259993,1.9399220172528369,14.711386320497121,-0.00319560399 -0.999881675 0.0150474247 -5401.50861 0.0221601797 -0.0151146138 -0.999640173 886.834135 0.999749326 -0.00286100049 0.0222058579 27224.0783 0 0 0 1,-0.302745824557 -0.950003941536 -0.0764033877154 -4435.59019657 0.0473688431649 0.0650679502602 -0.996755915526 467.338685455 0.951893459769 -0.305382831439 0.0253015374401 24757.9216979 0 0 0 1,-0.0520472452044 -0.998265862465 -0.0274979416281 -5084.0177536 0.00686165224761 0.0271771345288 -0.999607086182 638.303279877 0.998621046543 -0.0522154606879 0.0054352581501 24430.3035736 0 0 0 1
image_3696924078831,1,151,1,0,86,0.970221255,/home/anahita/gigapose/gigaPose_datasets/datasets/2026-05-18-v1-v4/front/EPnPv2_gt_mesh_z_hybrid_labels/3696924078831_0.json,0,1122.6029817565357,16.016230121700666,4.744785188187555,3.359939103401924,14.791756418773026,-0.00536840458 -0.999407708 -0.0339913757 -5484.99626 0.0328958433 0.0337969694 -0.998887195 874.490891 0.999444367 -0.00648060556 0.0326949236 27392.882 0 0 0 1,-0.303167208446 -0.944676868464 -0.125200871051 -4532.73662002 0.0722217784314 0.108228838563 -0.991499134243 382.09499927 0.950196641519 -0.3096322541 0.0354148086708 24934.9049751 0 0 0 1,-0.0522589758039 -0.998218715191 -0.0287822000682 -5093.67179871 0.00661111390218 0.0284751337022 -0.999572634697 633.615612984 0.998611688614 -0.0524269528687 0.00511125661433 23995.5825806 0 0 0 1
image_3697023456812,1,152,1,0,87,0.546525892,/home/anahita/gigapose/gigaPose_datasets/datasets/2026-05-18-v1-v4/front/EPnPv2_gt_mesh_z_hybrid_labels/3697023456812_0.json,0,1003.2546391972211,14.73463492256961,3.0132387103253033,2.321148949230928,14.176964832752354,0.00425444321 -0.999990865 -0.000412656893 -5338.39668 0.0227464443 0.00050932818 -0.999741136 866.917743 0.999732214 0.00424395541 0.0227484034 26761.7037 0 0 0 1,-0.295197897913 -0.951017398203 -0.091782950699 -4396.69606671 0.0526068415274 0.0797396152064 -0.995426598572 431.050933005 0.953986751484 -0.298676250705 0.0264910547503 24289.0283713 0 0 0 1,-0.0538280270994 -0.998109161854 -0.029674327001 -5092.94939041 0.005077698268 0.0294434279203 -0.999553501606 585.263729095 0.998537302017 -0.0539546199143 0.00348321651109 23583.3587646 0 0 0 1
image_3697323941807,1,154,1,0,89,0.563783706,/home/anahita/gigapose/gigaPose_datasets/datasets/2026-05-18-v1-v4/front/EPnPv2_gt_mesh_z_hybrid_labels/3697323941807_0.json,0,980.3011208136463,15.471481572883203,3.3746625103406718,1.4132338644105618,14.993662959090328,-0.00992200187 -0.999940462 -0.00454168725 -5145.9683 0.00662148399 0.00447611031 -0.99996806 816.219942 0.999928852 -0.00995175767 0.00657667779 24450.15 0 0 0 1,-0.30857544338 -0.946349251311 -0.0959389955911 -4170.75295863 0.0384230422864 0.0883775834483 -0.99534570537 416.445487521 0.950423518713 -0.310825510136 0.00909046530485 21984.3765683 0 0 0 1,-0.0530650280416 -0.998063802719 -0.0324432477355 -5077.30102539 0.0056417491287 0.0321888588369 -0.999465882778 574.039459229 0.998575150967 -0.0532196983695 0.00392272137105 22322.4964142 0 0 0 1
image_3697424443446,1,155,1,0,90,1.0,/home/anahita/gigapose/gigaPose_datasets/datasets/2026-05-18-v1-v4/front/EPnPv2_gt_mesh_z_hybrid_labels/3697424443446_0.json,0,895.4258604567719,15.154012977537873,1.9103632923875722,0.4439463026227075,15.01987959070748,-0.0100361773 -0.999654452 0.024295093 -5227.33458 -0.00280038832 -0.0242681231 -0.999701563 767.852499 0.999945715 -0.0101012178 -0.00255586147 24120.0247 0 0 0 1,-0.309486034904 -0.948526707555 -0.0671973143544 -4241.17623533 0.0208271603506 0.063888251982 -0.997739705378 418.901970747 0.950675877242 -0.310186034669 -1.74039479921e-05 21650.8895387 0 0 0 1,-0.0529111474752 -0.998049080372 -0.0331408828497 -5071.86365128 0.00470852758735 0.032937657088 -0.99944627285 556.148171425 0.998588085175 -0.0530379191041 0.00295657082461 21955.6999207 0 0 0 1
image_3697523313954,1,156,1,0,91,1.0,/home/anahita/gigapose/gigaPose_datasets/datasets/2026-05-18-v1-v4/front/EPnPv2_gt_mesh_z_hybrid_labels/3697523313954_0.json,0,823.7656488108029,15.97595615871563,4.3868485574404685,2.9052701732760324,14.979178100756004,-0.00910029151 -0.999484612 -0.0307846606 -5300.37718 0.0268697298 0.0305304025 -0.999172614 754.294327 0.99959752 -0.00991993757 0.0265780459 23788.0495 0 0 0 1,-0.306847889406 -0.943903417746 -0.122027500969 -4337.58125746 0.0655060372967 0.106963720314 -0.992102677165 279.83356692 0.949501622735 -0.312418150441 0.0290097806632 21330.6496151 0 0 0 1,-0.0527957566082 -0.998031258583 -0.0338545627892 -5062.91294098 0.00641308818012 0.033562283963 -0.999416053295 578.181862831 0.99858468771 -0.0529820472002 0.00462851533666 21582.5862885 0 0 0 1
image_3697628283541,1,157,1,0,92,0.659247456,/home/anahita/gigapose/gigaPose_datasets/datasets/2026-05-18-v1-v4/front/EPnPv2_gt_mesh_z_hybrid_labels/3697628283541_0.json,0,791.2722962946655,15.100965794812973,3.5060441142172096,1.1178382670726297,14.614082116107602,-0.00437358491 -0.999959666 -0.00784460095 -5260.80043 0.00307572747 0.0078311872 -0.999964606 798.951473 0.999985706 -0.00439755797 0.00304135305 23461.662 0 0 0 1,-0.30318819089 -0.947752162991 -0.0992106752659 -4300.56752584 0.0360455234044 0.0926305415106 -0.995047890238 404.769031346 0.952248728857 -0.305262870421 0.00607773646921 20989.1175266 0 0 0 1,-0.0538906492293 -0.997928202152 -0.0351436808705 -5051.90849304 0.00804239045829 0.0347599126399 -0.999363303185 601.40144825 0.998514473438 -0.0541390143335 0.00615249294788 21140.5582428 0 0 0 1
image_3697727617693,1,158,1,0,93,0.553199187,/home/anahita/gigapose/gigaPose_datasets/datasets/2026-05-18-v1-v4/front/EPnPv2_gt_mesh_z_hybrid_labels/3697727617693_0.json,0,814.7432107502971,15.180562700688212,3.2017510050752276,0.9478960260323668,14.784408791883228,-0.00699419413 -0.999973679 -0.00192924783 -5215.23219 0.00123717243 0.00192064032 -0.99999739 842.145756 0.999974775 -0.00699656269 0.00122370654 23262.3113 0 0 0 1,-0.305873600046 -0.94748655403 -0.0933304353791 -4246.24967183 0.0325243003534 0.0875727251135 -0.995627032158 458.135931635 0.951516426876 -0.307571531907 0.00403015257423 20791.5801267 0 0 0 1,-0.0536157004535 -0.997941076756 -0.0352000929415 -5052.66475677 0.00734231295064 0.0348558574915 -0.999365389347 566.470682621 0.998534560204 -0.0538401380181 0.00545837171376 20833.5895538 0 0 0 1
image_3697824260173,1,159,1,0,94,0.803911921,/home/anahita/gigapose/gigaPose_datasets/datasets/2026-05-18-v1-v4/front/EPnPv2_gt_mesh_z_hybrid_labels/3697824260173_0.json,0,718.4595439885472,15.54417683628559,4.091036721957281,1.5498468326304726,14.864251572380773,-0.00843640168 -0.999786394 -0.0188677755 -5326.80914 0.0083558474 0.018797305 -0.999788398 884.063538 0.999929501 -0.00859227278 0.00819548093 23190.1309 0 0 0 1,-0.306671750133 -0.9454160551 -0.11018584248 -4360.85298317 0.0443574415263 0.101442374226 -0.99385203211 466.419960975 0.950781181464 -0.309673904273 0.0108267269461 20723.67479 0 0 0 1,-0.0534848831594 -0.997984528542 -0.0341478027403 -5046.27323151 0.00898556876928 0.0337143652141 -0.999391078949 587.034106255 0.998528242111 -0.0537591576576 0.00716424919665 20545.249939 0 0 0 1
image_3697927784065,1,160,1,0,95,1.0,/home/anahita/gigapose/gigaPose_datasets/datasets/2026-05-18-v1-v4/front/EPnPv2_gt_mesh_z_hybrid_labels/3697927784065_0.json,0,735.0815098010992,14.953297522466809,4.611090450678234,2.839316338156002,13.82980197142964,0.00951642768 -0.999353069 -0.034682566 -5441.10392 0.0275823273 0.0349332785 -0.99900895 926.974012 0.999574236 0.00855037053 0.0278969234 23143.5664 0 0 0 1,-0.288934341069 -0.94904322953 -0.125832803095 -4526.04180114 0.0674982373452 0.110917027055 -0.991534871787 446.61620508 0.954966457454 -0.294981967275 0.0320110069763 20669.1329506 0 0 0 1,-0.0540350712836 -0.997933924198 -0.0347574539483 -5043.41363907 0.0101209832355 0.0342591628432 -0.999361693859 600.957393646 0.998487651348 -0.0543524138629 0.00824887305498 20170.2842712 0 0 0 1
image_3698123296318,1,162,1,0,97,0.586965635,/home/anahita/gigapose/gigaPose_datasets/datasets/2026-05-18-v1-v4/front/EPnPv2_gt_mesh_z_hybrid_labels/3698123296318_0.json,0,928.9824237416636,18.95213911110322,7.343425521086963,0.8506605327915518,17.408549844827913,-0.0564860148 -0.996152183 -0.0670086466 -5185.65678 -0.016802093 0.0680547572 -0.997540094 940.658492 0.998262 -0.055221179 -0.0205815836 21987.892 0 0 0 1,-0.349926426389 -0.923363716559 -0.157958676054 -4122.34969297 0.0350371492598 0.155600803701 -0.987198453961 539.293488213 0.936121730907 -0.350981249011 -0.022096800779 19559.0677217 0 0 0 1,-0.0543794631958 -0.997960031033 -0.0334427319467 -5049.11851883 0.0108563229442 0.0328994058073 -0.999399662018 593.430519104 0.998461306095 -0.0547098554671 0.00904512498528 19593.3761597 0 0 0 1
image_3698328101215,1,164,1,0,99,1.0,/home/anahita/gigapose/gigaPose_datasets/datasets/2026-05-18-v1-v4/front/EPnPv2_gt_mesh_z_hybrid_labels/3698328101215_0.json,0,1149.0930121488734,20.081804118064838,6.2565835594750805,4.1599566004653035,18.411088689879904,-0.072098677 -0.994973051 -0.0695011474 -5162.2677 0.0468322265 0.0662285155 -0.996704834 972.956925 0.996297407 -0.0751159933 0.0418218149 20790.5939 0 0 0 1,-0.364386212002 -0.917332407837 -0.160386854096 -4062.34162803 0.09515117685 0.134651320744 -0.986313984079 415.967080165 0.926374083225 -0.374660214218 0.0382201734274 18409.2438319 0 0 0 1,-0.0553982965648 -0.997923016548 -0.0328700169921 -5064.61191177 0.0132259037346 0.0321842618287 -0.999394416809 606.4671278 0.998376727104 -0.0557994656265 0.01141548343 18937.9959106 0 0 0 1
image_3698424400228,1,165,1,0,100,0.733445471,/home/anahita/gigapose/gigaPose_datasets/datasets/2026-05-18-v1-v4/front/EPnPv2_gt_mesh_z_hybrid_labels/3698424400228_0.json,0,960.37391141501,17.43477133637178,6.140340817653338,1.2341818196036072,16.213051816271946,-0.0359493618 -0.9981718 -0.0485870458 -5261.56074 -0.00210485618 0.0486939919 -0.998811526 1002.40679 0.999351396 -0.0358043682 -0.00385152602 20647.7888 0 0 0 1,-0.331512435269 -0.933046408519 -0.139727966996 -4240.23443834 0.0432985048995 0.132900450884 -0.990183169603 582.580517998 0.942456759998 -0.33430804601 -0.00365863763827 18204.1149916 0 0 0 1,-0.0558693632483 -0.997925877571 -0.0319743454456 -5068.83907318 0.0135891558602 0.0312613882124 -0.999418854713 597.661614418 0.99834561348 -0.056271366775 0.0118144182488 18689.4035339 0 0 0 1
image_3698523141845,1,166,1,0,101,0.476397667,/home/anahita/gigapose/gigaPose_datasets/datasets/2026-05-18-v1-v4/front/EPnPv2_gt_mesh_z_hybrid_labels/3698523141845_0.json,0,787.6537589210647,17.55977858081544,2.129692211745841,4.1376600688569605,16.859868589305286,-0.044721907 -0.998999219 0.000715609977 -5364.4685 0.0678625855 -0.00375265504 -0.99768762 1024.28207 0.996691838 -0.0445699299 0.0679624958 20734.1253 0 0 0 1,-0.341643217793 -0.935439235085 -0.0907378081414 -4301.92505838 0.0942941695235 0.0619425883266 -0.993615481651 481.458685164 0.935087440199 -0.348018036557 0.0670442006041 18332.6158994 0 0 0 1,-0.0578691735864 -0.997839093208 -0.0311164036393 -5078.32479477 0.0140398517251 0.0303521100432 -0.999440670013 594.779133797 0.998225390911 -0.0582736991346 0.0122530627996 18401.6113281 0 0 0 1
image_3698723613709,1,168,1,0,103,0.997790547,/home/anahita/gigapose/gigaPose_datasets/datasets/2026-05-18-v1-v4/front/EPnPv2_gt_mesh_z_hybrid_labels/3698723613709_0.json,0,672.6993956785199,15.111007696888564,6.4350477766653915,1.5776434978759464,13.50026950802246,0.00826301663 -0.998548629 -0.0532199117 -5516.09187 0.0032576995 0.0532483275 -0.998575988 1019.97933 0.999960554 0.00807787551 0.00369296318 20786.7813 0 0 0 1,-0.289318549624 -0.946305671705 -0.144223276431 -4605.71785609 0.0497683557492 0.135592581269 -0.989513902615 582.61677852 0.955938223597 -0.293462482153 0.00786662835513 18302.6644853 0 0 0 1,-0.0589183792472 -0.997833371162 -0.0292761698365 -5097.96714783 0.0160800945014 0.0283746607602 -0.999467968941 607.15842247 0.998133301735 -0.059357829392 0.0143734645098 17844.8295593 0 0 0 1
image_3698826054316,1,169,1,0,104,1.0,/home/anahita/gigapose/gigaPose_datasets/datasets/2026-05-18-v1-v4/front/EPnPv2_gt_mesh_z_hybrid_labels/3698826054316_0.json,0,849.308284141117,18.160489310194393,7.392727150556693,3.812127480016218,15.914020235077361,-0.0339817948 -0.996084855 -0.0816100426 -5544.34222 0.0365899792 0.0803625026 -0.996093892 1007.60348 0.998752427 -0.036835168 0.0337158621 20593.3329 0 0 0 1,-0.327995351492 -0.928812195071 -0.172415067436 -4542.39856257 0.0895945216604 0.151104069077 -0.984449278571 462.763413178 0.940421113395 -0.338342232576 0.0336550521271 18166.367428 0 0 0 1,-0.059376552701 -0.997798085213 -0.0295511763543 -5104.63142395 0.0159518681467 0.0286512039602 -0.99946218729 600.252628326 0.998108208179 -0.0598160251975 0.0142155354843 17544.8246002 0 0 0 1
image_3698924024343,1,170,1,0,105,0.966415931,/home/anahita/gigapose/gigaPose_datasets/datasets/2026-05-18-v1-v4/front/EPnPv2_gt_mesh_z_hybrid_labels/3698924024343_0.json,0,807.210478433839,16.01180970503114,1.2540410612177024,0.09910632293758598,15.961547008169811,-0.033336843 -0.998622243 0.0405249355 -5525.15106 0.00691122327 -0.0407768403 -0.999144376 986.087209 0.999420277 -0.0330282424 0.00826107241 20242.6328 0 0 0 1,-0.331897705452 -0.941934558615 -0.0510215652017 -4476.08559375 0.0251311330291 0.0452390583212 -0.998660029019 629.006344342 0.942980561499 -0.332735202078 0.00865714304055 17800.7363851 0 0 0 1,-0.059882234782 -0.997759819031 -0.029820593074 -5112.25891113 0.0160729810596 0.0289065483958 -0.999452888966 590.010941029 0.998076081276 -0.0603288076818 0.0143059855327 17305.4065704 0 0 0 1
image_3699023283089,1,171,1,0,106,0.935640601,/home/anahita/gigapose/gigaPose_datasets/datasets/2026-05-18-v1-v4/front/EPnPv2_gt_mesh_z_hybrid_labels/3699023283089_0.json,0,789.6238544840961,16.51657099032468,3.60641631959155,1.9629875115709368,15.93984538022898,-0.0334094102 -0.999415422 -0.00725432586 -5458.92925 0.0262934023 0.00637695102 -0.999633929 929.384077 0.999095825 -0.0335879209 0.0260649816 19891.6238 0 0 0 1,-0.330734130874 -0.938551280492 -0.0986733410172 -4427.04241875 0.0577421847681 0.0842363174108 -0.994771372449 479.180457969 0.941955823824 -0.334702459439 0.0263341762401 17457.81414 0 0 0 1,-0.0601834431291 -0.997792065144 -0.0280888415873 -5119.69709396 0.0167117416859 0.0271287094802 -0.999492287636 586.000800133 0.998047530651 -0.0606222897768 0.0150421420112 17094.0494537 0 0 0 1
image_3699223232996,1,173,1,0,108,0.478977567,/home/anahita/gigapose/gigaPose_datasets/datasets/2026-05-18-v1-v4/front/EPnPv2_gt_mesh_z_hybrid_labels/3699223232996_0.json,0,810.5690230798695,15.18820329161856,2.7699348402285393,1.980071336078211,14.75603293590814,-0.0125871356 -0.999905071 0.00560468185 -5323.69795 0.031882469 -0.00600361039 -0.999473594 901.219638 0.999412363 -0.0124018186 0.0319550107 19157.3994 0 0 0 1,-0.311418716377 -0.946387704153 -0.0858411088677 -4338.06567345 0.0593622487956 0.0707823271698 -0.995723850196 449.018882639 0.948416841714 -0.315182764504 0.0341367608898 16704.860576 0 0 0 1,-0.0604812279344 -0.9977414608 -0.0292220190167 -5129.00495529 0.0182739086449 0.0281639266759 -0.99943625927 605.911016464 0.998002052307 -0.0609811507165 0.0165292453021 16622.2648621 0 0 0 1
image_3699323083424,1,174,1,0,109,0.643299783,/home/anahita/gigapose/gigaPose_datasets/datasets/2026-05-18-v1-v4/front/EPnPv2_gt_mesh_z_hybrid_labels/3699323083424_0.json,0,838.4580442181034,16.955548259324825,3.991325845642572,3.006604124719958,16.103272790290617,-0.0358833294 -0.999136177 -0.0209591644 -5345.61672 0.0439239755 0.0193755964 -0.998846971 944.79538 0.99839024 -0.0367625647 0.0431907721 18781.5772 0 0 0 1,-0.332588174295 -0.936361559676 -0.112303766511 -4313.06139019 0.0784218676719 0.0912106407238 -0.992738953867 438.82292545 0.939805893384 -0.338980307237 0.0430956418987 16359.0321406 0 0 0 1,-0.0602033957839 -0.997754633427 -0.029346415773 -5131.73818588 0.0189439449459 0.0282523799688 -0.999421238899 617.015480995 0.998006343842 -0.0607245266438 0.0172005183995 16391.0884857 0 0 0 1
image_3699425481963,1,175,1,0,110,0.984550356,/home/anahita/gigapose/gigaPose_datasets/datasets/2026-05-18-v1-v4/front/EPnPv2_gt_mesh_z_hybrid_labels/3699425481963_0.json,0,804.5825750913358,15.762528497469564,4.17347170720779,2.1078222349691282,15.134390768219133,-0.0211830741 -0.999760014 0.00558501082 -5363.0432 -0.0416422074 -0.00469912235 -0.999121537 1004.31267 0.998908006 -0.0213970377 -0.0415326719 18472.8794 0 0 0 1,-0.31957240568 -0.943662334065 -0.08587710616 -4356.25647635 -0.0103766142591 0.0941093066541 -0.995507792618 733.191333756 0.94750504164 -0.317245706393 -0.0398667574586 16002.2970972 0 0 0 1,-0.0603235326707 -0.997765779495 -0.0287154465914 -5135.49661636 0.0198946017772 0.0275603178889 -0.999422192574 621.038675308 0.99798065424 -0.0608599372208 0.0181876178831 16168.3082581 0 0 0 1
image_3699523378493,1,176,1,0,111,0.789617418,/home/anahita/gigapose/gigaPose_datasets/datasets/2026-05-18-v1-v4/front/EPnPv2_gt_mesh_z_hybrid_labels/3699523378493_0.json,0,825.0643224215861,15.274566105130255,5.01753898397474,1.470972667661647,14.292479048441301,-0.00675461573 -0.999553129 -0.0291190189 -5322.68122 0.0133339876 0.0290270644 -0.999489687 1058.05634 0.999888284 -0.0071394414 0.0131319624 18161.4253 0 0 0 1,-0.304682640566 -0.944817586755 -0.120367005801 -4365.00096968 0.0521572301762 0.109635121213 -0.992602520473 618.447666001 0.951024769574 -0.308706766698 0.0158751501561 15695.5591333 0 0 0 1,-0.0611280947924 -0.997695744038 -0.0294377226382 -5149.42836761 0.0201601255685 0.0282527375966 -0.999397456646 627.36928463 0.997926294804 -0.0616847276688 0.0183866340667 15951.1470795 0 0 0 1
image_3699629964349,1,177,1,0,112,0.863505753,/home/anahita/gigapose/gigaPose_datasets/datasets/2026-05-18-v1-v4/front/EPnPv2_gt_mesh_z_hybrid_labels/3699629964349_0.json,0,896.2855219531218,16.802332890199082,6.900005194203901,2.121801457080516,15.05538412828974,-0.0213550597 -0.997760641 -0.0633850536 -5277.37714 0.0150686413 0.0630710924 -0.997895272 1056.92545 0.99965839 -0.0222652398 0.0136880103 17847.3525 0 0 0 1,-0.317015879388 -0.935771861285 -0.154376021992 -4298.21612082 0.0639508402736 0.141310372043 -0.987897600619 581.199106676 0.946261708798 -0.323051702741 0.0150457650069 15396.6727296 0 0 0 1,-0.0612583011389 -0.997698426247 -0.0290719885379 -5154.31070328 0.0204301513731 0.0278672501445 -0.999402821064 628.606677055 0.997912824154 -0.0618157275021 0.0186760295182 15657.790184 0 0 0 1
image_3699727757816,1,178,1,0,113,0.536926215,/home/anahita/gigapose/gigaPose_datasets/datasets/2026-05-18-v1-v4/front/EPnPv2_gt_mesh_z_hybrid_labels/3699727757816_0.json,0,780.9099087601644,13.410562528862965,4.5111066817627234,2.221767852158797,12.348972509873674,0.0278067151 -0.999323958 -0.0240502364 -5382.29211 0.0277650067 0.0248223858 -0.999306236 1048.73074 0.999227647 0.0271196688 0.0284364654 17536.2406 0 0 0 1,-0.271809847911 -0.95543348683 -0.115179247829 -4508.54872152 0.0646557073276 0.101284533017 -0.992754291164 577.437256476 0.960176570045 -0.27728738858 0.0342440943777 15045.1849728 0 0 0 1,-0.0611853525043 -0.997701883316 -0.0291081517935 -5159.52825546 0.0204359740019 0.0279044825584 -0.999401688576 618.42417717 0.997917175293 -0.0617435760796 0.0186816621572 15474.5635986 0 0 0 1
image_3699823489572,1,179,1,0,114,0.972664265,/home/anahita/gigapose/gigaPose_datasets/datasets/2026-05-18-v1-v4/front/EPnPv2_gt_mesh_z_hybrid_labels/3699823489572_0.json,0,481.8095654710989,14.11983401489657,3.66552588354435,2.6911903665711687,13.285291481337245,0.0124047948 -0.999842401 -0.0127001557 -5637.98181 0.0417422841 0.0132078636 -0.999041107 1105.97216 0.999051401 0.0118627664 0.0418995464 18007.638 0 0 0 1,-0.287002621818 -0.952270037142 -0.10397726269 -4721.27691085 0.074501401636 0.0860256748231 -0.993503459402 611.206362387 0.955028290326 -0.29288454945 0.0462558582876 15536.6539603 0 0 0 1,-0.0610619187355 -0.99770206213 -0.0293612610549 -5162.17565536 0.021737575531 0.0280799325556 -0.999369263649 640.38002491 0.997897267342 -0.0616616718471 0.0199730079621 15344.5663452 0 0 0 1
image_3700226218145,1,183,1,0,118,0.721412359,/home/anahita/gigapose/gigaPose_datasets/datasets/2026-05-18-v1-v4/front/EPnPv2_gt_mesh_z_hybrid_labels/3700226218145_0.json,0,3945.435209617337,8.857047150456314,5.5861406933565245,6.566165914155636,2.38777857714055,0.285169276 -0.957644014 -0.0399553072 -6609.7303 0.0888682174 0.0679240507 -0.993724692 1129.60423 0.954348429 0.279828994 0.104473969 20860.8595 0 0 0 1,-0.0134073994704 -0.991898876695 -0.12632046607 -6419.43722959 0.135655450251 0.123359431339 -0.983046311083 467.967490916 0.990665352385 -0.030316154291 0.132902559754 18269.1557034 0 0 0 1,-0.058281339705 -0.997922956944 -0.027442522347 -5128.79085541 0.0226240828633 0.0261618811637 -0.999401688576 635.392904282 0.998043835163 -0.0588673092425 0.0210523381829 14544.5537567 0 0 0 1
image_3700323668579,1,184,1,0,119,0.969489401,/home/anahita/gigapose/gigaPose_datasets/datasets/2026-05-18-v1-v4/front/EPnPv2_gt_mesh_z_hybrid_labels/3700323668579_0.json,0,3278.521705426984,1.1026258281174874,0.1690895428330175,1.0668860189128129,0.21951173551910189,0.242762558 -0.968416822 0.0568788151 -6289.83861 0.0280745589 -0.0515946811 -0.998273413 1108.73723 0.969679411 0.243940255 0.0146626184 20128.0759 0 0 0 1,-0.060053044688 -0.997712988112 -0.0310229831228 -5947.49356505 0.0420497519072 0.028522927289 -0.998708295781 709.848480967 0.997309104879 -0.0612799828059 0.0402406950563 17498.5149411 0 0 0 1,-0.0567421987653 -0.998024880886 -0.0269554015249 -5119.11201477 0.023347273469 0.0256650876254 -0.999397933483 646.861732006 0.998115837574 -0.0573374032974 0.0218448657542 14326.997757 0 0 0 1
image_3700425758960,1,185,1,0,120,0.854403825,/home/anahita/gigapose/gigaPose_datasets/datasets/2026-05-18-v1-v4/front/EPnPv2_gt_mesh_z_hybrid_labels/3700425758960_0.json,0,2351.8382567998306,16.891412756713933,3.5283803343655427,2.6432117740263577,16.391663479752545,-0.0383767059 -0.999015422 0.0222579192 -5604.96407 -0.043316575 -0.0205902299 -0.998849196 1153.20895 0.998324047 -0.0392966787 -0.0424837412 18773.0431 0 0 0 1,-0.336259677332 -0.939218685759 -0.0692653566999 -4549.9610714 -0.0167375340634 0.0794964659115 -0.996694620457 901.474630428 0.94162056284 -0.33398888033 -0.0424516606694 16320.5949961 0 0 0 1,-0.0559980422258 -0.998070299625 -0.0268268082291 -5113.54207993 0.0231070630252 0.0255662593991 -0.999406039715 643.189907074 0.99816352129 -0.0565846078098 0.0216308180243 14051.9371033 0 0 0 1
image_3700523749346,1,186,1,0,121,0.613669332,/home/anahita/gigapose/gigaPose_datasets/datasets/2026-05-18-v1-v4/front/EPnPv2_gt_mesh_z_hybrid_labels/3700523749346_0.json,0,1825.6936514186702,6.573925517118605,4.871759858000203,3.208798997113251,3.172703785595349,0.300015241 -0.953596631 -0.025383485 -5613.52684 0.0370335374 0.0382322314 -0.998582402 1203.04226 0.953215281 0.2986499 0.0467853086 18218.7091 0 0 0 1,0.00151367365776 -0.993775774923 -0.111388593518 -5458.35125006 0.0774857468913 0.111170384014 -0.990776011388 696.28486157 0.996992310715 -0.00713131639992 0.0771717338486 15590.0172825 0 0 0 1,-0.0553032457829 -0.998114287853 -0.0266319829971 -5095.76177597 0.0230181980878 0.025391234085 -0.999412477016 633.729577065 0.998204231262 -0.0558837801218 0.0215705763549 13801.7854691 0 0 0 1
image_3700626232431,1,187,1,0,122,0.899249829,/home/anahita/gigapose/gigaPose_datasets/datasets/2026-05-18-v1-v4/front/EPnPv2_gt_mesh_z_hybrid_labels/3700626232431_0.json,0,2485.0315264966084,3.7186318515097714,0.26050195649866,0.2704470671836341,3.6989788896135227,0.310760459 -0.948343869 0.0638110003 -6162.14429 0.014593662 -0.0623664482 -0.997946617 1257.46684 0.950376221 0.311053585 -0.00554121626 18464.924 0 0 0 1,0.010588594375 -0.999700778199 -0.022050765155 -6004.78222224 0.0259596685573 0.0223193937937 -0.999413797925 902.365701043 0.99960691101 0.0100099569203 0.026188231797 15811.6159604 0 0 0 1,-0.0540469549596 -0.99818277359 -0.0266454610974 -5085.60180664 0.0229313075542 0.0254366844893 -0.999413371086 636.698961258 0.99827504158 -0.0546262525022 0.0215148609132 13518.1665421 0 0 0 1
image_3700723304668,1,188,1,0,123,0.751119518,/home/anahita/gigapose/gigaPose_datasets/datasets/2026-05-18-v1-v4/front/EPnPv2_gt_mesh_z_hybrid_labels/3700723304668_0.json,0,3252.1490351480793,17.47849050012664,1.622841310561364,2.7713127156554096,17.222474339985663,0.523175233 -0.849648495 0.0662201734 -6379.71337 -0.0362904125 -0.0998432753 -0.994341152 1231.38823 0.851452102 0.517811506 -0.0830696231 18593.0417 0 0 0 1,0.242625118568 -0.970069616274 -0.00989910433389 -6841.78327243 -0.0338937031035 0.00172146228049 -0.99942396093 1039.43393413 0.969527858764 0.242820873965 -0.0324615815361 15958.5496898 0 0 0 1,-0.0538217127323 -0.998222470284 -0.0255930889398 -5081.06374741 0.0226880628616 0.0244011431932 -0.999444723129 620.056986809 0.998292803764 -0.0543724112213 0.0213344227523 13256.6127777 0 0 0 1
image_3700829250291,1,189,1,0,124,0.773630724,/home/anahita/gigapose/gigaPose_datasets/datasets/2026-05-18-v1-v4/front/EPnPv2_gt_mesh_z_hybrid_labels/3700829250291_0.json,0,3014.833454472556,5.140310644795849,4.125182708970797,1.3680314778997558,2.7952504099283106,0.296179705 -0.955072767 -0.0106579577 -6266.42301 0.0110880347 0.0145959747 -0.999831992 1204.62178 0.955067871 0.296011769 0.0149129115 18390.3852 0 0 0 1,-0.00303903439091 -0.995292119539 -0.0968729117704 -6094.75469801 0.0457070584911 0.0966338618389 -0.994269963726 784.192911304 0.998950263828 -0.00744939629081 0.0451982015669 15747.5320528 0 0 0 1,-0.052382811904 -0.998315393925 -0.0249450821429 -5083.81938934 0.0230383258313 0.0237646400928 -0.999452054501 620.774388313 0.998361229897 -0.0529287569225 0.0217546578497 12911.9501114 0 0 0 1
image_3700925706254,1,190,1,0,125,0.848029057,/home/anahita/gigapose/gigaPose_datasets/datasets/2026-05-18-v1-v4/front/EPnPv2_gt_mesh_z_hybrid_labels/3700925706254_0.json,0,2659.46402866101,3.4116808832684486,0.1752889793476127,2.5158123434484225,2.293911463913797,0.287549845 -0.956023247 0.0577463187 -6151.87992 -0.0335733933 -0.0703170848 -0.996959545 1178.52871 0.957177055 0.284736823 -0.0523166113 17856.6075 0 0 0 1,-0.0136583223421 -0.999489800452 -0.0288719329244 -5931.98909712 -0.0223856678236 0.0291730408904 -0.999323678835 950.72820203 0.999656107327 -0.0130027674715 -0.0227727014273 15193.7785236 0 0 0 1,-0.05251057446 -0.998271524906 -0.0263886451721 -5082.92675018 0.0225330926478 0.0252339281142 -0.999427556992 611.761927605 0.998366057873 -0.053075119853 0.0211690999568 12696.3911057 0 0 0 1
image_3701023706744,1,191,1,0,126,0.826028154,/home/anahita/gigapose/gigaPose_datasets/datasets/2026-05-18-v1-v4/front/EPnPv2_gt_mesh_z_hybrid_labels/3701023706744_0.json,0,2397.308870020265,2.685321709869599,0.09965898534597664,1.4291211565377393,2.2725280033974453,0.289172937 -0.955470766 0.058776081 -6223.57321 0.0322741517 -0.0516334045 -0.998144464 1232.72528 0.956732665 0.290533314 0.0159060252 17325.9292 0 0 0 1,-0.0119767690946 -0.999542020547 -0.0277903946551 -6007.84006914 0.0460392294778 0.0272116859898 -0.998568932942 823.516038087 0.998867832501 -0.0132390783032 0.0456922363247 14684.5450537 0 0 0 1,-0.052249122411 -0.998302161694 -0.0257449634373 -5086.62033081 0.0221127010882 0.0246172919869 -0.999452292919 601.028442383 0.99838924408 -0.0527899265289 0.0207889247686 12482.5134277 0 0 0 1
image_3701227641318,1,192,1,0,127,0.563394587,/home/anahita/gigapose/gigaPose_datasets/datasets/2026-05-18-v1-v4/front/EPnPv2_gt_mesh_z_hybrid_labels/3701227641318_0.json,0,2461.396510796337,4.9585384159605885,0.8709353374497638,4.031582870896693,2.7836420410012255,0.298835816 -0.95323812 0.045102566 -6302.62012 0.0724732489 -0.0244564641 -0.997070464 1289.25987 0.951548624 0.301229096 0.0617757961 16798.2657 0 0 0 1,-0.00167265605928 -0.999150787826 -0.0411692265435 -6118.14106934 0.0924761975353 0.0408383190953 -0.994877070399 754.964070328 0.995713491025 -0.00547125996531 0.0923293572074 14176.9304136 0 0 0 1,-0.0520388819277 -0.998311758041 -0.0257953926921 -5102.00786591 0.0234880130738 0.0245997030288 -0.999421358109 613.497614861 0.998368799686 -0.052614685148 0.0221682190895 11939.5360947 0 0 0 1
image_3701335754964,1,193,1,0,128,1.0,/home/anahita/gigapose/gigaPose_datasets/datasets/2026-05-18-v1-v4/front/EPnPv2_gt_mesh_z_hybrid_labels/3701335754964_0.json,0,2190.7229412914826,7.086233161926678,3.9654027085756507,4.754819341823291,3.6185865651524667,0.311532295 -0.950203443 -0.00781321228 -6184.45855 0.0679959258 0.0304928536 -0.997219504 1259.30213 0.947799653 0.310134815 0.0741094715 16192.2917 0 0 0 1,0.0129720146683 -0.995530813607 -0.0935421092253 -6054.39184045 0.10465560503 0.0943879204682 -0.990019254363 683.710114549 0.994423918964 0.00305283918722 0.105412281226 13576.4400841 0 0 0 1,-0.0522130839527 -0.998311161995 -0.0254641883075 -5104.60233688 0.0234644114971 0.0242655072361 -0.999430119991 610.906124115 0.998360276222 -0.0527807921171 0.0221578069031 11603.6586761 0 0 0 1
image_3701431750647,1,194,1,0,129,0.570933908,/home/anahita/gigapose/gigaPose_datasets/datasets/2026-05-18-v1-v4/front/EPnPv2_gt_mesh_z_hybrid_labels/3701431750647_0.json,0,1636.7365238465607,4.4890309874525975,1.0998078769820938,2.173567912839058,3.7918120637070034,0.314458783 -0.94838093 0.0411009167 -5996.28818 0.0399107266 -0.0300504928 -0.998751271 1201.99462 0.948431762 0.315706477 0.0284009307 15507.8335 0 0 0 1,0.0148032743596 -0.998892725728 -0.0446563041859 -5856.6647257 0.0597998209416 0.0454657009589 -0.997174433583 753.076760795 0.998100618233 0.0120910080671 0.0604066474999 12867.7802351 0 0 0 1,-0.0523064658046 -0.998292028904 -0.0260183531791 -5104.64191437 0.0236034579575 0.0248108524829 -0.999413490295 611.878037453 0.998352110386 -0.0528898797929 0.0222653765231 11420.9108353 0 0 0 1
image_3702623252601,1,206,1,0,141,0.714760926,/home/anahita/gigapose/gigaPose_datasets/datasets/2026-05-18-v1-v4/front/EPnPv2_gt_mesh_z_hybrid_labels/3702623252601_0.json,0,2618.7666452753087,19.918958061810535,4.111544252164269,1.1091104899994226,19.502762722568313,0.567246792 -0.816149828 0.110138705 -6293.12665 0.00728391329 -0.128759654 -0.991649079 1086.08891 0.823515647 0.563312 -0.0670937359 13598.6482 0 0 0 1,0.293328737614 -0.955293480788 0.0370488376571 -6879.65658196 -0.00107474703961 -0.0390830306766 -0.999235388387 814.721665364 0.956011033443 0.293064637204 -0.0124908746655 10996.102206 0 0 0 1,-0.0419701598585 -0.998784184456 -0.0258558355272 -5115.44322968 0.0281272083521 0.024687230587 -0.99929946661 603.153467178 0.998722791672 -0.0426680259407 0.0270568896085 9072.37434387 0 0 0 1
image_3702924319108,1,209,1,0,144,0.633030706,/home/anahita/gigapose/gigaPose_datasets/datasets/2026-05-18-v1-v4/front/EPnPv2_gt_mesh_z_hybrid_labels/3702924319108_0.json,0,2271.293177136943,19.96718300428662,1.2787617347187865,1.7419455116140143,19.87052123768855,0.573861376 -0.816841303 0.0587656896 -6185.6149 -0.0164166565 -0.083216651 -0.996396248 1060.52895 0.818787894 0.570828585 -0.0611646249 12579.7036 0 0 0 1,0.301010676942 -0.953515794432 -0.0141492600599 -6807.35301383 -0.00990156263424 0.0117115207589 -0.999882393075 802.714604478 0.95356936406 0.301115374865 -0.00591600360354 9983.96157079 0 0 0 1,-0.0399365201592 -0.998857021332 -0.0262586157769 -5131.05201721 0.0308266729116 0.0250354055315 -0.999211132526 601.574599743 0.99872648716 -0.0407145023346 0.0297916140407 8464.64252472 0 0 0 1
image_3704223350566,1,221,1,0,156,0.560615807,/home/anahita/gigapose/gigaPose_datasets/datasets/2026-05-18-v1-v4/front/EPnPv2_gt_mesh_z_hybrid_labels/3704223350566_0.json,0,1137.7030746241414,18.611783406566833,1.5381058891731254,1.3547640136031822,18.517753122085445,0.564692422 -0.82286532 0.0633650853 -5678.82806 -0.00565921166 -0.0806370534 -0.996727465 991.107885 0.825282038 0.56248585 -0.050191902 9582.71667 0 0 0 1,0.290322168426 -0.956875117224 -0.0101513011843 -6270.36520253 0.00113970069397 0.0109539539388 -0.99993935442 704.055040116 0.956928283709 0.290292992425 0.00427072690895 6982.98828521 0 0 0 1,-0.0276888925582 -0.999197006226 -0.0289578102529 -5169.66438293 0.0354852452874 0.0279681514949 -0.998978734016 633.417487144 0.998986542225 -0.028688179329 0.0346823483706 6703.99665833 0 0 0 1
image_3704730718406,1,226,1,0,161,0.529936582,/home/anahita/gigapose/gigaPose_datasets/datasets/2026-05-18-v1-v4/front/EPnPv2_gt_mesh_z_hybrid_labels/3704730718406_0.json,0,1372.276250881973,19.79563936334782,0.9304681244173058,2.4625069677358287,19.601574174777987,0.585088774 -0.807794272 0.0716905838 -5754.40152 0.0540076707 -0.0493925765 -0.997318176 1174.32484 0.809168893 0.587391511 0.014728045 9218.01327 0 0 0 1,0.314027747587 -0.949413715048 -0.000412996288226 -6407.67667157 0.0674110675033 0.0227307603583 -0.997466320133 709.440727489 0.947017592956 0.313204261798 0.0711390815666 6659.10382783 0 0 0 1,-0.023547295481 -0.999293029308 -0.0293082688004 -5147.37319946 0.0361516326666 0.0284460801631 -0.998941361904 605.693221092 0.999068915844 -0.0245819259435 0.0354562439024 6126.17444992 0 0 0 1
image_3704730718406,1,226,1,0,161,0.529936582,/home/anahita/gigapose/gigaPose_datasets/datasets/2026-05-18-v1-v4/front/EPnPv2_gt_mesh_z_hybrid_labels/3704730718406_1.json,0,1372.276250881973,19.79563936334782,0.9304681244173058,2.4625069677358287,19.601574174777987,0.585088774 -0.807794272 0.0716905838 -5754.40152 0.0540076707 -0.0493925765 -0.997318176 1174.32484 0.809168893 0.587391511 0.014728045 9218.01327 0 0 0 1,0.314027747587 -0.949413715048 -0.000412996288226 -6407.67667157 0.0674110675033 0.0227307603583 -0.997466320133 709.440727489 0.947017592956 0.313204261798 0.0711390815666 6659.10382783 0 0 0 1,-0.023547295481 -0.999293029308 -0.0293082688004 -5147.37319946 0.0361516326666 0.0284460801631 -0.998941361904 605.693221092 0.999068915844 -0.0245819259435 0.0354562439024 6126.17444992 0 0 0 1
image_3704924853019,1,227,1,0,162,0.883907042,/home/anahita/gigapose/gigaPose_datasets/datasets/2026-05-18-v1-v4/front/EPnPv2_gt_mesh_z_hybrid_labels/3704924853019_0.json,0,1576.2399328419706,19.678156895114096,3.484619077118823,2.2562657063917877,19.308310135251112,0.580733599 -0.814089481 -0.00260856435 -5928.18643 0.0272042748 0.0226085323 -0.999374195 1152.98494 0.813638995 0.580299209 0.0352762483 9337.72149 0 0 0 1,0.310276532616 -0.94768391653 -0.0749911217995 -6592.84218742 0.0634605026683 0.0993563921979 -0.993026219121 685.163633226 0.948525823371 0.30335375803 0.0909684546008 6782.28040399 0 0 0 1,-0.0223242156208 -0.999316871166 -0.0294536147267 -5153.36227417 0.0356274098158 0.0286470390856 -0.998954415321 619.479715824 0.99911570549 -0.0233502350748 0.0349635481834 6143.44120026 0 0 0 1
image_3705127766964,1,229,1,0,164,0.412926713,/home/anahita/gigapose/gigaPose_datasets/datasets/2026-05-18-v1-v4/front/EPnPv2_gt_mesh_z_hybrid_labels/3705127766964_0.json,0,617.6779047294768,19.44874613109554,2.6497815927332398,2.209664367819537,19.194362454830213,0.58442886 -0.811369686 0.0110517071 -5093.54133 0.032073708 0.00948923465 -0.999440459 1113.16496 0.81081082 0.584456317 0.031569417 8666.80838 0 0 0 1,0.314194231552 -0.947388780165 -0.0611267868222 -5764.76518029 0.0641801626742 0.0854367649578 -0.994274341074 645.747382951 0.94718683077 0.308472134865 0.0876473047351 6113.01070718 0 0 0 1,-0.016194049269 -0.999437570572 -0.0293641146272 -5148.06699753 0.0372044928372 0.0287453215569 -0.998894155025 612.882494926 0.999176442623 -0.0172686260194 0.0367180630565 6101.64213181 0 0 0 1
image_3705223761401,1,230,1,0,165,1.0,/home/anahita/gigapose/gigaPose_datasets/datasets/2026-05-18-v1-v4/front/EPnPv2_gt_mesh_z_hybrid_labels/3705223761401_0.json,0,518.3032296267023,20.42623711642362,2.3520418673986017,4.754319613514475,19.63523630274512,0.591977844 -0.798823142 0.106975792 -4852.72367 0.0997117852 -0.0591212666 -0.993258393 1128.52227 0.799762334 0.59865371 0.0446536015 8266.90438 0 0 0 1,0.322196740454 -0.946004323437 0.0355679706392 -5518.23638371 0.10796137183 -0.000608105712027 -0.994154903391 561.191774002 0.940496465495 0.324153437226 0.101935994796 5731.92269823 0 0 0 1,-0.0159486681223 -0.999423325062 -0.02997883223 -5137.80212402 0.0372953303158 0.02936716564 -0.998872637749 625.414848328 0.999177098274 -0.0170487314463 0.0368054509163 6078.02009583 0 0 0 1
image_3705425629831,1,232,1,0,167,0.777503075,/home/anahita/gigapose/gigaPose_datasets/datasets/2026-05-18-v1-v4/front/EPnPv2_gt_mesh_z_hybrid_labels/3705425629831_0.json,0,781.0474684240564,20.907467930292942,4.4443793688317665,3.528702571938501,19.99446880951428,0.596333036 -0.791463287 0.134062578 -5217.84509 0.0906329643 -0.0995556036 -0.99089573 1174.99049 0.797604273 0.603054348 0.0123643686 8330.33149 0 0 0 1,0.327719300721 -0.942656972833 0.0632288764598 -5890.89017752 0.0871296447896 -0.036484207713 -0.995528667465 669.562303267 0.940748896096 0.331763068228 0.0701767882853 5784.26474708 0 0 0 1,-0.0162248443812 -0.999413371086 -0.0301606282592 -5132.11965561 0.0380927659571 0.029524853453 -0.998837888241 636.109888554 0.999142587185 -0.017354933545 0.0375913828611 5966.42780304 0 0 0 1
image_3705927773169,1,237,1,0,172,0.505522083,/home/anahita/gigapose/gigaPose_datasets/datasets/2026-05-18-v1-v4/front/EPnPv2_gt_mesh_z_hybrid_labels/3705927773169_0.json,0,803.5945729665801,20.815247083022133,1.9361295923194985,6.813800158613538,19.70111405207097,0.589197452 -0.806559125 0.0480493645 -5172.07516 0.111350484 0.0221542754 -0.993534226 1060.69848 0.800279597 0.590738154 0.102863991 8100.04466 0 0 0 1,0.319043156032 -0.947440598539 -0.0238280889076 -5845.67041931 0.143392746437 0.073108423598 -0.986961842782 387.016161972 0.936829752847 0.311466645775 0.159180851111 5593.38856761 0 0 0 1,-0.020322619006 -0.999351799488 -0.029714981094 -5128.29732895 0.0369815081358 0.0289494004101 -0.998896539211 639.405846596 0.999109268188 -0.0213990788907 0.0363692045212 5853.07979584 0 0 0 1
image_3706025684667,1,238,1,0,173,0.78382943,/home/anahita/gigapose/gigaPose_datasets/datasets/2026-05-18-v1-v4/front/EPnPv2_gt_mesh_z_hybrid_labels/3706025684667_0.json,0,753.8224200868237,19.375456526853437,0.4406274680144324,1.602487718974408,19.310895044901056,0.582240851 -0.811805916 0.0443479985 -5144.88365 0.0334201349 -0.0306032185 -0.998972741 1048.09301 0.812329173 0.583124855 0.00931221923 8069.34021 0 0 0 1,0.310952519798 -0.950012395769 -0.0280174430193 -5797.64716187 0.0534513253391 0.0469123605113 -0.997467887158 615.700783016 0.948921222012 0.308667583394 0.0653669383478 5504.61021407 0 0 0 1,-0.0214288402349 -0.99933809042 -0.0293984115124 -5129.75645065 0.0370672009885 0.0285908002406 -0.998903691769 638.249516487 0.999083042145 -0.0224950779229 0.0364299938083 5853.41072083 0 0 0 1
image_3709222924519,1,270,1,0,205,0.799094887,/home/anahita/gigapose/gigaPose_datasets/datasets/2026-05-18-v1-v4/front/EPnPv2_gt_mesh_z_hybrid_labels/3709222924519_0.json,0,2978.2973781367177,18.606486146909024,6.5691927610446275,6.151035541097478,15.953827459961213,0.144090691 -0.970134972 0.195130747 -6757.12469 -0.0517776261 -0.204309718 -0.977535993 1123.9342 0.988208961 0.13075043 -0.0796704143 8231.80865 0 0 0 1,-0.158921808557 -0.98156792932 0.106152053449 -6116.22864095 -0.0804442579154 -0.0942871394131 -0.992289603772 1076.22177171 0.984008425081 -0.166235781439 -0.0639772209437 5628.37265518 0 0 0 1,0.120146453381 -0.992470085621 -0.0238282736391 -4861.8721962 0.0203110910952 0.0264545232058 -0.999443650246 612.736105919 0.992548286915 0.119595684111 0.0233365688473 2967.16499329 0 0 0 1
