scene_id,im_id,source_run,camera_id,source_frame,segment_id,sequence_reset,fallback,translation_fallback,rotation_fallback,translation_learned_gigapose_fallback,rotation_learned_gigapose_fallback,translation_safety_measurement_fallback,rotation_safety_measurement_fallback,translation_trust_probability,rotation_trust_probability,correction_translation_m,correction_rotation_deg,raw_translation_error_m,candidate_translation_error_m,baseline_translation_error_m,filtered_translation_error_m,raw_rotation_error_deg,candidate_rotation_error_deg,baseline_rotation_error_deg,filtered_rotation_error_deg,mean_pose_gain,mean_velocity_gain
1,0,scene:1,stereo_left,0,0,1,0,0,0,0,0,0,0,1.0,1.0,0.0,8.15225941811077e-15,nan,nan,nan,nan,nan,nan,nan,nan,0.0,0.0
1,1,scene:1,stereo_left,1,0,0,0,0,0,0,0,0,0,1.0,1.0,7.972556114196777,6.361157894154888e-15,nan,nan,nan,nan,nan,nan,nan,nan,0.5197753310203552,0.4000500440597534
1,2,scene:1,stereo_left,2,0,0,0,0,0,0,0,0,0,1.0,1.0,0.8496588468551636,0.0,nan,nan,nan,nan,nan,nan,nan,nan,0.6000769138336182,0.41772446036338806
1,3,scene:1,stereo_left,3,0,0,0,0,0,0,0,0,0,1.0,1.0,3.3797080516815186,8.710307722081132e-15,nan,nan,nan,nan,nan,nan,nan,nan,0.5994639992713928,0.43272098898887634
1,4,scene:1,stereo_left,4,0,0,0,0,0,0,0,0,0,1.0,1.0,3.8528590202331543,2.974276888251432e-15,nan,nan,nan,nan,nan,nan,nan,nan,0.5938012599945068,0.4356425106525421
1,5,scene:1,stereo_left,5,0,0,0,0,0,0,0,0,0,1.0,1.0,0.9726612567901611,5.24655042783167e-15,nan,nan,nan,nan,nan,nan,nan,nan,0.5786797404289246,0.425473690032959
1,6,scene:1,stereo_left,6,0,0,0,0,0,0,0,0,0,1.0,1.0,3.0325334072113037,1.2728138660762685e-14,nan,nan,nan,nan,nan,nan,nan,nan,0.6044745445251465,0.4431782066822052
1,7,scene:1,stereo_left,7,0,0,0,0,0,0,0,0,0,1.0,1.0,3.1312310695648193,2.0586453437755215e-15,nan,nan,nan,nan,nan,nan,nan,nan,0.6227421760559082,0.4447399377822876
1,8,scene:1,stereo_left,8,0,0,0,0,0,0,0,0,0,1.0,1.0,0.3207188844680786,0.0,nan,nan,nan,nan,nan,nan,nan,nan,0.6160710453987122,0.4298236072063446
1,9,scene:1,stereo_left,9,0,0,0,0,0,0,0,0,0,1.0,1.0,2.0145177841186523,3.975693351829396e-15,nan,nan,nan,nan,nan,nan,nan,nan,0.6017813086509705,0.4126662313938141
1,10,scene:1,stereo_left,10,0,0,0,0,0,0,0,0,0,1.0,1.0,8.106515884399414,0.0,nan,nan,nan,nan,nan,nan,nan,nan,0.6408236026763916,0.47134265303611755
1,11,scene:1,stereo_left,11,0,0,0,0,0,0,0,0,0,1.0,1.0,1.8050448894500732,1.8952612572163565e-13,nan,nan,nan,nan,nan,nan,nan,nan,0.638347864151001,0.453291654586792
1,12,scene:1,stereo_left,12,0,0,0,0,0,0,0,0,0,1.0,1.0,0.1402239352464676,3.1805546814635168e-15,nan,nan,nan,nan,nan,nan,nan,nan,0.6459150314331055,0.428390771150589
1,13,scene:1,stereo_left,13,0,0,0,0,0,0,0,0,0,1.0,1.0,3.4415652751922607,1.4595274463781463e-13,nan,nan,nan,nan,nan,nan,nan,nan,0.6574251055717468,0.43889763951301575
1,14,scene:1,stereo_left,14,0,0,0,0,0,0,0,0,0,1.0,1.0,0.22029918432235718,0.0,nan,nan,nan,nan,nan,nan,nan,nan,0.6562349200248718,0.4180593192577362
1,15,scene:1,stereo_left,15,0,0,0,0,0,0,0,0,0,1.0,1.0,15.056203842163086,3.2799470152592518e-15,nan,nan,nan,nan,nan,nan,nan,nan,0.5256589651107788,0.3614382743835449
1,16,scene:1,stereo_left,16,0,0,0,0,0,0,0,0,0,1.0,1.0,1.0182472467422485,3.6779938455925266e-15,nan,nan,nan,nan,nan,nan,nan,nan,0.6448370218276978,0.40875473618507385
1,17,scene:1,stereo_left,17,0,0,0,0,0,0,0,0,0,1.0,1.0,1.0681129693984985,3.643783144938181e-15,nan,nan,nan,nan,nan,nan,nan,nan,0.6124135851860046,0.4046759605407715
1,18,scene:1,stereo_left,18,0,0,0,0,0,0,0,0,0,1.0,1.0,1.4913884401321411,1.0182743384679779e-14,nan,nan,nan,nan,nan,nan,nan,nan,0.6079263091087341,0.42107918858528137
1,19,scene:1,stereo_left,19,0,0,0,0,0,0,0,0,0,1.0,1.0,6.089385032653809,3.494315572105703e-15,nan,nan,nan,nan,nan,nan,nan,nan,0.5306361317634583,0.4013921320438385
1,20,scene:1,stereo_left,20,0,0,0,0,0,0,0,0,0,1.0,1.0,2.2916717529296875,8.703500133919562e-15,nan,nan,nan,nan,nan,nan,nan,nan,0.5877955555915833,0.42856574058532715
1,21,scene:1,stereo_left,21,0,0,0,0,0,0,0,0,0,1.0,1.0,9.058815956115723,0.0,nan,nan,nan,nan,nan,nan,nan,nan,0.6194049715995789,0.4562636911869049
1,22,scene:1,stereo_left,22,0,0,0,0,0,0,0,0,0,1.0,1.0,0.6532121300697327,6.556881449863406e-15,nan,nan,nan,nan,nan,nan,nan,nan,0.6158440709114075,0.42702820897102356
1,23,scene:1,stereo_left,23,0,0,0,0,0,0,0,0,0,1.0,1.0,0.502046525478363,2.0586453437755215e-15,nan,nan,nan,nan,nan,nan,nan,nan,0.6167088150978088,0.42129722237586975
1,24,scene:1,stereo_left,24,0,0,0,0,0,0,0,0,0,1.0,1.0,2.2190730571746826,1.3960289286061842e-14,nan,nan,nan,nan,nan,nan,nan,nan,0.634045422077179,0.42523637413978577
1,25,scene:1,stereo_left,25,0,0,0,0,0,0,0,0,0,1.0,1.0,4.063564300537109,2.497645567625978e-13,nan,nan,nan,nan,nan,nan,nan,nan,0.5990518927574158,0.40165090560913086
1,26,scene:1,stereo_left,26,0,0,0,0,0,0,0,0,0,1.0,1.0,2.3319485187530518,8.079563626999498e-15,nan,nan,nan,nan,nan,nan,nan,nan,0.5972898602485657,0.4061284363269806
1,27,scene:1,stereo_left,27,0,0,0,0,0,0,0,0,0,1.0,1.0,4.821467399597168,3.895368034302951e-15,nan,nan,nan,nan,nan,nan,nan,nan,0.6249886751174927,0.4383699595928192
1,28,scene:1,stereo_left,28,0,0,0,0,0,0,0,0,0,1.0,1.0,0.712611973285675,6.3611093629270335e-15,nan,nan,nan,nan,nan,nan,nan,nan,0.6220553517341614,0.42674875259399414
1,29,scene:1,stereo_left,29,0,0,0,0,0,0,0,0,0,1.0,1.0,0.3988579511642456,3.0758464039523285e-13,nan,nan,nan,nan,nan,nan,nan,nan,0.6259930729866028,0.4227120876312256
1,30,scene:1,stereo_left,30,0,0,0,0,0,0,0,0,0,1.0,1.0,0.41832831501960754,1.987846675914698e-16,nan,nan,nan,nan,nan,nan,nan,nan,0.6278504729270935,0.42275094985961914
1,31,scene:1,stereo_left,31,0,0,0,0,0,0,0,0,0,1.0,1.0,9.367036819458008,1.6422308707182556e-15,nan,nan,nan,nan,nan,nan,nan,nan,0.6439803242683411,0.4642135798931122
1,32,scene:1,stereo_left,32,0,0,0,0,0,0,0,0,0,1.0,1.0,0.534417986869812,7.951386703658792e-15,nan,nan,nan,nan,nan,nan,nan,nan,0.6449381709098816,0.42004403471946716
1,33,scene:1,stereo_left,33,0,0,0,0,0,0,0,0,0,1.0,1.0,1.142428994178772,6.0280036978144485e-15,nan,nan,nan,nan,nan,nan,nan,nan,0.6418318152427673,0.4105013608932495
1,34,scene:1,stereo_left,34,0,0,0,0,0,0,0,0,0,1.0,1.0,0.5295400619506836,1.5016084265421794e-14,nan,nan,nan,nan,nan,nan,nan,nan,0.6512407660484314,0.412371426820755
1,35,scene:1,stereo_left,35,0,0,0,0,0,0,0,0,0,1.0,1.0,2.6795175075531006,8.605332927095351e-15,nan,nan,nan,nan,nan,nan,nan,nan,0.6225120425224304,0.3965456187725067
1,36,scene:1,stereo_left,36,0,0,0,0,0,0,0,0,0,1.0,1.0,0.3445267379283905,0.0,nan,nan,nan,nan,nan,nan,nan,nan,0.6247369647026062,0.41254469752311707
1,37,scene:1,stereo_left,37,0,0,0,0,0,0,0,0,0,1.0,1.0,1.2068277597427368,6.3613034856169464e-15,nan,nan,nan,nan,nan,nan,nan,nan,0.6203351616859436,0.419459730386734
1,38,scene:1,stereo_left,38,0,0,0,0,0,0,0,0,0,1.0,1.0,2.0428130626678467,6.3611093629270335e-15,nan,nan,nan,nan,nan,nan,nan,nan,0.5932775139808655,0.41085192561149597
1,39,scene:1,stereo_left,39,0,0,0,0,0,0,0,0,0,1.0,1.0,1.6461979150772095,1.1577393794959998e-14,nan,nan,nan,nan,nan,nan,nan,nan,0.6137208342552185,0.4238780736923218
1,40,scene:1,stereo_left,40,0,0,0,0,0,0,0,0,0,1.0,1.0,10.314653396606445,1.7345734551817632e-13,nan,nan,nan,nan,nan,nan,nan,nan,0.5221235752105713,0.3913540840148926
1,41,scene:1,stereo_left,41,0,0,0,0,0,0,0,0,0,1.0,1.0,2.286501884460449,3.655867509533065e-15,nan,nan,nan,nan,nan,nan,nan,nan,0.5975597500801086,0.43041786551475525
1,42,scene:1,stereo_left,42,0,0,0,0,0,0,0,0,0,1.0,1.0,1.7090771198272705,4.921442482077616e-15,nan,nan,nan,nan,nan,nan,nan,nan,0.596293032169342,0.42487087845802307
1,43,scene:1,stereo_left,43,0,0,0,0,0,0,0,0,0,1.0,1.0,1.3948078155517578,1.367642763865329e-13,nan,nan,nan,nan,nan,nan,nan,nan,0.5985817313194275,0.4218533933162689
1,44,scene:1,stereo_left,44,0,0,0,0,0,0,0,0,0,1.0,1.0,1.0256034135818481,0.0,nan,nan,nan,nan,nan,nan,nan,nan,0.591292142868042,0.4220905303955078
1,45,scene:1,stereo_left,45,0,0,0,0,0,0,0,0,0,1.0,1.0,2.7638728618621826,2.7110614151874007e-15,nan,nan,nan,nan,nan,nan,nan,nan,0.5803806185722351,0.4124489724636078
1,46,scene:1,stereo_left,46,0,0,0,0,0,0,0,0,0,1.0,1.0,3.0684938430786133,3.206847095524615e-15,nan,nan,nan,nan,nan,nan,nan,nan,0.6028448939323425,0.4284076690673828
1,47,scene:1,stereo_left,47,0,0,0,0,0,0,0,0,0,1.0,1.0,0.8163829445838928,1.0252356569332733e-14,nan,nan,nan,nan,nan,nan,nan,nan,0.602588951587677,0.41840294003486633
1,48,scene:1,stereo_left,48,0,0,0,0,0,0,0,0,0,1.0,1.0,1.631960153579712,2.975136479484102e-15,nan,nan,nan,nan,nan,nan,nan,nan,0.6064652800559998,0.42718616127967834
1,49,scene:1,stereo_left,49,0,0,0,0,0,0,0,0,0,1.0,1.0,2.794255495071411,0.0,nan,nan,nan,nan,nan,nan,nan,nan,0.5943707227706909,0.4102647304534912
1,50,scene:1,stereo_left,50,0,0,0,0,0,0,0,0,0,1.0,1.0,1.5586498975753784,0.0,nan,nan,nan,nan,nan,nan,nan,nan,0.6144571900367737,0.4227801263332367
1,51,scene:1,stereo_left,51,0,0,0,0,0,0,0,0,0,1.0,1.0,1.0729806423187256,5.565970692561154e-15,nan,nan,nan,nan,nan,nan,nan,nan,0.5953506827354431,0.4117366373538971
1,52,scene:1,stereo_left,52,0,0,0,0,0,0,0,0,0,1.0,1.0,3.297647714614868,2.882499783955283e-15,nan,nan,nan,nan,nan,nan,nan,nan,0.6208576560020447,0.4341733157634735
1,53,scene:1,stereo_left,53,0,0,0,0,0,0,0,0,0,1.0,1.0,1.725479245185852,0.0,nan,nan,nan,nan,nan,nan,nan,nan,0.6053610444068909,0.41237661242485046
1,54,scene:1,stereo_left,54,0,0,0,0,0,0,0,0,0,1.0,1.0,1.5586522817611694,3.975693351829396e-16,nan,nan,nan,nan,nan,nan,nan,nan,0.6228514909744263,0.4322294294834137
1,55,scene:1,stereo_left,55,0,0,0,0,0,0,0,0,0,1.0,1.0,1.2716593742370605,3.4200207374455404e-15,nan,nan,nan,nan,nan,nan,nan,nan,0.6222392916679382,0.41103747487068176
1,56,scene:1,stereo_left,56,0,0,0,0,0,0,0,0,0,1.0,1.0,4.824297904968262,9.988805923400662e-15,nan,nan,nan,nan,nan,nan,nan,nan,0.5919453501701355,0.39750972390174866
1,57,scene:1,stereo_left,57,0,0,0,0,0,0,0,0,0,1.0,1.0,0.8392198085784912,0.0,nan,nan,nan,nan,nan,nan,nan,nan,0.6122663617134094,0.41964292526245117
1,58,scene:1,stereo_left,58,0,0,0,0,0,0,0,0,0,1.0,1.0,3.0034029483795166,2.6966954963047013e-14,nan,nan,nan,nan,nan,nan,nan,nan,0.5884929299354553,0.40652501583099365
1,59,scene:1,stereo_left,59,0,0,0,0,0,0,0,0,0,1.0,1.0,1.4033656120300293,0.0,nan,nan,nan,nan,nan,nan,nan,nan,0.5791791081428528,0.40900346636772156
1,60,scene:1,stereo_left,60,0,0,0,0,0,0,0,0,0,1.0,1.0,6.92227029800415,1.987846675914698e-16,nan,nan,nan,nan,nan,nan,nan,nan,0.6125611066818237,0.4433760941028595
1,61,scene:1,stereo_left,61,0,0,0,0,0,0,0,0,0,1.0,1.0,9.300642967224121,1.9907937104115339e-13,nan,nan,nan,nan,nan,nan,nan,nan,0.5247864127159119,0.3950366675853729
1,62,scene:1,stereo_left,62,0,0,0,0,0,0,0,0,0,1.0,1.0,0.18714745342731476,6.3611093629270335e-15,nan,nan,nan,nan,nan,nan,nan,nan,0.5834197402000427,0.41939404606819153
1,63,scene:1,stereo_left,63,0,0,0,0,0,0,0,0,0,1.0,1.0,2.323230028152466,1.6165105887080444e-15,nan,nan,nan,nan,nan,nan,nan,nan,0.5978388786315918,0.42895829677581787
1,64,scene:1,stereo_left,64,0,0,0,0,0,0,0,0,0,1.0,1.0,3.5674006938934326,2.3871383023915783e-14,nan,nan,nan,nan,nan,nan,nan,nan,0.6055107712745667,0.4330447018146515
1,65,scene:1,stereo_left,65,0,0,0,0,0,0,0,0,0,1.0,1.0,1.3725305795669556,2.0652752128631793e-15,nan,nan,nan,nan,nan,nan,nan,nan,0.6073192954063416,0.42758068442344666
1,66,scene:1,stereo_left,66,0,0,0,0,0,0,0,0,0,1.0,1.0,1.8519684076309204,2.885526279534824e-17,nan,nan,nan,nan,nan,nan,nan,nan,0.6204119324684143,0.4329390823841095
1,67,scene:1,stereo_left,67,0,0,0,0,0,0,0,0,0,1.0,1.0,1.2119239568710327,5.963540027744094e-16,nan,nan,nan,nan,nan,nan,nan,nan,0.6133726239204407,0.4150983393192291
1,68,scene:1,stereo_left,68,0,0,0,0,0,0,0,0,0,1.0,1.0,2.378725528717041,3.490868323879903e-15,nan,nan,nan,nan,nan,nan,nan,nan,0.6076334118843079,0.4093337059020996
1,69,scene:1,stereo_left,69,0,0,0,0,0,0,0,0,0,1.0,1.0,2.4557676315307617,0.0,nan,nan,nan,nan,nan,nan,nan,nan,0.6302446126937866,0.4265054166316986
1,70,scene:1,stereo_left,70,0,0,0,0,0,0,0,0,0,1.0,1.0,0.6330300569534302,6.557716704660026e-15,nan,nan,nan,nan,nan,nan,nan,nan,0.6244401335716248,0.42125818133354187
1,71,scene:1,stereo_left,71,0,0,0,0,0,0,0,0,0,1.0,1.0,2.639584541320801,6.373715040100249e-15,nan,nan,nan,nan,nan,nan,nan,nan,0.6342552304267883,0.4308105707168579
1,72,scene:1,stereo_left,72,0,0,0,0,0,0,0,0,0,1.0,1.0,1.0411288738250732,1.2728138660762685e-14,nan,nan,nan,nan,nan,nan,nan,nan,0.6377026438713074,0.42812228202819824
1,73,scene:1,stereo_left,73,0,0,0,0,0,0,0,0,0,1.0,1.0,0.22327080368995667,1.7680265955216718e-15,nan,nan,nan,nan,nan,nan,nan,nan,0.6393459439277649,0.4129340350627899
1,74,scene:1,stereo_left,74,0,0,0,0,0,0,0,0,0,1.0,1.0,0.627718985080719,6.3611093629270335e-15,nan,nan,nan,nan,nan,nan,nan,nan,0.6474469304084778,0.4123343527317047
1,75,scene:1,stereo_left,75,0,0,0,0,0,0,0,0,0,1.0,1.0,0.8659337759017944,7.111936473907614e-15,nan,nan,nan,nan,nan,nan,nan,nan,0.6413987874984741,0.4036068022251129
1,76,scene:1,stereo_left,76,0,0,0,0,0,0,0,0,0,1.0,1.0,4.607122421264648,2.0966496542073473e-13,nan,nan,nan,nan,nan,nan,nan,nan,0.6022709608078003,0.3885267972946167
1,77,scene:1,stereo_left,77,0,0,0,0,0,0,0,0,0,1.0,1.0,5.49566650390625,2.3854160110976376e-15,nan,nan,nan,nan,nan,nan,nan,nan,0.6397528052330017,0.43770265579223633
1,78,scene:1,stereo_left,78,0,0,0,0,0,0,0,0,0,1.0,1.0,0.4922415614128113,5.250183063231845e-15,nan,nan,nan,nan,nan,nan,nan,nan,0.6307210326194763,0.4095425307750702
1,79,scene:1,stereo_left,79,0,0,0,0,0,0,0,0,0,1.0,1.0,5.5730366706848145,9.414636820227494e-15,nan,nan,nan,nan,nan,nan,nan,nan,0.5865299105644226,0.3951440155506134
1,80,scene:1,stereo_left,80,0,0,0,0,0,0,0,0,0,1.0,1.0,1.8595504760742188,6.556881449863406e-15,nan,nan,nan,nan,nan,nan,nan,nan,0.5957606434822083,0.41185519099235535
1,81,scene:1,stereo_left,81,0,0,0,0,0,0,0,0,0,1.0,1.0,1.7188163995742798,0.0,nan,nan,nan,nan,nan,nan,nan,nan,0.6207243800163269,0.43126407265663147
1,82,scene:1,stereo_left,82,0,0,0,0,0,0,0,0,0,1.0,1.0,1.3488258123397827,1.5023702783425428e-14,nan,nan,nan,nan,nan,nan,nan,nan,0.6157571077346802,0.4272174835205078
1,83,scene:1,stereo_left,83,0,0,0,0,0,0,0,0,0,1.0,1.0,8.080438613891602,3.975693351829396e-16,nan,nan,nan,nan,nan,nan,nan,nan,0.6363276839256287,0.45042505860328674
1,84,scene:1,stereo_left,84,0,0,0,0,0,0,0,0,0,1.0,1.0,1.8770203590393066,1.0067124134996331e-14,nan,nan,nan,nan,nan,nan,nan,nan,0.6221854090690613,0.41231679916381836
1,85,scene:1,stereo_left,85,0,0,0,0,0,0,0,0,0,1.0,1.0,2.668750524520874,9.431026160452456e-15,nan,nan,nan,nan,nan,nan,nan,nan,0.6163095235824585,0.4150930941104889
1,86,scene:1,stereo_left,86,0,0,0,0,0,0,0,0,0,1.0,1.0,8.444472312927246,0.0,nan,nan,nan,nan,nan,nan,nan,nan,0.6477544903755188,0.4589700996875763
1,87,scene:1,stereo_left,87,0,0,0,0,0,0,0,0,0,1.0,1.0,3.196058988571167,1.008917867434739e-14,nan,nan,nan,nan,nan,nan,nan,nan,0.6284459829330444,0.40287497639656067
1,88,scene:1,stereo_left,88,0,0,0,0,0,0,0,0,0,1.0,1.0,40.528202056884766,1.1746811545714157e-14,nan,nan,nan,nan,nan,nan,nan,nan,0.3786928951740265,0.3686261475086212
1,89,scene:1,stereo_left,89,0,0,0,0,0,0,0,0,0,1.0,1.0,2.976910352706909,6.3611093629270335e-15,nan,nan,nan,nan,nan,nan,nan,nan,0.6464102864265442,0.45255163311958313
1,90,scene:1,stereo_left,90,0,0,0,0,0,0,0,0,0,1.0,1.0,1.096730351448059,2.14992051064689e-13,nan,nan,nan,nan,nan,nan,nan,nan,0.6285163760185242,0.41191768646240234
1,91,scene:1,stereo_left,91,0,0,0,0,0,0,0,0,0,1.0,1.0,10.556140899658203,0.0,nan,nan,nan,nan,nan,nan,nan,nan,0.6392808556556702,0.455875962972641
1,92,scene:1,stereo_left,92,0,0,0,0,0,0,0,0,0,1.0,1.0,2.8918745517730713,5.8090101442833405e-15,nan,nan,nan,nan,nan,nan,nan,nan,0.644174337387085,0.43760600686073303
1,93,scene:1,stereo_left,93,0,0,0,0,0,0,0,0,0,1.0,1.0,3.844630241394043,4.919990799794689e-14,nan,nan,nan,nan,nan,nan,nan,nan,0.6161090731620789,0.3994021713733673
1,94,scene:1,stereo_left,94,0,0,0,0,0,0,0,0,0,1.0,1.0,4.493575096130371,0.0,nan,nan,nan,nan,nan,nan,nan,nan,0.649072527885437,0.439102441072464
1,95,scene:1,stereo_left,95,0,0,0,0,0,0,0,0,0,1.0,1.0,2.1550891399383545,1.0866155456484321e-14,nan,nan,nan,nan,nan,nan,nan,nan,0.6293373703956604,0.40241312980651855
1,96,scene:1,stereo_left,96,0,0,0,0,0,0,0,0,0,1.0,1.0,3.0621097087860107,6.145517783717147e-16,nan,nan,nan,nan,nan,nan,nan,nan,0.6463689804077148,0.4385545551776886
1,97,scene:1,stereo_left,97,0,0,0,0,0,0,0,0,0,1.0,1.0,0.70305997133255,7.954232343819753e-15,nan,nan,nan,nan,nan,nan,nan,nan,0.6423588395118713,0.41185393929481506
1,98,scene:1,stereo_left,98,0,0,0,0,0,0,0,0,0,1.0,1.0,0.28354883193969727,6.3611093629270335e-15,nan,nan,nan,nan,nan,nan,nan,nan,0.6462793946266174,0.41843268275260925
1,99,scene:1,stereo_left,99,0,0,0,0,0,0,0,0,0,1.0,1.0,4.423966884613037,6.35644863984708e-15,nan,nan,nan,nan,nan,nan,nan,nan,0.6089388728141785,0.38464033603668213
1,100,scene:1,stereo_left,100,0,0,0,0,0,0,0,0,0,1.0,1.0,8.72551155090332,0.0,nan,nan,nan,nan,nan,nan,nan,nan,0.5511884093284607,0.3812337815761566
1,101,scene:1,stereo_left,101,0,0,0,0,0,0,0,0,0,1.0,1.0,5.014280319213867,9.450245886005503e-15,nan,nan,nan,nan,nan,nan,nan,nan,0.6431337594985962,0.4440435469150543
1,102,scene:1,stereo_left,102,0,0,0,0,0,0,0,0,0,1.0,1.0,10.028755187988281,1.5902773407317584e-15,nan,nan,nan,nan,nan,nan,nan,nan,0.5673395991325378,0.38568928837776184
1,103,scene:1,stereo_left,103,0,0,0,0,0,0,0,0,0,1.0,1.0,5.207954406738281,0.0,nan,nan,nan,nan,nan,nan,nan,nan,0.6259810328483582,0.4353140592575073
1,104,scene:1,stereo_left,104,0,0,0,0,0,0,0,0,0,1.0,1.0,4.559926509857178,3.536817228382833e-15,nan,nan,nan,nan,nan,nan,nan,nan,0.6293080449104309,0.44247010350227356
1,105,scene:1,stereo_left,105,0,0,0,0,0,0,0,0,0,1.0,1.0,2.9787771701812744,3.4531014218771006e-15,nan,nan,nan,nan,nan,nan,nan,nan,0.6373869180679321,0.42434749007225037
1,106,scene:1,stereo_left,106,0,0,0,0,0,0,0,0,0,1.0,1.0,0.15642322599887848,5.483719252191191e-15,nan,nan,nan,nan,nan,nan,nan,nan,0.6289578080177307,0.4167281687259674
1,107,scene:1,stereo_left,107,0,0,0,0,0,0,0,0,0,1.0,1.0,6.169081687927246,3.583641558885545e-16,nan,nan,nan,nan,nan,nan,nan,nan,0.5844809412956238,0.38829171657562256
1,108,scene:1,stereo_left,108,0,0,0,0,0,0,0,0,0,1.0,1.0,0.6556746959686279,1.2528166132513567e-14,nan,nan,nan,nan,nan,nan,nan,nan,0.6268234848976135,0.4202840030193329
1,109,scene:1,stereo_left,109,0,0,0,0,0,0,0,0,0,1.0,1.0,3.1789166927337646,3.1805546814635168e-15,nan,nan,nan,nan,nan,nan,nan,nan,0.6337022185325623,0.43382513523101807
1,110,scene:1,stereo_left,110,0,0,0,0,0,0,0,0,0,1.0,1.0,4.544175624847412,5.575336308769462e-15,nan,nan,nan,nan,nan,nan,nan,nan,0.6401116847991943,0.4505600035190582
1,111,scene:1,stereo_left,111,0,0,0,0,0,0,0,0,0,1.0,1.0,4.7686991691589355,3.1805546814635168e-15,nan,nan,nan,nan,nan,nan,nan,nan,0.6173048615455627,0.393664687871933
1,112,scene:1,stereo_left,112,0,0,0,0,0,0,0,0,0,1.0,1.0,1.6773453950881958,1.9476840171514755e-15,nan,nan,nan,nan,nan,nan,nan,nan,0.6400660872459412,0.4228183925151825
1,113,scene:1,stereo_left,113,0,0,0,0,0,0,0,0,0,1.0,1.0,4.874906063079834,1.033680271475643e-14,nan,nan,nan,nan,nan,nan,nan,nan,0.596619188785553,0.39409661293029785
1,114,scene:1,stereo_left,114,0,0,0,0,0,0,0,0,0,1.0,1.0,5.382767677307129,8.028661470836353e-16,nan,nan,nan,nan,nan,nan,nan,nan,0.630275309085846,0.43855273723602295
1,115,scene:1,stereo_left,115,0,0,0,0,0,0,0,0,0,1.0,1.0,16.94272804260254,6.373521295437537e-15,nan,nan,nan,nan,nan,nan,nan,nan,0.4895530641078949,0.3788871467113495
1,116,scene:1,stereo_left,116,0,0,0,0,0,0,0,0,0,1.0,1.0,6.96729850769043,3.609136006878089e-15,nan,nan,nan,nan,nan,nan,nan,nan,0.6378751397132874,0.4638560712337494
1,117,scene:1,stereo_left,117,0,0,0,0,0,0,0,0,0,1.0,1.0,3.805656909942627,7.963801054237171e-15,nan,nan,nan,nan,nan,nan,nan,nan,0.6394386291503906,0.4433545768260956
1,118,scene:1,stereo_left,118,0,0,0,0,0,0,0,0,0,1.0,1.0,3.4876956939697266,3.58579454289405e-16,nan,nan,nan,nan,nan,nan,nan,nan,0.6453704833984375,0.44292572140693665
1,119,scene:1,stereo_left,119,0,0,0,0,0,0,0,0,0,1.0,1.0,8.998973846435547,0.0,nan,nan,nan,nan,nan,nan,nan,nan,0.5741581320762634,0.3773667812347412
1,120,scene:1,stereo_left,120,0,0,0,0,0,0,0,0,0,1.0,1.0,6.114139556884766,6.362662178613029e-15,nan,nan,nan,nan,nan,nan,nan,nan,0.6527109742164612,0.4398129880428314
1,121,scene:1,stereo_left,121,0,0,0,0,0,0,0,0,0,1.0,1.0,3.684821844100952,0.0,nan,nan,nan,nan,nan,nan,nan,nan,0.6231610178947449,0.3966047763824463
1,122,scene:1,stereo_left,122,0,0,0,0,0,0,0,0,0,1.0,1.0,2.659510850906372,4.6603135297758573e-14,nan,nan,nan,nan,nan,nan,nan,nan,0.6068121790885925,0.40197405219078064
1,123,scene:1,stereo_left,123,0,0,0,0,0,0,0,0,0,1.0,1.0,2.125916004180908,1.070488196111514e-15,nan,nan,nan,nan,nan,nan,nan,nan,0.5982790589332581,0.40879034996032715
1,124,scene:1,stereo_left,124,0,0,0,0,0,0,0,0,0,1.0,1.0,7.719109058380127,1.6661191196546971e-15,nan,nan,nan,nan,nan,nan,nan,nan,0.6281304955482483,0.447464257478714
1,125,scene:1,stereo_left,125,0,0,0,0,0,0,0,0,0,1.0,1.0,5.165849685668945,1.7779841184769035e-15,nan,nan,nan,nan,nan,nan,nan,nan,0.5973801612854004,0.3988569676876068
1,126,scene:1,stereo_left,126,0,0,0,0,0,0,0,0,0,1.0,1.0,2.9705560207366943,4.636415336634696e-15,nan,nan,nan,nan,nan,nan,nan,nan,0.621372401714325,0.4261676073074341
1,127,scene:1,stereo_left,127,0,0,0,0,0,0,0,0,0,1.0,1.0,7.660452842712402,7.561823363283498e-15,nan,nan,nan,nan,nan,nan,nan,nan,0.6367878913879395,0.45533061027526855
1,128,scene:1,stereo_left,128,0,0,0,0,0,0,0,0,0,1.0,1.0,0.43404605984687805,3.4200207374455404e-15,nan,nan,nan,nan,nan,nan,nan,nan,0.6383286118507385,0.42493781447410583
1,129,scene:1,stereo_left,129,0,0,0,0,0,0,0,0,0,1.0,1.0,2.2998368740081787,1.1160303065190926e-14,nan,nan,nan,nan,nan,nan,nan,nan,0.6244881749153137,0.4020591974258423
1,130,scene:1,stereo_left,130,0,0,0,0,0,0,0,0,0,1.0,1.0,1.9231469631195068,1.2772204944907189e-14,nan,nan,nan,nan,nan,nan,nan,nan,0.6432319283485413,0.4300403892993927
1,131,scene:1,stereo_left,131,0,0,0,0,0,0,0,0,0,1.0,1.0,3.1237454414367676,2.7110614151874007e-15,nan,nan,nan,nan,nan,nan,nan,nan,0.6255176067352295,0.394532173871994
1,132,scene:1,stereo_left,132,0,0,0,0,0,0,0,0,0,1.0,1.0,1.2930465936660767,9.716077242484168e-15,nan,nan,nan,nan,nan,nan,nan,nan,0.6354096531867981,0.4193013608455658
1,133,scene:1,stereo_left,133,0,0,0,0,0,0,0,0,0,1.0,1.0,5.185348033905029,1.755987110829759e-14,nan,nan,nan,nan,nan,nan,nan,nan,0.6379722356796265,0.44392725825309753
1,134,scene:1,stereo_left,134,0,0,0,0,0,0,0,0,0,1.0,1.0,5.954195022583008,1.204119455980306e-14,nan,nan,nan,nan,nan,nan,nan,nan,0.5979194641113281,0.3831605613231659
1,135,scene:1,stereo_left,135,0,0,0,0,0,0,0,0,0,1.0,1.0,0.37987425923347473,3.770287282281969e-15,nan,nan,nan,nan,nan,nan,nan,nan,0.6143930554389954,0.41267743706703186
1,136,scene:1,stereo_left,136,0,0,0,0,0,0,0,0,0,1.0,1.0,7.865127086639404,9.566609442281732e-15,nan,nan,nan,nan,nan,nan,nan,nan,0.6380975842475891,0.46933725476264954
1,137,scene:1,stereo_left,137,0,0,0,0,0,0,0,0,0,1.0,1.0,0.6041262149810791,3.1805546814635168e-15,nan,nan,nan,nan,nan,nan,nan,nan,0.6361808776855469,0.41729581356048584
1,138,scene:1,stereo_left,138,0,0,0,0,0,0,0,0,0,1.0,1.0,3.833766460418701,6.2046614701901966e-15,nan,nan,nan,nan,nan,nan,nan,nan,0.6092310547828674,0.3916011154651642
1,139,scene:1,stereo_left,139,0,0,0,0,0,0,0,0,0,1.0,1.0,2.6970303058624268,3.1805546814635168e-15,nan,nan,nan,nan,nan,nan,nan,nan,0.6387410163879395,0.4207381308078766
1,140,scene:1,stereo_left,140,0,0,0,0,0,0,0,0,0,1.0,1.0,3.126755714416504,8.881452034799844e-15,nan,nan,nan,nan,nan,nan,nan,nan,0.6365194916725159,0.43506374955177307
1,141,scene:1,stereo_left,141,0,0,0,0,0,0,0,0,0,1.0,1.0,1.6110665798187256,3.1805546814635168e-15,nan,nan,nan,nan,nan,nan,nan,nan,0.6255772709846497,0.40704381465911865
1,142,scene:1,stereo_left,142,0,0,0,0,0,0,0,0,0,1.0,1.0,3.4814510345458984,1.5902773407317584e-14,nan,nan,nan,nan,nan,nan,nan,nan,0.6077147126197815,0.3987410366535187
1,143,scene:1,stereo_left,143,0,0,0,0,0,0,0,0,0,1.0,1.0,8.6475248336792,1.1716319288211996e-14,nan,nan,nan,nan,nan,nan,nan,nan,0.6431559920310974,0.45797762274742126
1,144,scene:1,stereo_left,144,0,0,0,0,0,0,0,0,0,1.0,1.0,3.862190008163452,7.50745273813363e-15,nan,nan,nan,nan,nan,nan,nan,nan,0.6196178793907166,0.3881535828113556
1,145,scene:1,stereo_left,145,0,0,0,0,0,0,0,0,0,1.0,1.0,4.706624984741211,1.5902773407317584e-15,nan,nan,nan,nan,nan,nan,nan,nan,0.5901221632957458,0.38752150535583496
1,146,scene:1,stereo_left,146,0,0,0,0,0,0,0,0,0,1.0,1.0,9.435290336608887,2.4440019606806263e-15,nan,nan,nan,nan,nan,nan,nan,nan,0.6438199877738953,0.45230361819267273
1,147,scene:1,stereo_left,147,0,0,0,0,0,0,0,0,0,1.0,1.0,1.821050763130188,0.0,nan,nan,nan,nan,nan,nan,nan,nan,0.6248251795768738,0.4060763418674469
1,148,scene:1,stereo_left,148,0,0,0,0,0,0,0,0,0,1.0,1.0,1.6900873184204102,8.234581375102086e-15,nan,nan,nan,nan,nan,nan,nan,nan,0.6308742165565491,0.4300781190395355
1,149,scene:1,stereo_left,149,0,0,0,0,0,0,0,0,0,1.0,1.0,0.6580801606178284,3.1805546814635168e-15,nan,nan,nan,nan,nan,nan,nan,nan,0.6331016421318054,0.4159044027328491
1,150,scene:1,stereo_left,150,0,0,0,0,0,0,0,0,0,1.0,1.0,2.188488245010376,3.2298685475317884e-15,nan,nan,nan,nan,nan,nan,nan,nan,0.6414640545845032,0.4322693645954132
1,151,scene:1,stereo_left,151,0,0,0,0,0,0,0,0,0,1.0,1.0,25.370229721069336,2.0929108653018788e-14,nan,nan,nan,nan,nan,nan,nan,nan,0.49082931876182556,0.35144487023353577
1,152,scene:1,stereo_left,152,0,0,0,0,0,0,0,0,0,1.0,1.0,6.306779384613037,1.1495186408590538e-14,nan,nan,nan,nan,nan,nan,nan,nan,0.5793328285217285,0.3695574700832367
1,153,scene:1,stereo_left,153,0,0,0,0,0,0,0,0,0,1.0,1.0,42.57731246948242,3.2934726273440226e-15,nan,nan,nan,nan,nan,nan,nan,nan,0.3977796137332916,0.36337947845458984
1,155,scene:1,stereo_left,155,1,1,0,0,0,0,0,0,0,1.0,1.0,0.0,1.0065651603054456e-14,nan,nan,nan,nan,nan,nan,nan,nan,0.0,0.0
1,156,scene:1,stereo_left,156,1,0,0,0,0,0,0,0,0,1.0,1.0,0.10762202739715576,3.3024589267950804e-15,nan,nan,nan,nan,nan,nan,nan,nan,0.624247133731842,0.48790839314460754
1,157,scene:1,stereo_left,157,1,0,0,0,0,0,0,0,0,1.0,1.0,0.43577104806900024,1.9476840171514755e-15,nan,nan,nan,nan,nan,nan,nan,nan,0.6545704007148743,0.5028656721115112
1,158,scene:1,stereo_left,158,1,0,0,0,0,0,0,0,0,1.0,1.0,0.044641926884651184,1.0159432991530896e-14,nan,nan,nan,nan,nan,nan,nan,nan,0.6629345417022705,0.488867849111557
1,159,scene:1,stereo_left,159,1,0,0,0,0,0,0,0,0,1.0,1.0,0.35220569372177124,8.407909998343709e-15,nan,nan,nan,nan,nan,nan,nan,nan,0.6696917414665222,0.4824725091457367
1,160,scene:1,stereo_left,160,1,0,0,0,0,0,0,0,0,1.0,1.0,68.733642578125,0.0,nan,nan,nan,nan,nan,nan,nan,nan,0.366239458322525,0.36757150292396545
1,165,scene:1,stereo_left,165,2,1,0,0,0,0,0,0,0,1.0,1.0,0.0,1.9083651628791683e-14,nan,nan,nan,nan,nan,nan,nan,nan,0.0,0.0
1,166,scene:1,stereo_left,166,2,0,0,0,0,0,0,0,0,1.0,1.0,1.1021195650100708,6.0072779169459325e-15,nan,nan,nan,nan,nan,nan,nan,nan,0.6227243542671204,0.42076364159584045
1,167,scene:1,stereo_left,167,2,0,0,0,0,0,0,0,0,1.0,1.0,0.7328447699546814,2.134043908640177e-15,nan,nan,nan,nan,nan,nan,nan,nan,0.644894003868103,0.40573325753211975
1,168,scene:1,stereo_left,168,2,0,0,0,0,0,0,0,0,1.0,1.0,1.1707665920257568,2.458830543698777e-15,nan,nan,nan,nan,nan,nan,nan,nan,0.6445524096488953,0.4081226587295532
1,169,scene:1,stereo_left,169,2,0,0,0,0,0,0,0,0,1.0,1.0,0.08189067244529724,1.6034235477623076e-15,nan,nan,nan,nan,nan,nan,nan,nan,0.6465826630592346,0.40993186831474304
1,170,scene:1,stereo_left,170,2,0,0,0,0,0,0,0,0,1.0,1.0,0.10890425741672516,6.3611093629270335e-15,nan,nan,nan,nan,nan,nan,nan,nan,0.6441203951835632,0.404254287481308
1,171,scene:1,stereo_left,171,2,0,0,0,0,0,0,0,0,1.0,1.0,0.8049871325492859,0.0,nan,nan,nan,nan,nan,nan,nan,nan,0.6501442193984985,0.4118778705596924
1,172,scene:1,stereo_left,172,2,0,0,0,0,0,0,0,0,1.0,1.0,0.05142552778124809,2.5842006786891076e-15,nan,nan,nan,nan,nan,nan,nan,nan,0.6498392820358276,0.40826916694641113
1,173,scene:1,stereo_left,173,2,0,0,0,0,0,0,0,0,1.0,1.0,0.21254189312458038,3.4531014218771006e-15,nan,nan,nan,nan,nan,nan,nan,nan,0.6539871692657471,0.4010416567325592
1,174,scene:1,stereo_left,174,2,0,0,0,0,0,0,0,0,1.0,1.0,0.08247331529855728,4.647094085527007e-15,nan,nan,nan,nan,nan,nan,nan,nan,0.6554372310638428,0.39628124237060547
1,175,scene:1,stereo_left,175,2,0,0,0,0,0,0,0,0,1.0,1.0,0.2768462896347046,4.281952784446056e-15,nan,nan,nan,nan,nan,nan,nan,nan,0.6542803049087524,0.3920878469944
1,176,scene:1,stereo_left,176,2,0,0,0,0,0,0,0,0,1.0,1.0,1.6859400272369385,2.9818735457556868e-15,nan,nan,nan,nan,nan,nan,nan,nan,0.648573100566864,0.41113075613975525
1,177,scene:1,stereo_left,177,2,0,0,0,0,0,0,0,0,1.0,1.0,1.5641686916351318,7.951386703658792e-16,nan,nan,nan,nan,nan,nan,nan,nan,0.6405696868896484,0.39554858207702637
1,178,scene:1,stereo_left,178,2,0,0,0,0,0,0,0,0,1.0,1.0,0.6879485249519348,1.4667021957919473e-14,nan,nan,nan,nan,nan,nan,nan,nan,0.6512855887413025,0.4015183448791504
1,179,scene:1,stereo_left,179,2,0,0,0,0,0,0,0,0,1.0,1.0,0.36955997347831726,1.2813977369454583e-14,nan,nan,nan,nan,nan,nan,nan,nan,0.6410350203514099,0.39534851908683777
1,180,scene:1,stereo_left,180,2,0,0,0,0,0,0,0,0,1.0,1.0,0.6708282828330994,6.364214615424862e-15,nan,nan,nan,nan,nan,nan,nan,nan,0.6340194344520569,0.40481266379356384
1,181,scene:1,stereo_left,181,2,0,0,0,0,0,0,0,0,1.0,1.0,1.7091633081436157,1.7779841184769035e-15,nan,nan,nan,nan,nan,nan,nan,nan,0.6188468933105469,0.3986007273197174
1,182,scene:1,stereo_left,182,2,0,0,0,0,0,0,0,0,1.0,1.0,0.5441735982894897,1.590317530300301e-15,nan,nan,nan,nan,nan,nan,nan,nan,0.6276155710220337,0.39874014258384705
1,183,scene:1,stereo_left,183,2,0,0,0,0,0,0,0,0,1.0,1.0,1.4528067111968994,6.3611093629270335e-15,nan,nan,nan,nan,nan,nan,nan,nan,0.6184378266334534,0.4077392518520355
1,184,scene:1,stereo_left,184,2,0,0,0,0,0,0,0,0,1.0,1.0,0.5306409001350403,5.290249751872663e-15,nan,nan,nan,nan,nan,nan,nan,nan,0.6111022233963013,0.4092956483364105
1,185,scene:1,stereo_left,185,2,0,0,0,0,0,0,0,0,1.0,1.0,1.2877388000488281,1.7251336690058897e-15,nan,nan,nan,nan,nan,nan,nan,nan,0.6144159436225891,0.4153563678264618
1,186,scene:1,stereo_left,186,2,0,0,0,0,0,0,0,0,1.0,1.0,0.510158121585846,2.1185455994092032e-15,nan,nan,nan,nan,nan,nan,nan,nan,0.616761326789856,0.40399208664894104
1,187,scene:1,stereo_left,187,2,0,0,0,0,0,0,0,0,1.0,1.0,0.3260388970375061,0.0,nan,nan,nan,nan,nan,nan,nan,nan,0.6129094362258911,0.407591313123703
1,188,scene:1,stereo_left,188,2,0,0,0,0,0,0,0,0,1.0,1.0,0.37644606828689575,9.763067929109102e-15,nan,nan,nan,nan,nan,nan,nan,nan,0.6041510701179504,0.4076099097728729
1,189,scene:1,stereo_left,189,2,0,0,0,0,0,0,0,0,1.0,1.0,0.22528772056102753,0.0,nan,nan,nan,nan,nan,nan,nan,nan,0.6123361587524414,0.4097019135951996
1,190,scene:1,stereo_left,190,2,0,0,0,0,0,0,0,0,1.0,1.0,0.816955029964447,7.99460782547224e-15,nan,nan,nan,nan,nan,nan,nan,nan,0.6262331604957581,0.40841421484947205
1,191,scene:1,stereo_left,191,2,0,0,0,0,0,0,0,0,1.0,1.0,0.6956599950790405,6.364214615424862e-15,nan,nan,nan,nan,nan,nan,nan,nan,0.6250826716423035,0.40109455585479736
1,192,scene:1,stereo_left,192,2,0,0,0,0,0,0,0,0,1.0,1.0,0.5053837299346924,2.4848083448933725e-17,nan,nan,nan,nan,nan,nan,nan,nan,0.631624162197113,0.4038115441799164
1,193,scene:1,stereo_left,193,2,0,0,0,0,0,0,0,0,1.0,1.0,0.6983399987220764,4.373703859423228e-15,nan,nan,nan,nan,nan,nan,nan,nan,0.6321967840194702,0.4034736156463623
1,194,scene:1,stereo_left,194,2,0,0,0,0,0,0,0,0,1.0,1.0,0.9093601703643799,4.7772984948726384e-15,nan,nan,nan,nan,nan,nan,nan,nan,0.6202149987220764,0.3998067378997803
1,195,scene:1,stereo_left,195,2,0,0,0,0,0,0,0,0,1.0,1.0,0.06485244631767273,5.733826494216872e-15,nan,nan,nan,nan,nan,nan,nan,nan,0.6250377297401428,0.4060991704463959
1,196,scene:1,stereo_left,196,2,0,0,0,0,0,0,0,0,1.0,1.0,1.331660509109497,6.3611093629270335e-15,nan,nan,nan,nan,nan,nan,nan,nan,0.6318697333335876,0.4054233133792877
1,197,scene:1,stereo_left,197,2,0,0,0,0,0,0,0,0,1.0,1.0,0.6584006547927856,3.3390535912024783e-15,nan,nan,nan,nan,nan,nan,nan,nan,0.6260859966278076,0.4007593095302582
1,198,scene:1,stereo_left,198,2,0,0,0,0,0,0,0,0,1.0,1.0,0.13483409583568573,6.3611093629270335e-15,nan,nan,nan,nan,nan,nan,nan,nan,0.622462809085846,0.4062747061252594
1,199,scene:1,stereo_left,199,2,0,0,0,0,0,0,0,0,1.0,1.0,0.5725588202476501,7.951386703658792e-15,nan,nan,nan,nan,nan,nan,nan,nan,0.6307139992713928,0.4127865135669708
1,200,scene:1,stereo_left,200,2,0,0,0,0,0,0,0,0,1.0,1.0,0.6819631457328796,6.3611093629270335e-15,nan,nan,nan,nan,nan,nan,nan,nan,0.6331465244293213,0.3980725109577179
1,201,scene:1,stereo_left,201,2,0,0,0,0,0,0,0,0,1.0,1.0,0.2704889476299286,1.8569682811805637e-15,nan,nan,nan,nan,nan,nan,nan,nan,0.6338369250297546,0.39800071716308594
1,202,scene:1,stereo_left,202,2,0,0,0,0,0,0,0,0,1.0,1.0,0.41576284170150757,3.181197657694022e-15,nan,nan,nan,nan,nan,nan,nan,nan,0.6288164258003235,0.40014490485191345
1,203,scene:1,stereo_left,203,2,0,0,0,0,0,0,0,0,1.0,1.0,0.9921541810035706,6.465468730284684e-15,nan,nan,nan,nan,nan,nan,nan,nan,0.6327294707298279,0.4104653596878052
1,204,scene:1,stereo_left,204,2,0,0,0,0,0,0,0,0,1.0,1.0,0.2639388144016266,0.0,nan,nan,nan,nan,nan,nan,nan,nan,0.629550039768219,0.40424466133117676
1,205,scene:1,stereo_left,205,2,0,0,0,0,0,0,0,0,1.0,1.0,0.04066374525427818,1.5394935786512092e-15,nan,nan,nan,nan,nan,nan,nan,nan,0.632509171962738,0.40006205439567566
1,206,scene:1,stereo_left,206,2,0,0,0,0,0,0,0,0,1.0,1.0,0.0980789065361023,4.770832022195275e-15,nan,nan,nan,nan,nan,nan,nan,nan,0.6270089149475098,0.40672966837882996
1,207,scene:1,stereo_left,207,2,0,0,0,0,0,0,0,0,1.0,1.0,0.6921582221984863,9.554140737267588e-15,nan,nan,nan,nan,nan,nan,nan,nan,0.6327593922615051,0.4039074182510376
1,208,scene:1,stereo_left,208,2,0,0,0,0,0,0,0,0,1.0,1.0,0.16538915038108826,2.0119522475631908e-14,nan,nan,nan,nan,nan,nan,nan,nan,0.6302486062049866,0.4027518332004547
1,209,scene:1,stereo_left,209,2,0,0,0,0,0,0,0,0,1.0,1.0,0.21018880605697632,5.671962526204853e-15,nan,nan,nan,nan,nan,nan,nan,nan,0.6261575222015381,0.40019336342811584
1,210,scene:1,stereo_left,210,2,0,0,0,0,0,0,0,0,1.0,1.0,0.3897351026535034,9.284004236544854e-14,nan,nan,nan,nan,nan,nan,nan,nan,0.6260961890220642,0.4025467336177826
1,211,scene:1,stereo_left,211,2,0,0,0,0,0,0,0,0,1.0,1.0,1.1751866340637207,6.3721900876478044e-15,nan,nan,nan,nan,nan,nan,nan,nan,0.6356557011604309,0.4056471884250641
1,212,scene:1,stereo_left,212,2,0,0,0,0,0,0,0,0,1.0,1.0,0.22545596957206726,7.156248033292914e-15,nan,nan,nan,nan,nan,nan,nan,nan,0.6263119578361511,0.40113213658332825
1,213,scene:1,stereo_left,213,2,0,0,0,0,0,0,0,0,1.0,1.0,1.5057348012924194,2.273165037722399e-13,nan,nan,nan,nan,nan,nan,nan,nan,0.6145029067993164,0.3977634608745575
1,214,scene:1,stereo_left,214,2,0,0,0,0,0,0,0,0,1.0,1.0,1.7760432958602905,9.633368338598188e-15,nan,nan,nan,nan,nan,nan,nan,nan,0.6286866068840027,0.4109369218349457
1,215,scene:1,stereo_left,215,2,0,0,0,0,0,0,0,0,1.0,1.0,0.9931168556213379,9.61665901685095e-14,nan,nan,nan,nan,nan,nan,nan,nan,0.6094759106636047,0.4030548334121704
1,216,scene:1,stereo_left,216,2,0,0,0,0,0,0,0,0,1.0,1.0,1.0460610389709473,2.2142695863122374e-15,nan,nan,nan,nan,nan,nan,nan,nan,0.6236949563026428,0.4105110466480255
1,217,scene:1,stereo_left,217,2,0,0,0,0,0,0,0,0,1.0,1.0,0.9406571984291077,1.2424041724466862e-17,nan,nan,nan,nan,nan,nan,nan,nan,0.6135889887809753,0.4044684171676636
1,218,scene:1,stereo_left,218,2,0,0,0,0,0,0,0,0,1.0,1.0,0.12255191057920456,6.3613034856169464e-15,nan,nan,nan,nan,nan,nan,nan,nan,0.6291094422340393,0.4047515392303467
1,219,scene:1,stereo_left,219,2,0,0,0,0,0,0,0,0,1.0,1.0,0.2534964382648468,3.1805546814635168e-15,nan,nan,nan,nan,nan,nan,nan,nan,0.622601330280304,0.4010821282863617
1,220,scene:1,stereo_left,220,2,0,0,0,0,0,0,0,0,1.0,1.0,0.5558961033821106,1.5949297405927374e-15,nan,nan,nan,nan,nan,nan,nan,nan,0.614462673664093,0.40744319558143616
1,221,scene:1,stereo_left,221,2,0,0,0,0,0,0,0,0,1.0,1.0,0.04323294386267662,6.3611093629270335e-15,nan,nan,nan,nan,nan,nan,nan,nan,0.6002655625343323,0.40899381041526794
1,222,scene:1,stereo_left,222,2,0,0,0,0,0,0,0,0,1.0,1.0,0.4693494439125061,0.0,nan,nan,nan,nan,nan,nan,nan,nan,0.5997408628463745,0.40770217776298523
1,223,scene:1,stereo_left,223,2,0,0,0,0,0,0,0,0,1.0,1.0,0.13247966766357422,0.0,nan,nan,nan,nan,nan,nan,nan,nan,0.6053838133811951,0.40799450874328613
1,224,scene:1,stereo_left,224,2,0,0,0,0,0,0,0,0,1.0,1.0,0.25570425391197205,1.5911294453843687e-16,nan,nan,nan,nan,nan,nan,nan,nan,0.6025607585906982,0.4116809070110321
1,225,scene:1,stereo_left,225,2,0,0,0,0,0,0,0,0,1.0,1.0,0.096241295337677,1.6217710384831355e-14,nan,nan,nan,nan,nan,nan,nan,nan,0.604471743106842,0.41004884243011475
1,226,scene:1,stereo_left,226,2,0,0,0,0,0,0,0,0,1.0,1.0,0.03438796103000641,1.987846675914698e-15,nan,nan,nan,nan,nan,nan,nan,nan,0.607556164264679,0.4117089807987213
1,227,scene:1,stereo_left,227,2,0,0,0,0,0,0,0,0,1.0,1.0,0.08489712327718735,0.0,nan,nan,nan,nan,nan,nan,nan,nan,0.6055945754051208,0.41080331802368164
1,228,scene:1,stereo_left,228,2,0,0,0,0,0,0,0,0,1.0,1.0,0.3457592725753784,1.1112400740480647e-16,nan,nan,nan,nan,nan,nan,nan,nan,0.6062045693397522,0.408622145652771
1,229,scene:1,stereo_left,229,2,0,0,0,0,0,0,0,0,1.0,1.0,0.14657388627529144,4.703176123596514e-15,nan,nan,nan,nan,nan,nan,nan,nan,0.6056168079376221,0.4085752069950104
1,230,scene:1,stereo_left,230,2,0,0,0,0,0,0,0,0,1.0,1.0,0.17641156911849976,4.852952201020826e-15,nan,nan,nan,nan,nan,nan,nan,nan,0.6019162535667419,0.4121723175048828
1,231,scene:1,stereo_left,231,2,0,0,0,0,0,0,0,0,1.0,1.0,0.12332022935152054,2.28281413084194e-15,nan,nan,nan,nan,nan,nan,nan,nan,0.6025891900062561,0.4118586480617523
1,232,scene:1,stereo_left,232,2,0,0,0,0,0,0,0,0,1.0,1.0,0.09334909170866013,6.3611093629270335e-15,nan,nan,nan,nan,nan,nan,nan,nan,0.6022140383720398,0.4121914803981781
1,233,scene:1,stereo_left,233,2,0,0,0,0,0,0,0,0,1.0,1.0,0.031784527003765106,1.9803850178594959e-13,nan,nan,nan,nan,nan,nan,nan,nan,0.596886396408081,0.41051265597343445
1,234,scene:1,stereo_left,234,2,0,0,0,0,0,0,0,0,1.0,1.0,0.31602829694747925,9.408207625024576e-15,nan,nan,nan,nan,nan,nan,nan,nan,0.5979268550872803,0.4124118387699127
1,235,scene:1,stereo_left,235,2,0,0,0,0,0,0,0,0,1.0,1.0,1.0653762817382812,1.8409394833091394e-15,nan,nan,nan,nan,nan,nan,nan,nan,0.5961629748344421,0.41407540440559387
1,236,scene:1,stereo_left,236,2,0,0,0,0,0,0,0,0,1.0,1.0,0.3565768301486969,6.3611093629270335e-15,nan,nan,nan,nan,nan,nan,nan,nan,0.5990152359008789,0.41084155440330505
1,237,scene:1,stereo_left,237,2,0,0,0,0,0,0,0,0,1.0,1.0,1.0206328630447388,2.904139905218519e-13,nan,nan,nan,nan,nan,nan,nan,nan,0.608061671257019,0.41458043456077576
1,238,scene:1,stereo_left,238,2,0,0,0,0,0,0,0,0,1.0,1.0,0.8735957741737366,4.772400946572141e-15,nan,nan,nan,nan,nan,nan,nan,nan,0.6043109893798828,0.41661500930786133
1,239,scene:1,stereo_left,239,2,0,0,0,0,0,0,0,0,1.0,1.0,0.2419687807559967,9.572627550841395e-15,nan,nan,nan,nan,nan,nan,nan,nan,0.5959205031394958,0.41428422927856445
1,240,scene:1,stereo_left,240,2,0,0,0,0,0,0,0,0,1.0,1.0,0.06024053320288658,3.1337214256165766e-15,nan,nan,nan,nan,nan,nan,nan,nan,0.5986964106559753,0.41421452164649963
1,241,scene:1,stereo_left,241,2,0,0,0,0,0,0,0,0,1.0,1.0,0.7577781081199646,2.0369367018374355e-15,nan,nan,nan,nan,nan,nan,nan,nan,0.605443000793457,0.4159899055957794
1,242,scene:1,stereo_left,242,2,0,0,0,0,0,0,0,0,1.0,1.0,0.11555168777704239,0.0,nan,nan,nan,nan,nan,nan,nan,nan,0.5974733233451843,0.41763174533843994
1,243,scene:1,stereo_left,243,2,0,0,0,0,0,0,0,0,1.0,1.0,0.02248426526784897,1.7494098829724371e-15,nan,nan,nan,nan,nan,nan,nan,nan,0.5973822474479675,0.4173034727573395
1,244,scene:1,stereo_left,244,2,0,0,0,0,0,0,0,0,1.0,1.0,0.06462129950523376,6.3611093629270335e-15,nan,nan,nan,nan,nan,nan,nan,nan,0.6002991795539856,0.4129645526409149
1,245,scene:1,stereo_left,245,2,0,0,0,0,0,0,0,0,1.0,1.0,0.1638025939464569,6.3611093629270335e-15,nan,nan,nan,nan,nan,nan,nan,nan,0.597112238407135,0.41757336258888245
1,246,scene:1,stereo_left,246,2,0,0,0,0,0,0,0,0,1.0,1.0,0.21729354560375214,3.654611647695892e-15,nan,nan,nan,nan,nan,nan,nan,nan,0.5938442349433899,0.41673317551612854
1,247,scene:1,stereo_left,247,2,0,0,0,0,0,0,0,0,1.0,1.0,0.17535458505153656,0.0,nan,nan,nan,nan,nan,nan,nan,nan,0.5985015630722046,0.4173266589641571
1,248,scene:1,stereo_left,248,2,0,0,0,0,0,0,0,0,1.0,1.0,0.8283416032791138,7.115447585379687e-16,nan,nan,nan,nan,nan,nan,nan,nan,0.586894154548645,0.41352081298828125
1,249,scene:1,stereo_left,249,2,0,0,0,0,0,0,0,0,1.0,1.0,0.9570556282997131,1.7996562165341976e-14,nan,nan,nan,nan,nan,nan,nan,nan,0.5830969214439392,0.41385984420776367
1,250,scene:1,stereo_left,250,2,0,0,0,0,0,0,0,0,1.0,1.0,0.7430675625801086,3.975693351829396e-16,nan,nan,nan,nan,nan,nan,nan,nan,0.5726675987243652,0.4090465307235718
1,251,scene:1,stereo_left,251,2,0,0,0,0,0,0,0,0,1.0,1.0,1.1249574422836304,7.96213400161492e-15,nan,nan,nan,nan,nan,nan,nan,nan,0.5728291273117065,0.4256463944911957
1,252,scene:1,stereo_left,252,2,0,0,0,0,0,0,0,0,1.0,1.0,1.760379672050476,8.99596713278989e-15,nan,nan,nan,nan,nan,nan,nan,nan,0.5655019879341125,0.42079946398735046
1,253,scene:1,stereo_left,253,2,0,0,0,0,0,0,0,0,1.0,1.0,0.5978899598121643,5.733826494216872e-15,nan,nan,nan,nan,nan,nan,nan,nan,0.5853224396705627,0.42343732714653015
1,254,scene:1,stereo_left,254,2,0,0,0,0,0,0,0,0,1.0,1.0,0.5679463148117065,6.410612906129115e-15,nan,nan,nan,nan,nan,nan,nan,nan,0.5914322733879089,0.422930508852005
1,255,scene:1,stereo_left,255,2,0,0,0,0,0,0,0,0,1.0,1.0,1.1977697610855103,6.3611093629270335e-15,nan,nan,nan,nan,nan,nan,nan,nan,0.5982961058616638,0.4238058626651764
1,256,scene:1,stereo_left,256,2,0,0,0,0,0,0,0,0,1.0,1.0,0.04821648448705673,1.8854440168957546e-14,nan,nan,nan,nan,nan,nan,nan,nan,0.5975397825241089,0.41960933804512024
1,257,scene:1,stereo_left,257,2,0,0,0,0,0,0,0,0,1.0,1.0,0.6787158846855164,3.3024589267950804e-15,nan,nan,nan,nan,nan,nan,nan,nan,0.5891328454017639,0.41423678398132324
1,258,scene:1,stereo_left,258,2,0,0,0,0,0,0,0,0,1.0,1.0,1.1332263946533203,6.76160137011603e-15,nan,nan,nan,nan,nan,nan,nan,nan,0.5799880623817444,0.410407155752182
1,259,scene:1,stereo_left,259,2,0,0,0,0,0,0,0,0,1.0,1.0,0.06547099351882935,3.975693351829396e-16,nan,nan,nan,nan,nan,nan,nan,nan,0.5858736634254456,0.4183727204799652
1,260,scene:1,stereo_left,260,2,0,0,0,0,0,0,0,0,1.0,1.0,0.4989086091518402,3.1805546814635168e-15,nan,nan,nan,nan,nan,nan,nan,nan,0.590958297252655,0.4186442792415619
1,261,scene:1,stereo_left,261,2,0,0,0,0,0,0,0,0,1.0,1.0,0.873981237411499,3.3968338888264366e-15,nan,nan,nan,nan,nan,nan,nan,nan,0.575648844242096,0.4162510335445404
1,262,scene:1,stereo_left,262,2,0,0,0,0,0,0,0,0,1.0,1.0,0.08331162482500076,5.680165352584981e-15,nan,nan,nan,nan,nan,nan,nan,nan,0.5417550206184387,0.41617855429649353
1,263,scene:1,stereo_left,263,2,0,0,0,0,0,0,0,0,1.0,1.0,0.10622334480285645,3.1805546814635168e-15,nan,nan,nan,nan,nan,nan,nan,nan,0.5538609623908997,0.4233587086200714
1,264,scene:1,stereo_left,264,2,0,0,0,0,0,0,0,0,1.0,1.0,1.2261050939559937,2.2302798684369037e-16,nan,nan,nan,nan,nan,nan,nan,nan,0.5431172251701355,0.43622806668281555
1,265,scene:1,stereo_left,265,2,0,0,0,0,0,0,0,0,1.0,1.0,0.17600294947624207,5.9648340583609835e-16,nan,nan,nan,nan,nan,nan,nan,nan,0.5468106269836426,0.427458256483078
1,266,scene:1,stereo_left,266,2,0,0,0,0,0,0,0,0,1.0,1.0,0.5327889323234558,1.5248010711559293e-17,nan,nan,nan,nan,nan,nan,nan,nan,0.5385493636131287,0.4226314127445221
1,267,scene:1,stereo_left,267,2,0,0,0,0,0,0,0,0,1.0,1.0,0.9447041749954224,1.1656823103010624e-17,nan,nan,nan,nan,nan,nan,nan,nan,0.5070499777793884,0.4213292896747589
1,268,scene:1,stereo_left,268,2,0,0,0,0,0,0,0,0,1.0,1.0,1.2240561246871948,1.185803444717959e-13,nan,nan,nan,nan,nan,nan,nan,nan,0.4989360272884369,0.42380914092063904
1,269,scene:1,stereo_left,269,2,0,0,0,0,0,0,0,0,1.0,1.0,5.41955041885376,3.975693351829396e-16,nan,nan,nan,nan,nan,nan,nan,nan,0.47211337089538574,0.4112595021724701
1,270,scene:1,stereo_left,270,2,0,0,0,0,0,0,0,0,1.0,1.0,8.535490036010742,6.604917853590161e-15,nan,nan,nan,nan,nan,nan,nan,nan,0.43343186378479004,0.3999415636062622
1,271,scene:1,stereo_left,271,2,0,0,0,0,0,0,0,0,1.0,1.0,9.523224830627441,8.15602381557602e-15,nan,nan,nan,nan,nan,nan,nan,nan,0.42557239532470703,0.39660921692848206
1,272,scene:1,stereo_left,272,2,0,0,0,0,0,0,0,0,1.0,1.0,1.2086063623428345,3.8249909989063095e-15,nan,nan,nan,nan,nan,nan,nan,nan,0.4968642294406891,0.4101015627384186
1,273,scene:1,stereo_left,273,2,0,0,0,0,0,0,0,0,1.0,1.0,10.228580474853516,9.811186378475489e-15,nan,nan,nan,nan,nan,nan,nan,nan,0.42253434658050537,0.3881961405277252
1,274,scene:1,stereo_left,274,2,0,0,0,0,0,0,0,0,1.0,1.0,1.4409890174865723,6.3611093629270335e-15,nan,nan,nan,nan,nan,nan,nan,nan,0.45994114875793457,0.40543845295906067
1,275,scene:1,stereo_left,275,2,0,0,0,0,0,0,0,0,1.0,1.0,1.7104618549346924,2.103485262119562e-15,nan,nan,nan,nan,nan,nan,nan,nan,0.47995027899742126,0.4098993241786957
1,276,scene:1,stereo_left,276,2,0,0,0,0,0,0,0,0,1.0,1.0,8.64941120147705,6.389002302687254e-15,nan,nan,nan,nan,nan,nan,nan,nan,0.41585788130760193,0.39213308691978455
1,280,scene:1,stereo_left,280,3,1,0,0,0,0,0,0,0,1.0,1.0,0.0,8.782593672917394e-15,nan,nan,nan,nan,nan,nan,nan,nan,0.0,0.0
1,281,scene:1,stereo_left,281,3,0,0,0,0,0,0,0,0,1.0,1.0,0.15346938371658325,7.790736068605902e-15,nan,nan,nan,nan,nan,nan,nan,nan,0.6291561126708984,0.4857388436794281
1,282,scene:1,stereo_left,282,3,0,0,0,0,0,0,0,0,1.0,1.0,0.3322024345397949,0.0,nan,nan,nan,nan,nan,nan,nan,nan,0.6480436325073242,0.483110636472702
1,283,scene:1,stereo_left,283,3,0,0,0,0,0,0,0,0,1.0,1.0,0.7217674255371094,6.0694463922787745e-15,nan,nan,nan,nan,nan,nan,nan,nan,0.6630094647407532,0.4979664981365204
1,284,scene:1,stereo_left,284,3,0,0,0,0,0,0,0,0,1.0,1.0,0.7131227850914001,7.287566289876363e-15,nan,nan,nan,nan,nan,nan,nan,nan,0.6592631936073303,0.4908461272716522
1,285,scene:1,stereo_left,285,3,0,1,1,1,0,0,1,1,1.0,1.0,118.00149536132812,8.128324260517805e-15,nan,nan,nan,nan,nan,nan,nan,nan,0.31401923298835754,0.36737295985221863
