scene_id,im_id,car_panels,worst_center_error_px,output
1,0,2,95.77510939944209,gigaPose_datasets/results/final_results/metrics/all_models/side_by_side_visuals/000001_000000_cars_side_by_side.jpg
1,5,2,38.834520286315204,gigaPose_datasets/results/final_results/metrics/all_models/side_by_side_visuals/000001_000005_cars_side_by_side.jpg
1,10,2,39.33597157480073,gigaPose_datasets/results/final_results/metrics/all_models/side_by_side_visuals/000001_000010_cars_side_by_side.jpg
1,15,2,173.3387546934116,gigaPose_datasets/results/final_results/metrics/all_models/side_by_side_visuals/000001_000015_cars_side_by_side.jpg
1,20,2,47.32995128792041,gigaPose_datasets/results/final_results/metrics/all_models/side_by_side_visuals/000001_000020_cars_side_by_side.jpg
1,25,2,47.561766627493945,gigaPose_datasets/results/final_results/metrics/all_models/side_by_side_visuals/000001_000025_cars_side_by_side.jpg
1,30,2,28.398608412983613,gigaPose_datasets/results/final_results/metrics/all_models/side_by_side_visuals/000001_000030_cars_side_by_side.jpg
1,35,2,17.351612680426822,gigaPose_datasets/results/final_results/metrics/all_models/side_by_side_visuals/000001_000035_cars_side_by_side.jpg
1,40,2,15.440834690102218,gigaPose_datasets/results/final_results/metrics/all_models/side_by_side_visuals/000001_000040_cars_side_by_side.jpg
1,45,2,4.530600450234499,gigaPose_datasets/results/final_results/metrics/all_models/side_by_side_visuals/000001_000045_cars_side_by_side.jpg
1,50,2,12.381094921659324,gigaPose_datasets/results/final_results/metrics/all_models/side_by_side_visuals/000001_000050_cars_side_by_side.jpg
1,55,2,13.58295893041813,gigaPose_datasets/results/final_results/metrics/all_models/side_by_side_visuals/000001_000055_cars_side_by_side.jpg
1,60,2,16.0271415725274,gigaPose_datasets/results/final_results/metrics/all_models/side_by_side_visuals/000001_000060_cars_side_by_side.jpg
1,65,2,4.802932225837757,gigaPose_datasets/results/final_results/metrics/all_models/side_by_side_visuals/000001_000065_cars_side_by_side.jpg
1,70,2,10.065025464744425,gigaPose_datasets/results/final_results/metrics/all_models/side_by_side_visuals/000001_000070_cars_side_by_side.jpg
1,75,2,14.953630221312322,gigaPose_datasets/results/final_results/metrics/all_models/side_by_side_visuals/000001_000075_cars_side_by_side.jpg
1,80,2,10.791439252269383,gigaPose_datasets/results/final_results/metrics/all_models/side_by_side_visuals/000001_000080_cars_side_by_side.jpg
1,85,2,14.044364948721547,gigaPose_datasets/results/final_results/metrics/all_models/side_by_side_visuals/000001_000085_cars_side_by_side.jpg
1,90,2,10.638150765298317,gigaPose_datasets/results/final_results/metrics/all_models/side_by_side_visuals/000001_000090_cars_side_by_side.jpg
1,95,2,15.488458799900963,gigaPose_datasets/results/final_results/metrics/all_models/side_by_side_visuals/000001_000095_cars_side_by_side.jpg
1,100,2,16.39137377708814,gigaPose_datasets/results/final_results/metrics/all_models/side_by_side_visuals/000001_000100_cars_side_by_side.jpg
1,105,2,11.48070628288811,gigaPose_datasets/results/final_results/metrics/all_models/side_by_side_visuals/000001_000105_cars_side_by_side.jpg
1,110,2,12.878229990271723,gigaPose_datasets/results/final_results/metrics/all_models/side_by_side_visuals/000001_000110_cars_side_by_side.jpg
1,115,2,9.621843156158787,gigaPose_datasets/results/final_results/metrics/all_models/side_by_side_visuals/000001_000115_cars_side_by_side.jpg
1,120,2,5.080821817254065,gigaPose_datasets/results/final_results/metrics/all_models/side_by_side_visuals/000001_000120_cars_side_by_side.jpg
1,125,2,5.390223374429215,gigaPose_datasets/results/final_results/metrics/all_models/side_by_side_visuals/000001_000125_cars_side_by_side.jpg
1,130,2,9.292505800898354,gigaPose_datasets/results/final_results/metrics/all_models/side_by_side_visuals/000001_000130_cars_side_by_side.jpg
1,135,2,4.656888451003102,gigaPose_datasets/results/final_results/metrics/all_models/side_by_side_visuals/000001_000135_cars_side_by_side.jpg
1,140,2,9.813175432673791,gigaPose_datasets/results/final_results/metrics/all_models/side_by_side_visuals/000001_000140_cars_side_by_side.jpg
1,145,2,9.153373709273028,gigaPose_datasets/results/final_results/metrics/all_models/side_by_side_visuals/000001_000145_cars_side_by_side.jpg
1,150,2,12.170755849025609,gigaPose_datasets/results/final_results/metrics/all_models/side_by_side_visuals/000001_000150_cars_side_by_side.jpg
1,155,2,29.772654635935236,gigaPose_datasets/results/final_results/metrics/all_models/side_by_side_visuals/000001_000155_cars_side_by_side.jpg
1,160,2,42.675709738456355,gigaPose_datasets/results/final_results/metrics/all_models/side_by_side_visuals/000001_000160_cars_side_by_side.jpg
1,165,2,31.333765727427465,gigaPose_datasets/results/final_results/metrics/all_models/side_by_side_visuals/000001_000165_cars_side_by_side.jpg
1,170,2,14.847142304818062,gigaPose_datasets/results/final_results/metrics/all_models/side_by_side_visuals/000001_000170_cars_side_by_side.jpg
1,175,2,15.159400105066986,gigaPose_datasets/results/final_results/metrics/all_models/side_by_side_visuals/000001_000175_cars_side_by_side.jpg
1,180,2,16.4336706410554,gigaPose_datasets/results/final_results/metrics/all_models/side_by_side_visuals/000001_000180_cars_side_by_side.jpg
1,185,2,9.092116561584762,gigaPose_datasets/results/final_results/metrics/all_models/side_by_side_visuals/000001_000185_cars_side_by_side.jpg
1,190,2,30.78153885213847,gigaPose_datasets/results/final_results/metrics/all_models/side_by_side_visuals/000001_000190_cars_side_by_side.jpg
1,195,2,12.503419061024912,gigaPose_datasets/results/final_results/metrics/all_models/side_by_side_visuals/000001_000195_cars_side_by_side.jpg
1,200,2,8.990936766486954,gigaPose_datasets/results/final_results/metrics/all_models/side_by_side_visuals/000001_000200_cars_side_by_side.jpg
1,205,2,10.869009155793375,gigaPose_datasets/results/final_results/metrics/all_models/side_by_side_visuals/000001_000205_cars_side_by_side.jpg
1,210,2,17.479976536660597,gigaPose_datasets/results/final_results/metrics/all_models/side_by_side_visuals/000001_000210_cars_side_by_side.jpg
1,215,2,9.026682350856829,gigaPose_datasets/results/final_results/metrics/all_models/side_by_side_visuals/000001_000215_cars_side_by_side.jpg
1,220,2,8.856933714860864,gigaPose_datasets/results/final_results/metrics/all_models/side_by_side_visuals/000001_000220_cars_side_by_side.jpg
1,225,2,26.42714259617161,gigaPose_datasets/results/final_results/metrics/all_models/side_by_side_visuals/000001_000225_cars_side_by_side.jpg
1,230,2,33.30653771404839,gigaPose_datasets/results/final_results/metrics/all_models/side_by_side_visuals/000001_000230_cars_side_by_side.jpg
1,235,2,9.774028022124938,gigaPose_datasets/results/final_results/metrics/all_models/side_by_side_visuals/000001_000235_cars_side_by_side.jpg
1,240,2,50.87459432300639,gigaPose_datasets/results/final_results/metrics/all_models/side_by_side_visuals/000001_000240_cars_side_by_side.jpg
1,245,2,48.257093864776046,gigaPose_datasets/results/final_results/metrics/all_models/side_by_side_visuals/000001_000245_cars_side_by_side.jpg
1,250,2,6.927726796336531,gigaPose_datasets/results/final_results/metrics/all_models/side_by_side_visuals/000001_000250_cars_side_by_side.jpg
1,255,2,18.136484342203648,gigaPose_datasets/results/final_results/metrics/all_models/side_by_side_visuals/000001_000255_cars_side_by_side.jpg
1,260,2,12.381111486854943,gigaPose_datasets/results/final_results/metrics/all_models/side_by_side_visuals/000001_000260_cars_side_by_side.jpg
1,265,2,13.455739064014079,gigaPose_datasets/results/final_results/metrics/all_models/side_by_side_visuals/000001_000265_cars_side_by_side.jpg
1,270,2,12.660010818430651,gigaPose_datasets/results/final_results/metrics/all_models/side_by_side_visuals/000001_000270_cars_side_by_side.jpg
1,275,1,5.678882191087303,gigaPose_datasets/results/final_results/metrics/all_models/side_by_side_visuals/000001_000275_cars_side_by_side.jpg
1,280,2,5.50231256117993,gigaPose_datasets/results/final_results/metrics/all_models/side_by_side_visuals/000001_000280_cars_side_by_side.jpg
1,285,2,10.45494323184873,gigaPose_datasets/results/final_results/metrics/all_models/side_by_side_visuals/000001_000285_cars_side_by_side.jpg
1,290,2,7.029761311352523,gigaPose_datasets/results/final_results/metrics/all_models/side_by_side_visuals/000001_000290_cars_side_by_side.jpg
1,295,2,15.264016002262318,gigaPose_datasets/results/final_results/metrics/all_models/side_by_side_visuals/000001_000295_cars_side_by_side.jpg
1,300,2,13.400759112384735,gigaPose_datasets/results/final_results/metrics/all_models/side_by_side_visuals/000001_000300_cars_side_by_side.jpg
1,305,2,7.894884389329265,gigaPose_datasets/results/final_results/metrics/all_models/side_by_side_visuals/000001_000305_cars_side_by_side.jpg
1,310,2,15.733466936627888,gigaPose_datasets/results/final_results/metrics/all_models/side_by_side_visuals/000001_000310_cars_side_by_side.jpg
1,315,1,26.92860401856049,gigaPose_datasets/results/final_results/metrics/all_models/side_by_side_visuals/000001_000315_cars_side_by_side.jpg
1,320,2,13.334537446262463,gigaPose_datasets/results/final_results/metrics/all_models/side_by_side_visuals/000001_000320_cars_side_by_side.jpg
1,325,2,34.6606762022042,gigaPose_datasets/results/final_results/metrics/all_models/side_by_side_visuals/000001_000325_cars_side_by_side.jpg
1,330,2,363.2825622516742,gigaPose_datasets/results/final_results/metrics/all_models/side_by_side_visuals/000001_000330_cars_side_by_side.jpg
1,335,1,6.904993310138002,gigaPose_datasets/results/final_results/metrics/all_models/side_by_side_visuals/000001_000335_cars_side_by_side.jpg
1,340,1,8.75822580322748,gigaPose_datasets/results/final_results/metrics/all_models/side_by_side_visuals/000001_000340_cars_side_by_side.jpg
1,345,1,9.09199274687859,gigaPose_datasets/results/final_results/metrics/all_models/side_by_side_visuals/000001_000345_cars_side_by_side.jpg
1,350,1,4.284790598857251,gigaPose_datasets/results/final_results/metrics/all_models/side_by_side_visuals/000001_000350_cars_side_by_side.jpg
1,355,1,2.587805921735077,gigaPose_datasets/results/final_results/metrics/all_models/side_by_side_visuals/000001_000355_cars_side_by_side.jpg
1,360,1,5.500432805235808,gigaPose_datasets/results/final_results/metrics/all_models/side_by_side_visuals/000001_000360_cars_side_by_side.jpg
1,365,1,4.248873457397142,gigaPose_datasets/results/final_results/metrics/all_models/side_by_side_visuals/000001_000365_cars_side_by_side.jpg
1,370,1,6.385336625404954,gigaPose_datasets/results/final_results/metrics/all_models/side_by_side_visuals/000001_000370_cars_side_by_side.jpg
1,375,1,7.126599562149141,gigaPose_datasets/results/final_results/metrics/all_models/side_by_side_visuals/000001_000375_cars_side_by_side.jpg
1,385,1,7.288962808227345,gigaPose_datasets/results/final_results/metrics/all_models/side_by_side_visuals/000001_000385_cars_side_by_side.jpg
1,390,1,5.654754624237587,gigaPose_datasets/results/final_results/metrics/all_models/side_by_side_visuals/000001_000390_cars_side_by_side.jpg
1,395,1,3.928166156890876,gigaPose_datasets/results/final_results/metrics/all_models/side_by_side_visuals/000001_000395_cars_side_by_side.jpg
1,400,1,6.2176322546086045,gigaPose_datasets/results/final_results/metrics/all_models/side_by_side_visuals/000001_000400_cars_side_by_side.jpg
1,405,1,3.1532876983204665,gigaPose_datasets/results/final_results/metrics/all_models/side_by_side_visuals/000001_000405_cars_side_by_side.jpg
1,410,1,7.539247004910426,gigaPose_datasets/results/final_results/metrics/all_models/side_by_side_visuals/000001_000410_cars_side_by_side.jpg
1,415,1,4.981674825470343,gigaPose_datasets/results/final_results/metrics/all_models/side_by_side_visuals/000001_000415_cars_side_by_side.jpg
1,420,1,2.112582502496623,gigaPose_datasets/results/final_results/metrics/all_models/side_by_side_visuals/000001_000420_cars_side_by_side.jpg
1,425,1,11.630217458865419,gigaPose_datasets/results/final_results/metrics/all_models/side_by_side_visuals/000001_000425_cars_side_by_side.jpg
1,430,1,2.5424611284327607,gigaPose_datasets/results/final_results/metrics/all_models/side_by_side_visuals/000001_000430_cars_side_by_side.jpg
1,435,1,2.872238601018683,gigaPose_datasets/results/final_results/metrics/all_models/side_by_side_visuals/000001_000435_cars_side_by_side.jpg
1,440,1,2.3807684574986436,gigaPose_datasets/results/final_results/metrics/all_models/side_by_side_visuals/000001_000440_cars_side_by_side.jpg
1,445,1,3.392801700793409,gigaPose_datasets/results/final_results/metrics/all_models/side_by_side_visuals/000001_000445_cars_side_by_side.jpg
1,450,1,5.4973705193922076,gigaPose_datasets/results/final_results/metrics/all_models/side_by_side_visuals/000001_000450_cars_side_by_side.jpg
1,455,1,3.765492418076548,gigaPose_datasets/results/final_results/metrics/all_models/side_by_side_visuals/000001_000455_cars_side_by_side.jpg
1,460,1,2.067785473417251,gigaPose_datasets/results/final_results/metrics/all_models/side_by_side_visuals/000001_000460_cars_side_by_side.jpg
1,465,1,5.957026574045977,gigaPose_datasets/results/final_results/metrics/all_models/side_by_side_visuals/000001_000465_cars_side_by_side.jpg
1,470,1,2.661515862322073,gigaPose_datasets/results/final_results/metrics/all_models/side_by_side_visuals/000001_000470_cars_side_by_side.jpg
1,475,1,2.87488606066147,gigaPose_datasets/results/final_results/metrics/all_models/side_by_side_visuals/000001_000475_cars_side_by_side.jpg
1,480,1,4.540711155314183,gigaPose_datasets/results/final_results/metrics/all_models/side_by_side_visuals/000001_000480_cars_side_by_side.jpg
1,485,1,4.116611387977629,gigaPose_datasets/results/final_results/metrics/all_models/side_by_side_visuals/000001_000485_cars_side_by_side.jpg
1,490,1,2.4637277202878036,gigaPose_datasets/results/final_results/metrics/all_models/side_by_side_visuals/000001_000490_cars_side_by_side.jpg
1,495,1,15.478920563250131,gigaPose_datasets/results/final_results/metrics/all_models/side_by_side_visuals/000001_000495_cars_side_by_side.jpg
1,500,1,3.487028408059634,gigaPose_datasets/results/final_results/metrics/all_models/side_by_side_visuals/000001_000500_cars_side_by_side.jpg
