scene_id,im_id,segment_id,raw_selected_candidate,anchored_selected_candidate,selected_polarity,raw_probability,selected_probability,selected_source,lookahead_path_cost,epnp_status,map_heading_source,camera,camera_facing_rule,camera_facing_dot,epnp_rotation_before_deg,epnp_rotation_after_deg,epnp_translation_before_m,epnp_translation_after_m
1,0,0,15,8,0,0.15137891471385956,0.12387431412935257,gigapose_global_rank_0|yaw+30|rgb_recovery,4.5338002195046005,approved,epnp_raceline,stereo_left,away,0.998484573503604,55.01701609368478,10.935464956415078,154.34252416383367,35.97474609198451
1,1,0,4,4,0,0.1423349231481552,0.1423349231481552,gigapose_global_rank_0|yaw+30|rgb_recovery,4.974964823664945,approved,epnp_raceline,stereo_left,away,0.9984174664755203,5.684772582674402,5.684772582674402,50.43420860237795,50.43420860237795
1,2,0,10,10,1,0.20421329140663147,0.20421329140663147,gigapose_global_rank_0|flip180|rgb_recovery|center_preserving_flip180,5.713725964283589,rejected:bbox_iou,epnp_raceline,stereo_left,away,0.9958115511700151,nan,nan,nan,nan
1,3,0,8,4,1,0.16381387412548065,0.12549401819705963,gigapose_global_rank_2|align_detection|rgb_recovery|center_preserving_flip180,4.19464088094213,approved,epnp_raceline,stereo_left,away,0.9981441968860174,170.0253942664525,4.706151355026223,72.76542836934858,39.63845552494777
1,4,0,3,3,1,0.2720978558063507,0.2720978558063507,gigapose_global_rank_3|rgb_recovery|center_preserving_flip180,4.602936374923891,approved,epnp_raceline,stereo_left,away,0.9987067455609423,179.16242633870212,2.5156290529180105,37.41792422239317,37.41792422239317
1,5,0,9,9,1,0.2549080550670624,0.2549080550670624,gigapose_global_rank_3|rgb_recovery|center_preserving_flip180,5.514619547410069,approved,epnp_raceline,stereo_left,away,0.9998005432625936,179.2151371071288,1.9177453102076043,43.23719731149172,43.23719731149172
1,6,0,13,3,1,0.3177257180213928,0.22702541947364807,gigapose_global_rank_3|rgb_recovery|center_preserving_flip180,6.1270543463308265,approved,epnp_raceline,stereo_left,away,0.9975637542646134,168.92078380683765,3.0674243389661737,58.7417661730148,36.046164073534115
1,7,0,14,14,1,0.2477641999721527,0.2477641999721527,gigapose_global_rank_0|flip180|rgb_recovery|center_preserving_flip180,7.947191026844951,approved,epnp_raceline,stereo_left,away,0.9971408180281155,178.12447671269956,3.9727970312897614,30.268871165400384,30.268871165400384
1,8,0,7,4,1,0.3449831008911133,0.12737998366355896,gigapose_global_rank_0|flip180|rgb_recovery|center_preserving_flip180,8.6302736411208,approved,epnp_raceline,stereo_left,away,0.9997280799847733,169.52853306978827,3.3429427344818428,61.52507384002897,33.32795269479178
1,9,0,7,7,1,0.23884668946266174,0.23884668946266174,gigapose_global_rank_4|rgb_recovery|center_preserving_flip180,8.496204275856782,approved,epnp_raceline,stereo_left,away,0.992010714486562,171.67298973753537,10.376839799616985,38.86876019775238,38.86876019775238
1,10,0,10,1,0,0.1654132902622223,0.060822926461696625,gigapose_global_rank_0|uv1-48|rgb_recovery,9.748721707079065,approved,epnp_raceline,stereo_left,away,0.9941367562612942,178.97053568223455,7.39027033907031,1.738468928278134,9.340989010462646
1,11,0,8,8,0,0.11703687906265259,0.11703687906265259,gigapose_global_rank_4|rgb_recovery,7.344920954903362,rejected:bbox_iou,epnp_raceline,stereo_left,away,0.9956885808869705,nan,nan,nan,nan
1,12,0,11,11,1,0.25810062885284424,0.25810062885284424,gigapose_global_rank_0|flip180|rgb_recovery|center_preserving_flip180,7.329121922677799,approved,epnp_raceline,stereo_left,away,0.9821874810956298,170.6850498948538,10.88819536040242,7.406040683960672,7.406040683960672
1,13,0,2,2,1,0.1905275136232376,0.1905275136232376,gigapose_global_rank_2|flip180|rgb_recovery|center_preserving_flip180,4.558518833829161,approved,epnp_raceline,stereo_left,away,0.9453645547327229,161.9572316841693,19.948342711633973,12.520086698518963,12.520086698518963
1,14,0,1,1,1,0.22398129105567932,0.22398129105567932,gigapose_global_rank_1|flip180|rgb_recovery|center_preserving_flip180,3.939076740974476,approved,epnp_raceline,stereo_left,away,0.978629366139097,170.2968920738766,12.55365873452813,11.767660535840882,11.767660535840882
1,15,0,4,4,1,0.19323670864105225,0.19323670864105225,gigapose_global_rank_0|flip180|rgb_recovery|center_preserving_flip180,3.685293878252689,approved,epnp_raceline,stereo_left,away,0.9972072773402397,176.9001780247437,3.571956381839705,37.296552983654195,37.296552983654195
1,16,0,4,4,1,0.228858083486557,0.228858083486557,gigapose_global_rank_3|rgb_recovery|center_preserving_flip180,3.388244259600431,approved,epnp_raceline,stereo_left,away,0.9998596580124005,179.34417147760786,1.352621555588618,19.915963504497526,19.915963504497526
1,17,0,11,11,1,0.22606618702411652,0.22606618702411652,gigapose_global_rank_1|flip180|rgb_recovery|center_preserving_flip180,3.3527720556053313,approved,epnp_raceline,stereo_left,away,0.9977288267117645,178.08286569729572,3.1028058730924717,24.621365543349935,24.621365543349935
1,18,0,7,7,1,0.2930507957935333,0.2930507957935333,gigapose_global_rank_3|rgb_recovery|center_preserving_flip180,3.2105496322384792,approved,epnp_raceline,stereo_left,away,0.9998954750546651,178.55581920144326,3.5234893552732496,21.653740173638003,21.653740173638003
1,19,0,13,13,1,0.22932696342468262,0.22932696342468262,gigapose_global_rank_0|flip180|rgb_recovery|center_preserving_flip180,3.131383736758046,approved,epnp_raceline,stereo_left,away,0.9989998220756395,178.83358996294123,1.763755402569322,33.73098100343612,33.73098100343612
1,20,0,1,1,1,0.21886110305786133,0.21886110305786133,gigapose_global_rank_0|flip180|rgb_recovery|center_preserving_flip180,3.0601594187341474,approved,epnp_raceline,stereo_left,away,0.9989304691674284,177.2248489010967,3.547882279019835,24.832391676869342,24.832391676869342
1,21,0,1,1,1,0.2508336305618286,0.2508336305618286,gigapose_global_rank_2|logz-0.35|rgb_recovery|center_preserving_flip180,3.5162553737790434,approved,epnp_raceline,stereo_left,away,0.9986250212879151,175.99388036068018,4.525868255885998,10.221447643583009,10.221447643583009
1,22,0,7,7,1,0.27339911460876465,0.27339911460876465,gigapose_global_rank_3|rgb_recovery|center_preserving_flip180,4.157829900631197,approved,epnp_raceline,stereo_left,away,0.999309215135366,179.4809938785411,2.6482900733806067,19.485953514045516,19.485953514045516
1,23,0,2,2,1,0.2231462448835373,0.2231462448835373,gigapose_global_rank_0|flip180|rgb_recovery|center_preserving_flip180,4.803391631583231,approved,epnp_raceline,stereo_left,away,0.9957875826561842,177.65323778130235,5.556833397549017,19.226660727467063,19.226660727467063
1,24,0,6,6,1,0.31798383593559265,0.31798383593559265,gigapose_global_rank_0|flip180|rgb_recovery|center_preserving_flip180,4.752648275297303,approved,epnp_raceline,stereo_left,away,0.9973033754131466,179.60557254956902,4.308835486017689,11.448496789692076,11.448496789692076
1,25,0,5,4,1,0.2715335786342621,0.17680047452449799,gigapose_global_rank_0|flip180|rgb_recovery|center_preserving_flip180,5.105600294129941,approved,epnp_raceline,stereo_left,away,0.999689705261643,168.67439410237324,0.9117032839711764,31.2895385595024,23.932045517823067
1,26,0,10,10,1,0.30753466486930847,0.30753466486930847,gigapose_global_rank_4|rgb_recovery|center_preserving_flip180,4.620444132564761,approved,epnp_raceline,stereo_left,away,0.9977837207390694,179.86972222099058,3.725812675359957,25.740372996939463,25.740372996939463
1,27,0,13,12,1,0.21586811542510986,0.17738617956638336,gigapose_global_rank_0|flip180|rgb_recovery|center_preserving_flip180,6.041646218836205,approved,epnp_raceline,stereo_left,away,0.9987835209442907,169.59011700232338,2.1407159423748165,19.43983733827517,13.428925699185358
1,28,0,3,3,1,0.20290759205818176,0.20290759205818176,gigapose_global_rank_0|flip180|rgb_recovery|center_preserving_flip180,6.136844502678012,approved,epnp_raceline,stereo_left,away,0.9991974659268736,179.98408598079484,2.855196844668412,15.83118034691794,15.83118034691794
1,29,0,5,5,1,0.24269676208496094,0.24269676208496094,gigapose_global_rank_0|flip180|rgb_recovery|center_preserving_flip180,7.3466959520609345,approved,epnp_raceline,stereo_left,away,0.9997167164441398,179.84880285797942,2.237761072936821,14.553884128579835,14.553884128579835
1,30,0,14,14,1,0.2084573656320572,0.2084573656320572,gigapose_global_rank_4|rgb_recovery|center_preserving_flip180,7.564328864266352,approved,epnp_raceline,stereo_left,away,0.9999777369959094,178.15029454791315,1.9321247885717983,12.754858606588448,12.754858606588448
1,31,0,1,1,0,0.12694041430950165,0.12694041430950165,gigapose_global_rank_0|yaw+30|rgb_recovery,7.5511316855292305,approved,epnp_raceline,stereo_left,away,0.9996081501073505,6.487456147993208,6.487456147993208,16.370745581392317,16.370745581392317
1,32,0,1,1,1,0.22000832855701447,0.22000832855701447,gigapose_global_rank_2|logz-0.35|rgb_recovery|center_preserving_flip180,5.998165409720638,approved,epnp_raceline,stereo_left,away,0.9971312913251462,174.9891831570955,5.6908980409232,6.324672886739494,6.324672886739494
1,33,0,3,3,1,0.20811715722084045,0.20811715722084045,gigapose_global_rank_0|flip180|rgb_recovery|center_preserving_flip180,3.7597178973268366,approved,epnp_raceline,stereo_left,away,0.9998402559268801,179.21149700457494,3.6243175092585314,2.491352561988525,2.491352561988525
1,34,0,13,13,1,0.3139626383781433,0.3139626383781433,gigapose_global_rank_0|flip180|rgb_recovery|center_preserving_flip180,3.995411928763038,approved,epnp_raceline,stereo_left,away,0.9994161936105713,178.19336790809518,2.946534744912218,5.619904096875545,5.619904096875545
1,35,0,3,3,1,0.25638848543167114,0.25638848543167114,gigapose_global_rank_0|flip180|rgb_recovery|center_preserving_flip180,3.834554461303936,approved,epnp_raceline,stereo_left,away,0.9993255688829727,178.59237850859404,3.053626685783476,3.080995187830751,3.080995187830751
1,36,0,3,3,1,0.2700501084327698,0.2700501084327698,gigapose_global_rank_1|flip180|rgb_recovery|center_preserving_flip180,3.921344849089103,approved,epnp_raceline,stereo_left,away,0.9989781461682559,178.1117132105965,3.4777458159050516,0.47749522146881995,0.47749522146881995
1,37,0,8,8,1,0.3055446743965149,0.3055446743965149,gigapose_global_rank_1|yaw+30|rgb_recovery|center_preserving_flip180,3.4660827644774863,approved,epnp_raceline,stereo_left,away,0.9992172790435615,178.46193548960807,6.400522324078186,1.4237686063577482,1.4237686063577482
1,38,0,8,7,1,0.2599690556526184,0.1884956806898117,gigapose_global_rank_0|flip180|rgb_recovery|center_preserving_flip180,3.5023678423121547,approved,epnp_raceline,stereo_left,away,0.9994189280231708,172.0951162644259,3.742608390539715,6.1850140430139176,4.398814545269515
1,39,0,7,7,1,0.32210782170295715,0.32210782170295715,gigapose_global_rank_4|rgb_recovery|center_preserving_flip180,3.1324627434850267,approved,epnp_raceline,stereo_left,away,0.9978712991847577,179.46733692058035,3.848512067283636,0.46172324965100764,0.46172324965100764
1,40,0,9,9,1,0.23021425306797028,0.23021425306797028,gigapose_global_rank_4|rgb_recovery|center_preserving_flip180,3.161056645691142,approved,epnp_raceline,stereo_left,away,0.9996781159025533,176.91831156334553,3.207692576107374,17.645097290460328,17.645097290460328
1,41,0,10,10,1,0.20715250074863434,0.20715250074863434,gigapose_global_rank_4|rgb_recovery|center_preserving_flip180,3.1407775635505075,approved,epnp_raceline,stereo_left,away,0.9997428056786446,176.95134159792715,3.600457635202103,4.281010149715188,4.281010149715188
1,42,0,8,8,1,0.210501566529274,0.210501566529274,gigapose_global_rank_0|flip180|rgb_recovery|center_preserving_flip180,3.163103936653724,approved,epnp_raceline,stereo_left,away,0.9969307932426126,179.7551774331539,4.383899020684928,4.350970985225329,4.350970985225329
1,43,0,2,2,1,0.3427959084510803,0.3427959084510803,gigapose_global_rank_4|rgb_recovery|center_preserving_flip180,3.0253896555434583,approved,epnp_raceline,stereo_left,away,0.9961999098351986,179.1768469580579,5.2542128175604255,3.9523678911329365,3.9523678911329365
1,44,0,11,11,1,0.2318437546491623,0.2318437546491623,gigapose_global_rank_0|flip180|rgb_recovery|center_preserving_flip180,3.091479188056054,approved,epnp_raceline,stereo_left,away,0.9999160751618164,177.00902919098786,4.8760545656764425,3.6774015408854543,3.6774015408854543
1,45,0,1,1,1,0.35265207290649414,0.35265207290649414,gigapose_global_rank_4|rgb_recovery|center_preserving_flip180,3.0762450280828544,approved,epnp_raceline,stereo_left,away,0.9967887302218786,179.410809425682,4.635279157832527,9.3066276244157,9.3066276244157
1,46,0,4,4,1,0.2595805525779724,0.2595805525779724,gigapose_global_rank_4|rgb_recovery|center_preserving_flip180,3.220559857531562,approved,epnp_raceline,stereo_left,away,0.9996140918874814,176.48883451573994,3.9980817437894034,1.7172533766319595,1.7172533766319595
1,47,0,1,1,1,0.40348196029663086,0.40348196029663086,gigapose_global_rank_4|rgb_recovery|center_preserving_flip180,3.2204601441349054,approved,epnp_raceline,stereo_left,away,0.9984160111423004,179.26330211220002,2.8298929537973647,2.9598188100460425,2.9598188100460425
1,48,0,7,7,1,0.2148653119802475,0.2148653119802475,gigapose_global_rank_4|rgb_recovery|center_preserving_flip180,3.270706106319043,approved,epnp_raceline,stereo_left,away,0.9990330240446017,174.3379435839103,5.854271647834883,0.3033937527281266,0.3033937527281266
1,49,0,12,12,1,0.3091060221195221,0.3091060221195221,gigapose_global_rank_4|rgb_recovery|center_preserving_flip180,3.253664635290505,approved,epnp_raceline,stereo_left,away,0.9989979295342474,177.59658226910278,5.220367548016016,7.1029545459816,7.1029545459816
1,50,0,5,5,1,0.38696616888046265,0.38696616888046265,gigapose_global_rank_4|rgb_recovery|center_preserving_flip180,3.648829289796987,approved,epnp_raceline,stereo_left,away,0.9975201114506446,179.65852786229908,4.564784417403649,1.1258035409485767,1.1258035409485767
1,51,0,4,4,1,0.2384660840034485,0.2384660840034485,gigapose_global_rank_0|flip180|rgb_recovery|center_preserving_flip180,3.5063486761456844,approved,epnp_raceline,stereo_left,away,0.9981444297597399,177.55455387660783,4.945025995690506,4.455965706249406,4.455965706249406
1,52,0,2,2,1,0.2871357500553131,0.2871357500553131,gigapose_global_rank_4|rgb_recovery|center_preserving_flip180,4.029976070383767,approved,epnp_raceline,stereo_left,away,0.9986471670596558,178.8188965541227,2.310368019448515,4.648816437006075,4.648816437006075
1,53,0,3,3,1,0.21828298270702362,0.21828298270702362,gigapose_global_rank_4|rgb_recovery|center_preserving_flip180,4.30027391635815,approved,epnp_raceline,stereo_left,away,0.9996250276878601,175.13261447505852,4.947427041274216,2.728752699234577,2.728752699234577
1,54,0,8,7,1,0.2093123197555542,0.14171545207500458,gigapose_global_rank_0|flip180|rgb_recovery|center_preserving_flip180,4.293751902624897,approved,epnp_raceline,stereo_left,away,0.9993824697884062,173.73799175539537,5.7906942411412645,10.177860301515835,3.4257458201392823
1,55,0,10,10,1,0.2773217260837555,0.2773217260837555,gigapose_global_rank_4|rgb_recovery|center_preserving_flip180,3.928920054397082,approved,epnp_raceline,stereo_left,away,0.999755420354563,174.36505422729053,6.299787709661238,0.7771596578937806,0.7771596578937805
1,56,0,10,10,1,0.21703365445137024,0.21703365445137024,gigapose_global_rank_4|rgb_recovery|center_preserving_flip180,3.94963454203881,approved,epnp_raceline,stereo_left,away,0.9997515867981974,174.80062703588175,5.451339584483745,10.16906226445955,10.16906226445955
1,57,0,11,7,1,0.23725123703479767,0.17218127846717834,gigapose_global_rank_4|rgb_recovery|center_preserving_flip180,3.7796033355970144,approved,epnp_raceline,stereo_left,away,0.9998870994622762,174.56512582295062,4.309478764129322,15.401092884186102,4.291641416430079
1,58,0,6,6,1,0.2376924306154251,0.2376924306154251,gigapose_global_rank_4|rgb_recovery|center_preserving_flip180,3.743234467801263,approved,epnp_raceline,stereo_left,away,0.998108920166588,177.34877424019538,5.028307422639523,11.050942356608271,11.050942356608271
1,59,0,11,11,1,0.26186707615852356,0.26186707615852356,gigapose_global_rank_4|rgb_recovery|center_preserving_flip180,3.743332500423697,approved,epnp_raceline,stereo_left,away,0.9983861839325968,177.1141121010589,4.9023605675365864,11.091734265334566,11.091734265334566
1,60,0,3,3,1,0.26121780276298523,0.26121780276298523,gigapose_global_rank_0|flip180|rgb_recovery|center_preserving_flip180,4.143661165792931,approved,epnp_raceline,stereo_left,away,0.9986524333702338,174.42923061760914,7.114481313897853,1.1017820593860275,1.1017820593860275
1,61,0,10,10,1,0.2497672587633133,0.2497672587633133,gigapose_global_rank_3|rgb_recovery|center_preserving_flip180,4.09751593390231,approved,epnp_raceline,stereo_left,away,0.9819983273112387,174.96465161830386,5.708799299450436,20.570571727948266,20.570571727948266
1,62,0,1,1,1,0.2582569420337677,0.2582569420337677,gigapose_global_rank_0|flip180|rgb_recovery|center_preserving_flip180,3.68255078416748,approved,epnp_raceline,stereo_left,away,0.9950950799266194,177.95741494054798,6.075123854712093,11.555345690774871,11.555345690774871
1,63,0,5,5,1,0.21291276812553406,0.21291276812553406,gigapose_global_rank_4|rgb_recovery|center_preserving_flip180,3.4879659433805257,approved,epnp_raceline,stereo_left,away,0.9996635084456634,174.94410045494683,5.2621487402879294,8.425492043313895,8.425492043313895
1,64,0,1,1,1,0.28101587295532227,0.28101587295532227,gigapose_global_rank_0|flip180|rgb_recovery|center_preserving_flip180,3.506926485228241,approved,epnp_raceline,stereo_left,away,0.9971817906408819,177.474207215079,3.4078558457027746,4.598965530824711,4.598965530824711
1,65,0,4,4,1,0.265664666891098,0.265664666891098,gigapose_global_rank_0|flip180|rgb_recovery|center_preserving_flip180,3.0236780118577586,approved,epnp_raceline,stereo_left,away,0.9986247040572663,175.66967943679927,5.602971724045906,4.983607581514411,4.983607581514411
1,66,0,8,8,1,0.23590074479579926,0.23590074479579926,gigapose_global_rank_0|flip180|rgb_recovery|center_preserving_flip180,3.0758325699386093,approved,epnp_raceline,stereo_left,away,0.9974555990421192,176.58488022631207,4.357022776621924,1.3872995843637976,1.3872995843637976
1,67,0,4,5,1,0.21405820548534393,0.20693659782409668,gigapose_global_rank_0|flip180|rgb_recovery|center_preserving_flip180,3.1202235276030272,approved,epnp_raceline,stereo_left,away,0.9982340786402841,170.66042891157022,7.645564089297583,3.8127023201498997,5.100236048016506
1,68,0,4,7,1,0.19099093973636627,0.18115505576133728,gigapose_global_rank_0|flip180|rgb_recovery|center_preserving_flip180,3.451345180235416,approved,epnp_raceline,stereo_left,away,0.9979291738652197,174.67801104699655,6.689668523979732,3.3386726809301113,9.311474820641687
1,69,0,3,3,1,0.27574220299720764,0.27574220299720764,gigapose_global_rank_4|rgb_recovery|center_preserving_flip180,3.8424555730870966,approved,epnp_raceline,stereo_left,away,0.9988351393975166,172.7009655846383,8.439872286775012,1.2836071248504741,1.2836071248504741
1,70,0,3,3,1,0.24070890247821808,0.24070890247821808,gigapose_global_rank_1|flip180|rgb_recovery|center_preserving_flip180,3.8545214764514792,approved,epnp_raceline,stereo_left,away,0.9984360700077596,170.34714167346556,9.994761542552897,1.364660188702242,1.364660188702242
1,71,0,7,7,1,0.30026543140411377,0.30026543140411377,gigapose_global_rank_3|rgb_recovery|center_preserving_flip180,3.825633887686826,approved,epnp_raceline,stereo_left,away,0.9996922050284367,169.96424688596574,10.232042681056276,7.071004397693431,7.071004397693431
1,72,0,13,7,1,0.2213187962770462,0.16710977256298065,gigapose_global_rank_3|rgb_recovery|center_preserving_flip180,4.225657130245769,approved,epnp_raceline,stereo_left,away,0.9977322304606623,171.4345735469013,12.809213042524254,5.077114441950049,8.290725800701512
1,73,0,12,12,1,0.29627999663352966,0.29627999663352966,gigapose_global_rank_2|rgb_recovery|center_preserving_flip180,4.490467166081653,approved,epnp_raceline,stereo_left,away,0.9990342605105598,172.2457241275567,8.299586472584283,8.968320895182073,8.968320895182073
1,74,0,3,3,1,0.3505438268184662,0.3505438268184662,gigapose_global_rank_3|rgb_recovery|center_preserving_flip180,4.645338609650201,approved,epnp_raceline,stereo_left,away,0.9979930453075317,171.59889187950563,9.446019696507852,11.63827783454837,11.63827783454837
1,75,0,4,4,1,0.3703119158744812,0.3703119158744812,gigapose_global_rank_0|flip180|rgb_recovery|center_preserving_flip180,39.57051551584584,approved,epnp_raceline,stereo_left,away,0.9992796785475837,169.0530504182685,11.288983859804892,9.232947422568785,9.232947422568785
1,76,0,10,10,1,0.3664349615573883,0.3664349615573883,gigapose_global_rank_2|flip180|rgb_recovery|center_preserving_flip180,72.97195465234499,approved,epnp_raceline,stereo_left,away,0.984310664463798,179.7720003791602,4.410746550577651,2.001525185699086,2.001525185699086
1,77,0,10,10,1,0.2162255346775055,0.2162255346775055,gigapose_global_rank_1|yaw+30|rgb_recovery|center_preserving_flip180,105.3373903168972,approved,epnp_raceline,stereo_left,away,0.9967022494005618,173.40598774424404,13.555788478488683,15.97187261323753,15.97187261323753
1,78,0,14,14,1,0.23037707805633545,0.23037707805633545,gigapose_global_rank_2|rgb_recovery|center_preserving_flip180,138.77447382411597,approved,epnp_raceline,stereo_left,away,0.996015057513323,169.66265283314533,11.831257928020362,10.156353844025052,10.156353844025052
1,79,0,8,12,1,0.26107460260391235,0.08599875867366791,gigapose_global_rank_2|rgb_recovery|center_preserving_flip180,173.6533738259024,approved,epnp_raceline,stereo_left,away,0.9936239913510972,168.08606757371874,17.5000013062172,14.988684751798795,3.4879732505767067
1,80,0,2,11,1,0.2447156310081482,0.06746641546487808,gigapose_global_rank_3|rgb_recovery|center_preserving_flip180,172.42230368023303,approved,epnp_raceline,stereo_left,away,0.9886332936993987,169.79687674853056,20.683464948860735,17.8871467016896,3.0221986210896645
1,81,0,6,14,1,0.15929222106933594,0.09758493304252625,gigapose_global_rank_2|rgb_recovery|center_preserving_flip180,172.85109854854892,approved,epnp_raceline,stereo_left,away,0.989942761330637,169.26999182708207,19.89799198604466,11.690628767730354,1.593176310481333
1,82,0,1,13,1,0.2483094334602356,0.0832369476556778,gigapose_global_rank_2|rgb_recovery|center_preserving_flip180,175.35866008526307,approved,epnp_raceline,stereo_left,away,0.9927769387547335,170.59915246031628,19.02381546107779,17.088448317545463,2.234090464995092
1,83,0,3,3,1,0.2541554272174835,0.2541554272174835,gigapose_global_rank_1|yaw+30|rgb_recovery|center_preserving_flip180,174.63763033375582,approved,epnp_raceline,stereo_left,away,0.9977800132471999,167.9350640245708,14.042425102030371,19.221603356095372,19.221603356095372
1,84,0,9,14,1,0.21012185513973236,0.10120847821235657,gigapose_global_rank_3|rgb_recovery|center_preserving_flip180,168.82986056227594,approved,epnp_raceline,stereo_left,away,0.9828919237343188,167.51930211361577,23.500746429006718,16.453739117142625,7.071441743521661
1,85,0,1,12,1,0.22042541205883026,0.04032956808805466,gigapose_global_rank_2|flip180|rgb_recovery|center_preserving_flip180,172.78276018299306,approved,epnp_raceline,stereo_left,away,0.9877666404591845,167.5370001464616,21.99517212668359,22.70300232896741,1.1665875004321924
1,86,0,1,13,1,0.1846863478422165,0.10153312981128693,gigapose_global_rank_1|flip180|rgb_recovery|center_preserving_flip180,143.09890675975734,approved,epnp_raceline,stereo_left,away,0.9981370449235982,170.03650136310196,17.271042421397116,24.763223409803135,28.454857970990563
1,87,0,11,12,1,0.14622491598129272,0.02176126465201378,gigapose_global_rank_1|align_detection|rgb_recovery|center_preserving_flip180,109.12729216253122,approved,epnp_raceline,stereo_left,away,0.9873933458450611,165.8854161356859,23.08173614207525,24.079254063510014,7.574275602326368
1,88,0,1,10,0,0.19674062728881836,0.012654183432459831,gigapose_global_rank_1|uv0+48|rgb_recovery,75.22342514631744,approved,epnp_raceline,stereo_left,away,0.7988308075392772,168.1206493051282,51.19286201535636,26.127895351058903,43.767150849132506
1,89,0,1,13,1,0.16519230604171753,0.11806763708591461,gigapose_global_rank_3|rgb_recovery|center_preserving_flip180,47.145274726715506,approved,epnp_raceline,stereo_left,away,0.9917785726154315,167.36573082320004,22.260580849287535,23.65193149748333,5.309861030818077
1,90,0,14,14,1,0.2900811433792114,0.2900811433792114,gigapose_global_rank_0|flip180|rgb_recovery|center_preserving_flip180,10.80235862599762,approved,epnp_raceline,stereo_left,away,0.9540905279908061,177.66095754970763,2.922909920238545,0.5658968700383986,0.5658968700383986
1,91,0,1,1,1,0.1782369613647461,0.1782369613647461,gigapose_global_rank_0|yaw+30|rgb_recovery|center_preserving_flip180,6.930665530574252,approved,epnp_raceline,stereo_left,away,0.9986533587070233,167.2875755600569,14.331767792483083,25.681690735780624,25.681690735780624
1,92,0,1,1,1,0.24989257752895355,0.24989257752895355,gigapose_global_rank_0|yaw+30|rgb_recovery|center_preserving_flip180,8.057487605347625,approved,epnp_raceline,stereo_left,away,0.9968814469460674,168.82064635721298,11.381648841488959,26.960495506276022,26.960495506276022
1,93,0,13,13,1,0.26227760314941406,0.26227760314941406,gigapose_global_rank_0|flip180|rgb_recovery|center_preserving_flip180,8.092323963094078,approved,epnp_raceline,stereo_left,away,0.9614999269678809,179.91295891855387,0.6877975166355381,9.918839952903141,9.918839952903141
1,94,0,4,4,1,0.15900863707065582,0.15900863707065582,gigapose_global_rank_0|yaw+30|rgb_recovery|center_preserving_flip180,8.727422313793681,approved,epnp_raceline,stereo_left,away,0.9990534225205004,165.56319186486317,15.954168803719554,27.622041077019706,27.622041077019706
1,95,0,15,7,1,0.18965494632720947,0.1494726836681366,gigapose_global_rank_0|R0+20|rgb_recovery|center_preserving_flip180,11.15235038210973,approved,epnp_raceline,stereo_left,away,0.9960883960615756,162.7184016787571,13.435235369839003,27.034082177975822,15.43871986825303
1,96,0,7,2,1,0.20502685010433197,0.11009415239095688,gigapose_global_rank_1|rgb_recovery|center_preserving_flip180,11.818661760167267,approved,epnp_raceline,stereo_left,away,0.9998147759836965,162.80732987611754,16.575856937830963,33.979512867866696,28.04986910340184
1,97,0,1,1,1,0.1638730764389038,0.1638730764389038,gigapose_global_rank_0|R0+20|rgb_recovery|center_preserving_flip180,12.321471664589655,approved,epnp_raceline,stereo_left,away,0.998027389536555,165.19468160445948,14.90176302599637,23.42241663957008,23.42241663957008
1,98,0,15,5,1,0.15103404223918915,0.12755072116851807,gigapose_global_rank_0|rgb_recovery|center_preserving_flip180,12.97451922794803,approved,epnp_raceline,stereo_left,away,0.9987820382653354,160.01158501042332,18.073914050617624,14.09670277137674,26.057566233046025
1,99,0,2,9,0,0.3758832812309265,0.07318247109651566,gigapose_global_rank_0|R1+20|rgb_recovery,14.532231017184868,approved,epnp_raceline,stereo_left,away,0.9545226126196079,176.7886361091445,35.62340913772641,6.342274816803192,10.378654908089041
1,100,0,14,2,0,0.18852034211158752,0.10761663317680359,gigapose_global_rank_0|yaw+30|rgb_recovery,12.431116329582553,approved,epnp_raceline,stereo_left,away,0.9341736636372001,9.455896643193935,39.65579946122508,22.95811428737015,5.671072386482258
1,101,0,13,6,0,0.7553677558898926,0.08717956393957138,gigapose_global_rank_1|R1+45|rgb_recovery,12.225888472532693,approved,epnp_raceline,stereo_left,away,0.9748194627173561,161.7375350337665,31.846637818449683,26.80800971921288,14.963174560912542
1,102,0,8,5,0,0.39272260665893555,0.08925417810678482,gigapose_global_rank_2|align_detection|rgb_recovery,9.4557224698169,approved,epnp_raceline,stereo_left,away,0.9566538537579549,174.6617792221365,4.704070458302933,1.3753943369141455,10.918185498436719
1,103,0,13,2,0,0.16076494753360748,0.09449651092290878,gigapose_global_rank_1|uv1+48|rgb_recovery,8.810585878126997,approved,epnp_raceline,stereo_left,away,0.9640319014939364,9.030418957721658,5.734654192232178,10.63508510228189,8.936012498758588
1,104,0,2,1,0,0.19746197760105133,0.08423583209514618,gigapose_global_rank_1|uv1+48|rgb_recovery,6.748632796395255,approved,epnp_raceline,stereo_left,away,0.9594349710643435,171.01856621105026,4.673603162106028,8.461131574336736,13.89659669157294
1,105,0,8,8,0,0.49512022733688354,0.49512022733688354,gigapose_global_rank_0|R1+45|rgb_recovery,6.3470870857355255,approved,epnp_raceline,stereo_left,away,0.9823624664783178,11.752599990250317,11.752599990250317,18.08012347890838,18.08012347890838
1,106,0,7,7,0,0.18335044384002686,0.18335044384002686,gigapose_global_rank_0|R1+45|rgb_recovery,9.49087583684574,approved,epnp_raceline,stereo_left,away,0.9797877799514408,10.715543236200784,10.715543236200784,16.09575076978817,16.09575076978817
1,107,0,8,2,0,0.15552988648414612,0.07512795925140381,gigapose_global_rank_1|R1+20|rgb_recovery,10.199630852781844,approved,epnp_raceline,stereo_left,away,0.9501621136395434,17.312739870229628,40.12850122724466,18.84346335707199,0.6740719036940676
1,108,0,4,2,0,0.15353555977344513,0.10288627445697784,gigapose_global_rank_0|R1+20|rgb_recovery,9.67338522635606,approved,epnp_raceline,stereo_left,away,0.9590921028798243,24.727139936778258,39.14577286713086,34.51474812327605,6.562110504646886
1,109,0,9,5,0,0.13221170008182526,0.09254221618175507,gigapose_global_rank_1|uv1+48|rgb_recovery,9.585537911989164,approved,epnp_raceline,stereo_left,away,0.9411146353360705,43.78630900259757,42.78196674170757,13.27095494432488,13.554666292110456
1,110,0,12,11,0,0.27013349533081055,0.07062429934740067,gigapose_global_rank_0|logz-0.35|rgb_recovery,13.542685101459714,approved,epnp_raceline,stereo_left,away,0.9717559992523102,164.31709582724386,10.568124582664149,20.574294329816592,24.862227791329683
1,111,0,11,11,0,0.17438626289367676,0.17438626289367676,gigapose_global_rank_1|rgb_recovery,11.786510614777711,approved,epnp_raceline,stereo_left,away,0.9092803304930328,8.81343330250351,8.81343330250351,4.300028133832638,4.300028133832638
1,112,0,5,5,0,0.16224050521850586,0.16224050521850586,gigapose_global_rank_1|logz-0.35|rgb_recovery,14.324338238141793,approved,epnp_raceline,stereo_left,away,0.9158300224390566,12.312509976032906,12.312509976032906,12.880609986918204,12.880609986918204
1,113,0,2,2,0,0.11319448798894882,0.11319448798894882,gigapose_global_rank_4|rgb_recovery,11.903001404462312,approved,epnp_raceline,stereo_left,away,0.9019149598660775,4.978104031604835,4.978104031604835,1.3067065942825813,1.3067065942825813
1,114,0,12,8,0,0.1360962986946106,0.058906715363264084,gigapose_global_rank_1|R1-45|rgb_recovery,13.817242348985719,approved,epnp_raceline,stereo_left,away,0.9723834443719263,19.136218164894395,38.44714346734674,3.11314746331137,14.912426251303685
1,115,0,14,3,0,0.12145990878343582,0.09691474586725235,gigapose_global_rank_0|yaw+30|rgb_recovery,9.153502828067841,approved,epnp_raceline,stereo_left,away,0.9037008078910352,19.5065970322272,49.652459423328274,12.614379583130058,19.692424558080116
1,116,0,10,2,0,0.1268511414527893,0.10607394576072693,gigapose_global_rank_0|R1+20|rgb_recovery,9.113092868326955,approved,epnp_raceline,stereo_left,away,0.9608457723173051,9.663469803212804,41.47999801619011,6.7683356001448995,13.632695601883794
1,117,0,15,1,0,0.12773892283439636,0.10196533799171448,gigapose_global_rank_0|R1+20|rgb_recovery,7.09005224970789,approved,epnp_raceline,stereo_left,away,0.9528537910001096,21.030951889027918,43.454287403209165,25.02784242149951,19.35198146878794
1,118,0,1,1,0,0.28390124440193176,0.28390124440193176,gigapose_global_rank_2|rgb_recovery,6.898985771615707,approved,epnp_raceline,stereo_left,away,0.9797222058457105,14.759287602552805,14.759287602552805,29.52189094412402,29.52189094412402
1,119,0,14,3,0,0.1525658220052719,0.13446611166000366,gigapose_global_rank_0|yaw+30|rgb_recovery,5.379568748112587,approved,epnp_raceline,stereo_left,away,0.8348607512147571,13.309706350527687,7.393784384225121,1.7848248158902162,4.382129909439655
1,120,0,11,1,0,0.2604314088821411,0.12601014971733093,gigapose_global_rank_0|uv0-48|rgb_recovery,9.342263661674098,approved,epnp_raceline,stereo_left,away,0.9657207372631037,20.55890010053171,12.452573475531338,6.915076103234999,23.694949073705914
1,121,0,13,6,0,0.1306673288345337,0.0709637776017189,gigapose_global_rank_0|uv1+48|rgb_recovery,8.073833090593032,approved,epnp_raceline,stereo_left,away,0.8785858724545165,16.90042116496278,2.2384762377468674,9.877561766318552,4.175054759406324
1,122,0,2,1,0,0.16191326081752777,0.09878259897232056,gigapose_global_rank_0|logz-0.35|rgb_recovery,7.429876988041053,approved,epnp_raceline,stereo_left,away,0.8714961182111632,178.68221562487858,3.469807961058742,3.942301358655624,0.6270702001224507
1,123,0,15,1,0,0.13757608830928802,0.07510919868946075,gigapose_global_rank_0|align_detection|rgb_recovery,12.259912254505867,approved,epnp_raceline,stereo_left,away,0.8416920680373403,21.436118926108534,5.460632060547392,9.325125230298239,3.7742535998194455
1,124,0,7,1,0,0.15448211133480072,0.13790524005889893,gigapose_global_rank_1|logz-0.35|rgb_recovery,12.180010315591943,approved,epnp_raceline,stereo_left,away,0.8899082203764273,19.799947787670877,3.309134462260864,2.98810749459759,12.74657672287632
1,125,0,8,8,0,0.1304132640361786,0.1304132640361786,gigapose_global_rank_1|yaw+30|rgb_recovery,7.9114797428353905,approved,epnp_raceline,stereo_left,away,0.8449787916960948,5.3508749789524455,5.3508749789524455,6.497932263220679,6.497932263220679
1,126,0,7,1,0,0.09613197296857834,0.06237122416496277,gigapose_global_rank_0|uv1-48|rgb_recovery,7.984773624401604,approved,epnp_raceline,stereo_left,away,0.8696638096326359,16.092224922142496,7.690738443777342,0.27409447120735836,4.197536316036365
1,127,0,9,1,0,0.13979089260101318,0.11849578469991684,gigapose_global_rank_1|logz-0.35|rgb_recovery,8.489672606120537,approved,epnp_raceline,stereo_left,away,0.9146838090878163,30.48247204733722,12.422744701769918,11.292866095235226,20.172105469913614
1,128,0,15,4,0,0.13800570368766785,0.10835324972867966,gigapose_global_rank_1|logz-0.35|rgb_recovery,4.185561443092487,approved,epnp_raceline,stereo_left,away,0.9030715919556865,16.81373238578229,12.848293270193095,7.9362287148666875,15.457152798336773
1,129,0,11,1,0,0.12569846212863922,0.04308086261153221,gigapose_global_rank_0|uv1-48|rgb_recovery,4.48629939961389,approved,epnp_raceline,stereo_left,away,0.895167895406411,16.5663680829442,10.839508555483611,19.19131257107547,6.8733653770653556
1,130,0,10,1,0,0.1207360029220581,0.08909410983324051,gigapose_global_rank_1|logz-0.35|rgb_recovery,10.658501088154852,approved,epnp_raceline,stereo_left,away,0.9119861341013801,12.744626654788325,13.886718551217939,1.718356973121028,14.964207671674744
1,131,0,5,7,0,0.19207561016082764,0.09426284581422806,gigapose_global_rank_0|yaw+30|rgb_recovery,11.119459798878442,approved,epnp_raceline,stereo_left,away,0.8620961983377337,9.103425730312717,10.620873369858415,17.197472225060885,2.2116749404866463
1,132,0,12,3,0,0.17183317244052887,0.08965405076742172,gigapose_global_rank_0|R0+20|rgb_recovery,16.23253440996763,approved,epnp_raceline,stereo_left,away,0.8979330015189325,170.09988101799837,14.243832592977494,10.005714768163307,7.859856208189741
1,133,0,2,1,0,0.16255445778369904,0.06673629581928253,gigapose_global_rank_1|logz-0.35|rgb_recovery,16.775411931388373,approved,epnp_raceline,stereo_left,away,0.9155258288490019,75.88227856629595,14.555939496651876,10.452044337496348,19.665840128984886
1,134,0,11,11,0,0.1569293737411499,0.1569293737411499,gigapose_global_rank_1|flip180|rgb_recovery,16.261114128820815,approved,epnp_raceline,stereo_left,away,0.8940800007145007,65.21729966123937,65.21729966123937,1.7928933912648806,1.7928933912648806
1,135,0,3,7,0,0.19013847410678864,0.07496824860572815,gigapose_global_rank_0|logz+0.35|rgb_recovery,9.459432773065943,approved,epnp_raceline,stereo_left,away,0.8804147238185996,12.138393386875713,66.96759183621596,5.004379936580199,3.131416459766569
1,136,0,13,1,0,0.1463090181350708,0.06578224897384644,gigapose_global_rank_0|logz-0.35|rgb_recovery,9.123842775498396,approved,epnp_raceline,stereo_left,away,0.927084281437315,13.554786540987216,16.41531506116088,6.276459242682409,23.22467375261761
1,137,0,6,6,0,0.17788559198379517,0.17788559198379517,gigapose_global_rank_1|R0+20|rgb_recovery,7.91448576114349,approved,epnp_raceline,stereo_left,away,0.9041420316371998,13.770968190665188,13.770968190665188,15.686419438341197,15.686419438341197
1,138,0,13,1,0,0.2076919823884964,0.176821768283844,gigapose_global_rank_2|logz-0.35|rgb_recovery,9.314014998081543,approved,epnp_raceline,stereo_left,away,0.8412147483226392,5.467044361138949,10.337963018342684,8.144034835477434,3.541373170387729
1,139,0,1,1,0,0.34061306715011597,0.34061306715011597,gigapose_global_rank_1|logz-0.35|rgb_recovery,14.830454924689427,approved,epnp_raceline,stereo_left,away,0.9145594960683969,15.131061373706215,15.131061373706215,13.983587832745561,13.983587832745561
1,140,0,6,1,0,0.30410635471343994,0.14016757905483246,gigapose_global_rank_2|logz-0.35|rgb_recovery,15.16661286498374,approved,epnp_raceline,stereo_left,away,0.932477767991597,11.44099403933144,18.005824570251534,20.22177144142289,20.239354637833152
1,141,0,8,8,0,0.21761077642440796,0.21761077642440796,gigapose_global_rank_1|uv0-48|rgb_recovery,22.041351652665924,approved,epnp_raceline,stereo_left,away,0.9261692933644997,18.382776586949554,18.382776586949554,12.46964531584816,12.46964531584816
1,142,0,12,3,0,0.1758928894996643,0.06464710831642151,gigapose_global_rank_1|uv0-48|rgb_recovery,20.222372547300488,approved,epnp_raceline,stereo_left,away,0.8696214704998896,15.43407297026804,10.159645976920945,13.734337658930697,2.8506680582458306
1,143,0,12,2,0,0.16579219698905945,0.14114214479923248,gigapose_global_rank_1|logz-0.35|rgb_recovery,19.08436685696217,approved,epnp_raceline,stereo_left,away,0.9232640936907671,15.88636658809694,16.846519595717684,8.506504627524464,28.874094383791547
1,144,0,10,12,0,0.21056905388832092,0.17084826529026031,gigapose_global_rank_0|uv0-48|rgb_recovery,20.02225934529637,approved,epnp_raceline,stereo_left,away,0.9086683427617226,18.28276089844456,15.23876345103064,19.16305366035342,7.792687332487305
1,145,0,10,10,0,0.1226487010717392,0.1226487010717392,gigapose_global_rank_0|R1+20|rgb_recovery,25.18836299208367,approved,epnp_raceline,stereo_left,away,0.7462210200662359,4.688433029278076,4.688433029278076,2.9741507670292897,2.9741507670292897
1,146,0,1,1,0,0.296142041683197,0.296142041683197,gigapose_global_rank_2|logz-0.35|rgb_recovery,19.15497436069689,approved,epnp_raceline,stereo_left,away,0.9339988119383072,18.592110864626136,18.592110864626136,24.50290023087719,24.50290023087719
1,147,0,11,3,0,0.1440771371126175,0.11418710649013519,gigapose_global_rank_0|uv1-48|rgb_recovery,31.23011591937033,approved,epnp_raceline,stereo_left,away,0.9226783645356954,4.5852378060992,17.149751526924888,3.709960549566947,11.444829516556045
1,148,0,11,4,0,0.1863856017589569,0.0640779659152031,gigapose_global_rank_0|uv0+48|rgb_recovery,34.07921907865678,approved,epnp_raceline,stereo_left,away,0.9363598776248836,29.742370892611362,19.710434029370695,8.86134284939629,19.571427122696488
1,149,0,15,5,0,0.1821683943271637,0.15439514815807343,gigapose_global_rank_1|uv1-48|rgb_recovery,31.305246596738325,approved,epnp_raceline,stereo_left,away,0.9253159282721004,4.681256611354897,17.530851804079383,7.806845249843515,16.289446972687976
1,150,0,4,6,0,0.11683958023786545,0.06323453783988953,gigapose_global_rank_0|logz-0.35|rgb_recovery,25.03850928833297,approved,epnp_raceline,stereo_left,away,0.946920533447932,17.31430883207993,21.18135559326245,5.949024740767452,26.7181993538072
1,151,0,5,5,0,0.3084150552749634,0.3084150552749634,gigapose_global_rank_1|R1+20|rgb_recovery,23.566220063648917,approved,epnp_raceline,stereo_left,away,0.8495570165636513,72.06322566384686,72.06322566384686,31.3827829059341,31.3827829059341
1,152,0,10,6,0,0.23126156628131866,0.024235431104898453,gigapose_global_rank_0|R1+45|rgb_recovery,7.448234511647292,rejected:center_error_px,epnp_raceline,stereo_left,away,0.9928584465758277,nan,nan,nan,nan
1,153,0,2,2,0,0.11940616369247437,0.11940616369247437,gigapose_global_rank_0|uv0+48|rgb_recovery,0.41284990801617416,rejected:center_error_px+bbox_iou,epnp_raceline,stereo_left,away,0.9877454847039946,nan,nan,nan,nan
1,155,1,13,8,1,0.3900644779205322,0.1932670623064041,gigapose_global_rank_3|rgb_recovery|center_preserving_flip180,101.18912835532308,rejected:center_error_px+bbox_iou,epnp_raceline,stereo_left,away,0.34389742985269806,nan,nan,nan,nan
1,156,1,14,13,1,0.41303500533103943,0.024400213733315468,gigapose_global_rank_3|rgb_recovery|center_preserving_flip180,115.62340326976721,rejected:center_error_px+bbox_iou,epnp_raceline,stereo_left,away,0.37528433239695125,nan,nan,nan,nan
1,157,1,10,9,1,0.12230425328016281,0.08712970465421677,gigapose_global_rank_1|uv1-48|rgb_recovery|center_preserving_flip180,103.37461401213831,rejected:center_error_px+bbox_iou,epnp_raceline,stereo_left,away,0.9148950176338236,nan,nan,nan,nan
1,158,1,8,10,1,0.22341659665107727,0.14097002148628235,gigapose_global_rank_1|uv0-48|rgb_recovery|center_preserving_flip180,70.41930244834785,rejected:center_error_px+bbox_iou,epnp_raceline,stereo_left,away,0.9078393324032253,nan,nan,nan,nan
1,159,1,9,9,1,0.5488080382347107,0.5488080382347107,gigapose_global_rank_4|rgb_recovery|center_preserving_flip180,45.889997740285466,rejected:center_error_px+bbox_iou,epnp_raceline,stereo_left,away,0.9050229882563755,nan,nan,nan,nan
1,160,1,1,5,1,0.1995464712381363,0.1284528225660324,gigapose_global_rank_1|R0-45|rgb_recovery|center_preserving_flip180,18.507512199000416,rejected:center_error_px+bbox_iou,epnp_raceline,stereo_left,away,0.9530679579649506,nan,nan,nan,nan
1,165,2,13,13,1,0.24508830904960632,0.24508830904960632,gigapose_global_rank_4|rgb_recovery|center_preserving_flip180,7.57683383325225,rejected:center_error_px,epnp_raceline,stereo_left,away,0.9932062247513668,nan,nan,nan,nan
1,166,2,6,6,1,0.25751635432243347,0.25751635432243347,gigapose_global_rank_3|rgb_recovery|center_preserving_flip180,7.86223028877585,approved,epnp_raceline,stereo_left,away,0.9917466149552212,176.16349403134438,7.225624266635308,13.349151226702386,13.349151226702386
1,167,2,11,11,1,0.3739323019981384,0.3739323019981384,gigapose_global_rank_1|flip180|rgb_recovery|center_preserving_flip180,7.641024598918502,approved,epnp_raceline,stereo_left,away,0.9743644018784852,169.50316621515734,16.438238515485978,12.061703845406292,12.061703845406292
1,168,2,3,3,1,0.29326292872428894,0.29326292872428894,gigapose_global_rank_4|rgb_recovery|center_preserving_flip180,7.31780798801163,approved,epnp_raceline,stereo_left,away,0.9977362709000694,177.83069261625585,4.540202317956716,8.538144352981924,8.538144352981924
1,169,2,13,13,1,0.2733052670955658,0.2733052670955658,gigapose_global_rank_3|rgb_recovery|center_preserving_flip180,6.951564247715734,approved,epnp_raceline,stereo_left,away,0.9870896289601752,176.97946172825553,10.668104915385733,8.92349573574056,8.92349573574056
1,170,2,4,4,1,0.28636687994003296,0.28636687994003296,gigapose_global_rank_2|flip180|rgb_recovery|center_preserving_flip180,6.248470663698362,approved,epnp_raceline,stereo_left,away,0.9834428503872764,179.118938083532,10.61477683752028,8.200901065277568,8.200901065277568
1,171,2,11,1,1,0.2725365161895752,0.21345049142837524,gigapose_global_rank_4|rgb_recovery|center_preserving_flip180,5.89715737500989,approved,epnp_raceline,stereo_left,away,0.9892232366520688,171.9204336358061,8.267093427963497,8.377455938315395,4.455995690413906
1,172,2,8,6,1,0.18301597237586975,0.15385012328624725,gigapose_global_rank_2|flip180|rgb_recovery|center_preserving_flip180,6.911743473574928,approved,epnp_raceline,stereo_left,away,0.9876023888188843,169.40474754596764,8.648932382857105,0.7598508743952012,4.695110664508204
1,173,2,5,5,1,0.2443207949399948,0.2443207949399948,gigapose_global_rank_2|flip180|rgb_recovery|center_preserving_flip180,6.707595144466215,approved,epnp_raceline,stereo_left,away,0.9897932383323192,179.7960495066842,8.235873354104388,5.238724626384331,5.238724626384331
1,174,2,1,1,1,0.29604071378707886,0.29604071378707886,gigapose_global_rank_4|rgb_recovery|center_preserving_flip180,7.558222498855157,rejected:center_error_px,epnp_raceline,stereo_left,away,0.9911087210915025,nan,nan,nan,nan
1,175,2,10,10,1,0.39926981925964355,0.39926981925964355,gigapose_global_rank_1|flip180|rgb_recovery|center_preserving_flip180,7.352755853618622,approved,epnp_raceline,stereo_left,away,0.988919225773679,178.987150180186,8.365151859244607,6.726930972605978,6.726930972605978
1,176,2,13,8,1,0.2927715480327606,0.19756224751472473,gigapose_global_rank_2|flip180|rgb_recovery|center_preserving_flip180,7.361205183317649,approved,epnp_raceline,stereo_left,away,0.9920050545742025,161.47662422617464,9.497982838897101,10.145935122851249,0.5045988989563462
1,177,2,7,4,1,0.32800954580307007,0.2353694587945938,gigapose_global_rank_0|flip180|rgb_recovery|center_preserving_flip180,6.8357120019077025,approved,epnp_raceline,stereo_left,away,0.990829967952443,170.5647755821583,5.1595946340906345,13.841527672296658,7.61373626409802
1,178,2,5,5,1,0.3233043849468231,0.3233043849468231,gigapose_global_rank_2|flip180|rgb_recovery|center_preserving_flip180,6.0568698759083714,approved,epnp_raceline,stereo_left,away,0.9826619957690869,174.95659494475308,11.978767946365862,4.085650610882904,4.085650610882904
1,179,2,2,2,1,0.4485357105731964,0.4485357105731964,gigapose_global_rank_2|flip180|rgb_recovery|center_preserving_flip180,4.5502330240315025,approved,epnp_raceline,stereo_left,away,0.9926117205490398,179.32697720869808,6.687107886303724,5.997113766812941,5.997113766812941
1,180,2,6,6,1,0.3806231915950775,0.3806231915950775,gigapose_global_rank_2|flip180|rgb_recovery|center_preserving_flip180,4.322139958849634,approved,epnp_raceline,stereo_left,away,0.9878863054213226,177.1258033498478,11.705262171483954,3.903120450395075,3.903120450395075
1,181,2,5,2,1,0.45106783509254456,0.2658492624759674,gigapose_global_rank_0|flip180|rgb_recovery|center_preserving_flip180,3.6671253485408353,approved,epnp_raceline,stereo_left,away,0.9918983342812733,170.28908390176917,5.225576024450111,2.923088091375948,8.498155483010729
1,182,2,4,4,1,0.4808094799518585,0.4808094799518585,gigapose_global_rank_0|flip180|rgb_recovery|center_preserving_flip180,3.1354785221016224,approved,epnp_raceline,stereo_left,away,0.9887557570691652,174.71068720663564,6.2916564043753525,9.533347754465959,9.533347754465959
1,183,2,4,4,1,0.32813605666160583,0.32813605666160583,gigapose_global_rank_4|rgb_recovery|center_preserving_flip180,3.8692783085272384,approved,epnp_raceline,stereo_left,away,0.9938582326649466,177.04941153606845,3.71951379311118,6.648019633628378,6.648019633628378
1,184,2,4,4,1,0.3320792019367218,0.3320792019367218,gigapose_global_rank_0|flip180|rgb_recovery|center_preserving_flip180,3.979968897319178,approved,epnp_raceline,stereo_left,away,0.9882562559954138,174.7403472566128,5.290135307164825,7.370435575515818,7.370435575515818
1,185,2,10,10,1,0.2762647867202759,0.2762647867202759,gigapose_global_rank_4|rgb_recovery|center_preserving_flip180,4.339655862946001,approved,epnp_raceline,stereo_left,away,0.9886963650766745,175.09949518618507,5.0173467446052475,5.714629147421996,5.714629147421996
1,186,2,3,3,1,0.525079607963562,0.525079607963562,gigapose_global_rank_4|rgb_recovery|center_preserving_flip180,4.210980927729887,approved,epnp_raceline,stereo_left,away,0.9962300458458567,178.8507627448433,6.0897922691852715,5.703456583353822,5.703456583353822
1,187,2,4,4,1,0.5308046340942383,0.5308046340942383,gigapose_global_rank_0|flip180|rgb_recovery|center_preserving_flip180,4.039847655419642,approved,epnp_raceline,stereo_left,away,0.9871564251676029,175.14643695364816,5.895759406215935,5.504195083250418,5.504195083250418
1,188,2,6,4,1,0.3356495201587677,0.3129560053348541,gigapose_global_rank_3|rgb_recovery|center_preserving_flip180,3.4995653909805453,approved,epnp_raceline,stereo_left,away,0.9925831443211122,177.97233776183438,2.5804148128899573,3.0202399358034575,5.0552054362805
1,189,2,10,3,1,0.40600520372390747,0.2738930881023407,gigapose_global_rank_0|flip180|rgb_recovery|center_preserving_flip180,3.489712442448703,approved,epnp_raceline,stereo_left,away,0.9955602914575802,177.53670258779127,2.372356439291509,3.2864514204341324,5.739654739015872
1,190,2,7,7,1,0.3288511037826538,0.3288511037826538,gigapose_global_rank_4|rgb_recovery|center_preserving_flip180,3.179977863314275,approved,epnp_raceline,stereo_left,away,0.9924847296838105,178.1649963521014,3.998394838977549,3.3451424432172145,3.3451424432172145
1,191,2,6,6,1,0.32506063580513,0.32506063580513,gigapose_global_rank_4|rgb_recovery|center_preserving_flip180,3.180398310930669,approved,epnp_raceline,stereo_left,away,0.9910794682875904,177.17959599240172,3.156867476169411,4.788797506780712,4.788797506780712
1,192,2,10,10,1,0.404890775680542,0.404890775680542,gigapose_global_rank_0|flip180|rgb_recovery|center_preserving_flip180,3.177720260595303,approved,epnp_raceline,stereo_left,away,0.9908697048594938,176.98480596201287,3.0318471342451354,2.751131725085875,2.751131725085875
1,193,2,5,5,1,0.45309481024742126,0.45309481024742126,gigapose_global_rank_4|rgb_recovery|center_preserving_flip180,3.02350931347807,approved,epnp_raceline,stereo_left,away,0.9933125148866179,178.71472176737515,3.417996779435854,2.5194166200291876,2.5194166200291876
1,194,2,4,4,1,0.3310025930404663,0.3310025930404663,gigapose_global_rank_3|rgb_recovery|center_preserving_flip180,3.3329571430012725,approved,epnp_raceline,stereo_left,away,0.9914073426065149,177.44878465973665,3.263828742587082,5.137903307516054,5.137903307516054
1,195,2,6,6,1,0.33627718687057495,0.33627718687057495,gigapose_global_rank_3|rgb_recovery|center_preserving_flip180,3.8053721374066427,approved,epnp_raceline,stereo_left,away,0.997961035687241,178.3444537594366,2.312956229872353,4.5070483617336325,4.5070483617336325
1,196,2,2,2,1,0.41445258259773254,0.41445258259773254,gigapose_global_rank_4|rgb_recovery|center_preserving_flip180,4.108776779200852,approved,epnp_raceline,stereo_left,away,0.9945611813253157,179.61463103347324,4.383106207068398,0.8950759563886355,0.8950759563886355
1,197,2,4,4,1,0.3828352987766266,0.3828352987766266,gigapose_global_rank_4|rgb_recovery|center_preserving_flip180,4.080652874253709,approved,epnp_raceline,stereo_left,away,0.9964958929639905,179.97934821433813,0.8055227195090754,3.5619992536385863,3.5619992536385863
1,198,2,14,9,1,0.3234657049179077,0.24862699210643768,gigapose_global_rank_4|rgb_recovery|center_preserving_flip180,4.287676732534214,approved,epnp_raceline,stereo_left,away,0.993230525618782,179.01826414558997,3.545033009683882,2.367187628745181,3.234745603100542
1,199,2,14,6,1,0.3761628568172455,0.22509653866291046,gigapose_global_rank_0|flip180|rgb_recovery|center_preserving_flip180,4.367797711947486,approved,epnp_raceline,stereo_left,away,0.9970189929207853,179.6272868736479,0.9386000755830364,1.1852898664969331,1.4107876316774026
1,200,2,11,11,1,0.3389199376106262,0.3389199376106262,gigapose_global_rank_4|rgb_recovery|center_preserving_flip180,3.8267680417682577,approved,epnp_raceline,stereo_left,away,0.9994585789202808,176.95681388373575,3.760358249683626,3.9061072926025386,3.9061072926025386
1,201,2,3,3,1,0.34888988733291626,0.34888988733291626,gigapose_global_rank_0|flip180|rgb_recovery|center_preserving_flip180,3.518676925893148,approved,epnp_raceline,stereo_left,away,0.9965372406020627,179.79374482135879,4.316920080981475,4.311920864032917,4.311920864032917
1,202,2,12,4,1,0.3346151113510132,0.2757037580013275,gigapose_global_rank_4|rgb_recovery|center_preserving_flip180,4.217734680785067,approved,epnp_raceline,stereo_left,away,0.9957913699056334,177.30174250274405,0.757737816127571,3.061601860505448,5.4511911210769
1,203,2,15,8,1,0.3965602219104767,0.2668988108634949,gigapose_global_rank_0|flip180|rgb_recovery|center_preserving_flip180,4.5117250423197826,approved,epnp_raceline,stereo_left,away,0.9904822394447234,176.27621714271305,3.3184645445024494,0.42659804506899907,2.5956063735074486
1,204,2,3,3,1,0.28151679039001465,0.28151679039001465,gigapose_global_rank_0|flip180|rgb_recovery|center_preserving_flip180,4.0464418745686626,approved,epnp_raceline,stereo_left,away,0.9958497850994446,179.76668573171366,0.499015404983405,3.305146596201753,3.305146596201753
1,205,2,5,5,1,0.3897237479686737,0.3897237479686737,gigapose_global_rank_0|flip180|rgb_recovery|center_preserving_flip180,4.1332835308692815,approved,epnp_raceline,stereo_left,away,0.9969439831512243,179.01919587983323,2.202008248792754,4.497239053140951,4.497239053140951
1,206,2,15,2,1,0.4542994201183319,0.22367338836193085,gigapose_global_rank_0|flip180|rgb_recovery|center_preserving_flip180,4.194139187692683,approved,epnp_raceline,stereo_left,away,0.9957794643802832,177.19262707562078,1.1503842412227512,0.3400547601915904,4.019689333904222
1,207,2,12,12,1,0.41191694140434265,0.41191694140434265,gigapose_global_rank_0|flip180|rgb_recovery|center_preserving_flip180,4.293991928200872,approved,epnp_raceline,stereo_left,away,0.9908791963231545,177.62661335525078,3.0075039343693826,2.2269525969933412,2.2269525969933412
1,208,2,5,5,1,0.35904794931411743,0.35904794931411743,gigapose_global_rank_4|rgb_recovery|center_preserving_flip180,3.859519251804795,approved,epnp_raceline,stereo_left,away,0.9951308401819277,179.28320545781648,2.1897612309487737,2.5819801821188824,2.5819801821188824
1,209,2,4,4,1,0.3421573042869568,0.3421573042869568,gigapose_global_rank_3|rgb_recovery|center_preserving_flip180,3.8922746864801545,approved,epnp_raceline,stereo_left,away,0.9981081501861503,176.45388423466423,5.085767654079819,2.7890916915908894,2.7890916915908894
1,210,2,7,7,1,0.3321792781352997,0.3321792781352997,gigapose_global_rank_4|rgb_recovery|center_preserving_flip180,4.60848123356024,approved,epnp_raceline,stereo_left,away,0.9918049180871463,177.67209948157395,2.8580243089287376,2.9889457912726627,2.9889457912726627
1,211,2,15,15,1,0.46190643310546875,0.46190643310546875,gigapose_global_rank_4|rgb_recovery|center_preserving_flip180,4.9559286455521185,approved,epnp_raceline,stereo_left,away,0.9847986322133624,175.97449677819037,5.702750736568362,0.31814432933311104,0.31814432933311104
1,212,2,7,7,1,0.3654509484767914,0.3654509484767914,gigapose_global_rank_4|rgb_recovery|center_preserving_flip180,4.271450200597206,approved,epnp_raceline,stereo_left,away,0.9948791839891554,179.28635216572658,1.1677552466459549,1.851629519143144,1.851629519143144
1,213,2,6,6,1,0.3998887240886688,0.3998887240886688,gigapose_global_rank_0|flip180|rgb_recovery|center_preserving_flip180,5.038572708427526,rejected:center_error_px,epnp_raceline,stereo_left,away,0.9943192722526505,nan,nan,nan,nan
1,214,2,15,15,1,0.4641542136669159,0.4641542136669159,gigapose_global_rank_3|rgb_recovery|center_preserving_flip180,5.05902846140863,rejected:center_error_px,epnp_raceline,stereo_left,away,0.9878549214048135,nan,nan,nan,nan
1,215,2,14,6,1,0.38413986563682556,0.2696872353553772,gigapose_global_rank_0|flip180|rgb_recovery|center_preserving_flip180,4.350799879999361,rejected:center_error_px,epnp_raceline,stereo_left,away,0.9976684427228202,nan,nan,nan,nan
1,216,2,9,9,1,0.35849735140800476,0.35849735140800476,gigapose_global_rank_3|rgb_recovery|center_preserving_flip180,4.432457112309504,approved,epnp_raceline,stereo_left,away,0.9937160291601712,178.89432204393455,6.498397357844491,0.39567915080927857,0.39567915080927857
1,217,2,15,2,1,0.5204647183418274,0.2317948341369629,gigapose_global_rank_0|flip180|rgb_recovery|center_preserving_flip180,4.726312272572195,rejected:center_error_px,epnp_raceline,stereo_left,away,0.9938003883456347,nan,nan,nan,nan
1,218,2,3,3,1,0.40869051218032837,0.40869051218032837,gigapose_global_rank_3|rgb_recovery|center_preserving_flip180,4.0342608254523915,rejected:center_error_px,epnp_raceline,stereo_left,away,0.9951464132853477,nan,nan,nan,nan
1,219,2,2,2,1,0.4954189360141754,0.4954189360141754,gigapose_global_rank_0|flip180|rgb_recovery|center_preserving_flip180,4.478400271264283,approved,epnp_raceline,stereo_left,away,0.9888836778566442,177.2473981040055,2.87327683862706,1.5650627768593344,1.5650627768593344
1,220,2,9,9,1,0.5141327977180481,0.5141327977180481,gigapose_global_rank_3|rgb_recovery|center_preserving_flip180,5.020656748488678,rejected:center_error_px,epnp_raceline,stereo_left,away,0.9894033121456421,nan,nan,nan,nan
1,221,2,5,5,1,0.39072784781455994,0.39072784781455994,gigapose_global_rank_3|rgb_recovery|center_preserving_flip180,4.90641589951106,approved,epnp_raceline,stereo_left,away,0.9923516244504691,178.75822000642404,2.2372433325869556,1.8772042530968551,1.8772042530968551
1,222,2,5,5,1,0.3897295892238617,0.3897295892238617,gigapose_global_rank_3|rgb_recovery|center_preserving_flip180,4.80897594855358,approved,epnp_raceline,stereo_left,away,0.9863300247446096,176.77888999508403,3.83555145252626,2.1314443092759676,2.1314443092759676
1,223,2,3,3,1,0.40580445528030396,0.40580445528030396,gigapose_global_rank_3|rgb_recovery|center_preserving_flip180,4.963958047943319,rejected:center_error_px,epnp_raceline,stereo_left,away,0.9873497460092083,nan,nan,nan,nan
1,224,2,3,2,1,0.3923144042491913,0.3107210695743561,gigapose_global_rank_0|flip180|rgb_recovery|center_preserving_flip180,4.816284513688297,approved,epnp_raceline,stereo_left,away,0.9869129302233908,179.97372946829958,3.790155044189242,4.2703085299841606,1.5568230973784245
1,225,2,3,3,1,0.3589639365673065,0.3589639365673065,gigapose_global_rank_1|flip180|rgb_recovery|center_preserving_flip180,4.614750163443672,rejected:center_error_px,epnp_raceline,stereo_left,away,0.9908194063695559,nan,nan,nan,nan
1,226,2,1,1,1,0.37376871705055237,0.37376871705055237,gigapose_global_rank_0|flip180|rgb_recovery|center_preserving_flip180,4.652233536993949,rejected:center_error_px,epnp_raceline,stereo_left,away,0.9859734190052085,nan,nan,nan,nan
1,227,2,2,2,1,0.3437727987766266,0.3437727987766266,gigapose_global_rank_1|flip180|rgb_recovery|center_preserving_flip180,4.775430912018387,rejected:center_error_px,epnp_raceline,stereo_left,away,0.9870029522085665,nan,nan,nan,nan
1,228,2,1,1,1,0.3646880090236664,0.3646880090236664,gigapose_global_rank_3|rgb_recovery|center_preserving_flip180,4.521504191948268,approved,epnp_raceline,stereo_left,away,0.9897402219866703,178.50524995251223,1.6289852861361254,3.4258887380935024,3.425888738093506
1,229,2,1,1,1,0.38321393728256226,0.38321393728256226,gigapose_global_rank_3|rgb_recovery|center_preserving_flip180,4.514844119236531,rejected:center_error_px,epnp_raceline,stereo_left,away,0.9924211888110632,nan,nan,nan,nan
1,230,2,4,3,1,0.3577786087989807,0.345426470041275,gigapose_global_rank_1|flip180|rgb_recovery|center_preserving_flip180,4.638962714722712,rejected:center_error_px,epnp_raceline,stereo_left,away,0.9870635824952861,nan,nan,nan,nan
1,231,2,5,5,1,0.37634730339050293,0.37634730339050293,gigapose_global_rank_1|flip180|rgb_recovery|center_preserving_flip180,4.749340836151735,rejected:center_error_px,epnp_raceline,stereo_left,away,0.9843372860386846,nan,nan,nan,nan
1,232,2,3,3,1,0.38271772861480713,0.38271772861480713,gigapose_global_rank_3|rgb_recovery|center_preserving_flip180,4.85491620998936,rejected:center_error_px,epnp_raceline,stereo_left,away,0.9920148478504542,nan,nan,nan,nan
1,233,2,3,3,1,0.3863803744316101,0.3863803744316101,gigapose_global_rank_3|rgb_recovery|center_preserving_flip180,5.274250399423474,rejected:center_error_px,epnp_raceline,stereo_left,away,0.9840854832690833,nan,nan,nan,nan
1,234,2,3,3,1,0.35576751828193665,0.35576751828193665,gigapose_global_rank_1|flip180|rgb_recovery|center_preserving_flip180,5.371576687755496,approved,epnp_raceline,stereo_left,away,0.9892508146082274,179.78317410590833,4.258432635278511,1.7494234131005584,1.7494234131005584
1,235,2,4,3,1,0.27263155579566956,0.24907894432544708,gigapose_global_rank_2|flip180|rgb_recovery|center_preserving_flip180,5.194385835205506,rejected:center_error_px,epnp_raceline,stereo_left,away,0.9838282443107361,nan,nan,nan,nan
1,236,2,4,2,1,0.29786208271980286,0.2433588206768036,gigapose_global_rank_2|flip180|rgb_recovery|center_preserving_flip180,5.077317075101116,rejected:center_error_px,epnp_raceline,stereo_left,away,0.9814566175123542,nan,nan,nan,nan
1,237,2,3,2,1,0.34195026755332947,0.33398979902267456,gigapose_global_rank_3|rgb_recovery|center_preserving_flip180,5.037906146947917,approved,epnp_raceline,stereo_left,away,0.9875206763868718,177.4527051514059,2.6367341773990187,4.133697548456369,2.766033154307277
1,238,2,6,6,1,0.37763550877571106,0.37763550877571106,gigapose_global_rank_1|flip180|rgb_recovery|center_preserving_flip180,5.048370904122306,rejected:center_error_px,epnp_raceline,stereo_left,away,0.9801223410121288,nan,nan,nan,nan
1,239,2,3,3,1,0.3354254364967346,0.3354254364967346,gigapose_global_rank_1|flip180|rgb_recovery|center_preserving_flip180,5.009543192153506,rejected:center_error_px,epnp_raceline,stereo_left,away,0.9788309795504971,nan,nan,nan,nan
1,240,2,1,2,1,0.35095107555389404,0.33205515146255493,gigapose_global_rank_2|flip180|rgb_recovery|center_preserving_flip180,5.002652588639416,rejected:center_error_px,epnp_raceline,stereo_left,away,0.9817018944934109,nan,nan,nan,nan
1,241,2,1,1,1,0.3918002247810364,0.3918002247810364,gigapose_global_rank_3|rgb_recovery|center_preserving_flip180,5.054378618362252,rejected:center_error_px,epnp_raceline,stereo_left,away,0.9898915902989895,nan,nan,nan,nan
1,242,2,2,2,1,0.3372296690940857,0.3372296690940857,gigapose_global_rank_3|rgb_recovery|center_preserving_flip180,5.0258285774675375,rejected:center_error_px,epnp_raceline,stereo_left,away,0.9852071809821681,nan,nan,nan,nan
1,243,2,3,1,1,0.3294556140899658,0.3284282684326172,gigapose_global_rank_3|rgb_recovery|center_preserving_flip180,5.440300714940349,rejected:center_error_px,epnp_raceline,stereo_left,away,0.9834718934039842,nan,nan,nan,nan
1,244,2,1,1,1,0.4294431209564209,0.4294431209564209,gigapose_global_rank_3|rgb_recovery|center_preserving_flip180,5.747076627265969,rejected:center_error_px,epnp_raceline,stereo_left,away,0.979571935082528,nan,nan,nan,nan
1,245,2,15,3,1,0.2929850220680237,0.29292619228363037,gigapose_global_rank_3|rgb_recovery|center_preserving_flip180,6.479826201053464,rejected:center_error_px,epnp_raceline,stereo_left,away,0.9817738923164091,nan,nan,nan,nan
1,246,2,5,5,1,0.2819959223270416,0.2819959223270416,gigapose_global_rank_4|rgb_recovery|center_preserving_flip180,6.417316265490349,rejected:center_error_px,epnp_raceline,stereo_left,away,0.9766482791554549,nan,nan,nan,nan
1,247,2,7,7,1,0.31251850724220276,0.31251850724220276,gigapose_global_rank_4|rgb_recovery|center_preserving_flip180,8.5884516492911,rejected:center_error_px,epnp_raceline,stereo_left,away,0.9726261822409651,nan,nan,nan,nan
1,248,2,11,4,1,0.3627947270870209,0.29662230610847473,gigapose_global_rank_2|flip180|rgb_recovery|center_preserving_flip180,9.679802638383835,rejected:center_error_px,epnp_raceline,stereo_left,away,0.9777526516656196,nan,nan,nan,nan
1,249,2,12,12,1,0.3676379919052124,0.3676379919052124,gigapose_global_rank_4|rgb_recovery|center_preserving_flip180,10.404688169820798,rejected:center_error_px,epnp_raceline,stereo_left,away,0.9267680604908185,nan,nan,nan,nan
1,250,2,14,14,1,0.45568081736564636,0.45568081736564636,gigapose_global_rank_0|flip180|rgb_recovery|center_preserving_flip180,11.203225935528833,rejected:center_error_px,epnp_raceline,stereo_left,away,0.9201356554979279,nan,nan,nan,nan
1,251,2,13,5,0,0.16389904916286469,0.08466583490371704,gigapose_global_rank_0|R0+20|rgb_recovery,11.784032305259137,rejected:center_error_px,epnp_raceline,stereo_left,away,0.8505419990677457,nan,nan,nan,nan
1,252,2,6,11,0,0.3127872049808502,0.07321423292160034,gigapose_global_rank_2|rgb_recovery,9.557521143213696,rejected:center_error_px,epnp_raceline,stereo_left,away,0.7370801005781998,nan,nan,nan,nan
1,253,2,1,3,0,0.3433217704296112,0.06314495950937271,gigapose_global_rank_1|R1+20|rgb_recovery,8.910140918178191,rejected:center_error_px,epnp_raceline,stereo_left,away,0.7263473658222738,nan,nan,nan,nan
1,254,2,13,3,0,0.3597346246242523,0.07156802713871002,gigapose_global_rank_0|R1+20|rgb_recovery,8.946445733742129,rejected:center_error_px,epnp_raceline,stereo_left,away,0.7156863080323858,nan,nan,nan,nan
1,255,2,11,3,0,0.3145325481891632,0.07520628720521927,gigapose_global_rank_1|R1+20|rgb_recovery,7.70859267702758,rejected:center_error_px,epnp_raceline,stereo_left,away,0.7637513617063414,nan,nan,nan,nan
1,256,2,1,4,0,0.18204925954341888,0.13608403503894806,gigapose_global_rank_2|logz-0.35|rgb_recovery,7.636274944199291,rejected:center_error_px,epnp_raceline,stereo_left,away,0.7541598933504926,nan,nan,nan,nan
1,257,2,2,3,0,0.3259006440639496,0.08982213586568832,gigapose_global_rank_0|R1+20|rgb_recovery,9.160915355170618,rejected:center_error_px,epnp_raceline,stereo_left,away,0.772959775203911,nan,nan,nan,nan
1,258,2,14,12,0,0.3207545578479767,0.13058501482009888,gigapose_global_rank_0|R0+45|rgb_recovery,10.41404195758718,rejected:center_error_px,epnp_raceline,stereo_left,away,0.7224594408697963,nan,nan,nan,nan
1,259,2,10,9,0,0.2816098928451538,0.13737350702285767,gigapose_global_rank_1|R0+45|rgb_recovery,11.286581003018718,rejected:center_error_px,epnp_raceline,stereo_left,away,0.7420457932997047,nan,nan,nan,nan
1,260,2,6,6,1,0.17326398193836212,0.17326398193836212,gigapose_global_rank_1|flip180|rgb_recovery|center_preserving_flip180,12.13040809719917,rejected:center_error_px,epnp_raceline,stereo_left,away,0.8934551367313801,nan,nan,nan,nan
1,261,2,5,5,1,0.21136337518692017,0.21136337518692017,gigapose_global_rank_0|flip180|rgb_recovery|center_preserving_flip180,9.791525839980869,rejected:center_error_px,epnp_raceline,stereo_left,away,0.8413548529852474,nan,nan,nan,nan
1,262,2,14,4,1,0.17423328757286072,0.11113270372152328,gigapose_global_rank_1|uv0+48|rgb_recovery|center_preserving_flip180,9.885646360199859,rejected:center_error_px+bbox_iou,epnp_raceline,stereo_left,away,0.9566052898316868,nan,nan,nan,nan
1,263,2,3,3,1,0.3677152395248413,0.3677152395248413,gigapose_global_rank_1|flip180|rgb_recovery|center_preserving_flip180,8.002879462367327,rejected:center_error_px+bbox_iou,epnp_raceline,stereo_left,away,0.9963092479145745,nan,nan,nan,nan
1,264,2,15,14,1,0.12505382299423218,0.07015567272901535,gigapose_global_rank_0|R0-20|rgb_recovery|center_preserving_flip180,38.21222203718592,rejected:center_error_px+bbox_iou,epnp_raceline,stereo_left,away,0.96861318446723,nan,nan,nan,nan
1,265,2,11,11,1,0.26079535484313965,0.26079535484313965,gigapose_global_rank_1|yaw-30|rgb_recovery|center_preserving_flip180,39.33243339187068,rejected:center_error_px+bbox_iou,epnp_raceline,stereo_left,away,0.9569346156529493,nan,nan,nan,nan
1,266,2,0,0,1,0.2891065180301666,0.2891065180301666,gigapose_rank0_baseline|rgb_recovery|center_preserving_flip180,40.210213816422836,rejected:center_error_px,epnp_raceline,stereo_left,away,0.9639646018920518,nan,nan,nan,nan
1,267,2,0,0,1,0.2300419807434082,0.2300419807434082,gigapose_rank0_baseline|rgb_recovery|center_preserving_flip180,40.662296309386235,rejected:center_error_px+bbox_iou,epnp_raceline,stereo_left,away,0.9640590666472306,nan,nan,nan,nan
1,268,2,0,15,1,0.12211761623620987,0.0715993195772171,gigapose_global_rank_0|uv0-48|rgb_recovery|center_preserving_flip180,41.91352508274394,rejected:center_error_px+bbox_iou,epnp_raceline,stereo_left,away,0.9556590360627555,nan,nan,nan,nan
1,269,2,10,10,0,0.08643782883882523,0.08643782883882523,gigapose_global_rank_0|rgb_recovery,21.200011732373067,rejected:center_error_px+bbox_iou,epnp_raceline,stereo_left,away,0.9366734504808276,nan,nan,nan,nan
1,270,2,9,8,0,0.2983982563018799,0.06349591910839081,gigapose_global_rank_2|logz-0.35|rgb_recovery,25.600279170436426,rejected:center_error_px+bbox_iou,epnp_raceline,stereo_left,away,0.9542840999783186,nan,nan,nan,nan
1,271,2,3,12,0,0.3703257143497467,0.036475978791713715,gigapose_global_rank_1|R0+20|rgb_recovery,26.951215270362702,rejected:center_error_px+bbox_iou,epnp_raceline,stereo_left,away,0.9495258783239178,nan,nan,nan,nan
1,272,2,4,13,0,0.1131121888756752,0.09993311762809753,gigapose_global_rank_2|rgb_recovery,34.582890010834404,rejected:center_error_px+bbox_iou,epnp_raceline,stereo_left,away,0.9419891769225264,nan,nan,nan,nan
1,273,2,1,1,1,0.23699642717838287,0.23699642717838287,gigapose_global_rank_2|logz-0.35|rgb_recovery|center_preserving_flip180,32.81710000114566,rejected:center_error_px+bbox_iou,epnp_raceline,stereo_left,away,0.9350542722894288,nan,nan,nan,nan
1,274,2,14,14,1,0.35901790857315063,0.35901790857315063,gigapose_global_rank_1|flip180|rgb_recovery|center_preserving_flip180,19.20800604193124,rejected:center_error_px+bbox_iou,epnp_raceline,stereo_left,away,0.9345406618578627,nan,nan,nan,nan
1,275,2,13,13,1,0.3897485136985779,0.3897485136985779,gigapose_global_rank_0|flip180|rgb_recovery|center_preserving_flip180,11.391403157673587,rejected:center_error_px+bbox_iou,epnp_raceline,stereo_left,away,0.883636883713089,nan,nan,nan,nan
1,276,2,2,2,1,0.28182220458984375,0.28182220458984375,gigapose_global_rank_0|flip180|rgb_recovery|center_preserving_flip180,10.060784736269902,rejected:center_error_px+bbox_iou,epnp_raceline,stereo_left,away,0.8795712729224413,nan,nan,nan,nan
1,280,3,14,7,1,0.49510496854782104,0.03086853213608265,gigapose_global_rank_2|flip180|rgb_recovery|center_preserving_flip180,45.106221144069266,missing,unavailable,stereo_left,away,0.17410454068434073,nan,nan,nan,nan
1,281,3,10,14,1,0.41338151693344116,0.16691173613071442,gigapose_global_rank_1|yaw-30|rgb_recovery|center_preserving_flip180,39.10209912697996,missing,unavailable,stereo_left,away,0.18132172667166152,nan,nan,nan,nan
1,282,3,14,8,0,0.4020463228225708,0.020457278937101364,gigapose_global_rank_2|rgb_recovery,35.397245655787835,missing,unavailable,stereo_left,away,0.09587816030435496,nan,nan,nan,nan
1,283,3,2,3,1,0.31732413172721863,0.29394617676734924,gigapose_global_rank_4|rgb_recovery|center_preserving_flip180,28.557549098221962,missing,unavailable,stereo_left,away,0.33941516342372463,nan,nan,nan,nan
1,284,3,10,1,0,0.8506254553794861,0.0028720300178974867,gigapose_global_rank_1|R1+45|rgb_recovery,22.484025885692006,missing,unavailable,stereo_left,away,0.45791375795668504,nan,nan,nan,nan
1,285,3,10,2,0,0.4712848365306854,0.002922316547483206,gigapose_global_rank_0|uv0-48|rgb_recovery,6.961170105477553,missing,unavailable,stereo_left,away,0.7760943950334017,nan,nan,nan,nan
