row_index,scene_id,im_id,match_key,score,projection_model,distortion_model,distortion_coefficients,metadata_path,bbox_match_mode,bbox_match_index,bbox_match_distance_px,detection_center_u_px,detection_center_v_px,corrected_center_u_px,corrected_center_v_px,corrected_center_minus_detection_du_px,corrected_center_minus_detection_dv_px,corrected_center_u_metadata_px,corrected_center_v_metadata_px,metadata_minus_detection_du_px,metadata_minus_detection_dv_px,corrected_center_u_pinhole_px,corrected_center_v_pinhole_px,pinhole_minus_detection_du_px,pinhole_minus_detection_dv_px,metadata_minus_pinhole_du_px,metadata_minus_pinhole_dv_px,aligned_gigapose_center_u_px,aligned_gigapose_center_v_px,native_gigapose_center_u_px,native_gigapose_center_v_px,native_gigapose_center_minus_detection_du_px,native_gigapose_center_minus_detection_dv_px,corrected_center_depth_mm,diagnostic_status,diagnostic_error
0,1,82,image_3689125383318,0.959664631,metadata,equidistant,0.0924905339625 0.131384368102 -0.117522324082 0.137446016536,/home/anahita/gigapose/gigaPose_datasets/datasets/2026-05-18-v1-v4/front/metadata/sample_3689125383318_0.yaml,nearest_projected_center,0,3.953216579153757,758.5,171.5,756.966058741682,178.01348291835012,-1.5339412583180092,6.513482918350121,756.966058741682,178.01348291835012,-1.5339412583180092,6.513482918350121,751.8926352707358,178.39749166018436,-6.607364729264191,6.897491660184357,5.073423470946182,-0.3840087418342364,775.3970023648624,175.09156379275785,762.2305962827936,172.80788864071167,3.7305962827936128,1.307888640711667,61278.3126831,ok,
1,1,100,image_3691023989463,0.990517238,metadata,equidistant,0.0924905339625 0.131384368102 -0.117522324082 0.137446016536,/home/anahita/gigapose/gigaPose_datasets/datasets/2026-05-18-v1-v4/front/metadata/sample_3691023989463_0.yaml,nearest_projected_center,0,4.750354418998777,870.5,171.0,870.9665117040909,176.89359300845223,0.4665117040908626,5.893593008452228,870.9665117040909,176.89359300845223,0.4665117040908626,5.893593008452228,869.8888212860251,177.0239551079939,-0.6111787139749367,6.023955107993913,1.0776904180657993,-0.13036209954168498,885.3064147893825,169.2202765021733,874.6716414931291,173.27228395208544,4.171641493129073,2.272283952085445,51133.3465576,ok,
2,1,119,image_3693426874121,0.988339634,metadata,equidistant,0.0924905339625 0.131384368102 -0.117522324082 0.137446016536,/home/anahita/gigapose/gigaPose_datasets/datasets/2026-05-18-v1-v4/front/metadata/sample_3693426874121_0.yaml,nearest_projected_center,0,12.374135155596889,914.0,162.0,915.2906016365629,168.4009383391487,1.290601636562883,6.400938339148695,915.2906016365629,168.4009383391487,1.290601636562883,6.400938339148695,914.8675773535845,168.4412105521205,0.8675773535844655,6.441210552120509,0.42302428297841743,-0.04027221297181427,945.1289749383474,161.9920562734129,926.34429719266,162.8588059549552,12.344297192659951,0.8588059549551872,40378.8948059,ok,
3,1,183,image_3700226218145,0.721412359,metadata,equidistant,0.0924905339625 0.131384368102 -0.117522324082 0.137446016536,/home/anahita/gigapose/gigaPose_datasets/datasets/2026-05-18-v1-v4/front/metadata/sample_3700226218145_0.yaml,nearest_projected_center,0,18.486471616086476,698.0,191.0,689.1606493104232,199.88093336521513,-8.839350689576804,8.880933365215128,689.1606493104232,199.88093336521513,-8.839350689576804,8.880933365215128,679.4254857276347,201.08641181425372,-18.574514272365263,10.086411814253722,9.73516358278846,-1.2054784490385941,690.2402810701201,182.08413454539274,716.2328937412485,194.05142894931402,18.232893741248517,3.0514289493140154,14544.5537567,ok,
4,1,101,image_3691125062965,0.987649005,metadata,equidistant,0.0924905339625 0.131384368102 -0.117522324082 0.137446016536,/home/anahita/gigapose/gigaPose_datasets/datasets/2026-05-18-v1-v4/front/metadata/sample_3691125062965_0.yaml,nearest_projected_center,0,5.1685297224291435,875.0,170.0,875.5479589969767,176.42805872254797,0.5479589969767176,6.4280587225479735,875.5479589969767,176.42805872254797,0.5479589969767176,6.4280587225479735,874.5566374359287,176.5485182407023,-0.4433625640713217,6.548518240702293,0.9913215610480393,-0.12045951815431977,891.7633417123802,170.2165059214063,879.603944463914,172.34891354988412,4.60394446391399,2.3489135498841165,50776.9775391,ok,
5,1,99,image_3690923719687,1.0,metadata,equidistant,0.0924905339625 0.131384368102 -0.117522324082 0.137446016536,/home/anahita/gigapose/gigaPose_datasets/datasets/2026-05-18-v1-v4/front/metadata/sample_3690923719687_0.yaml,nearest_projected_center,0,6.741637899407453,866.0,169.5,866.2852421705379,176.4927780228789,0.2852421705379129,6.992778022878895,866.2852421705379,176.4927780228789,0.2852421705379129,6.992778022878895,865.1156866875245,176.62762008886486,-0.8843133124754559,7.127620088864859,1.1695554830133688,-0.13484206598596415,883.9152090594056,170.2896605534017,871.3900450015974,173.5493328397999,5.3900450015974,4.049332839799888,51464.466095,ok,
6,1,184,image_3700323668579,0.969489401,metadata,equidistant,0.0924905339625 0.131384368102 -0.117522324082 0.137446016536,/home/anahita/gigapose/gigaPose_datasets/datasets/2026-05-18-v1-v4/front/metadata/sample_3700323668579_0.yaml,nearest_projected_center,0,27.303869548966638,694.5,192.5,684.7903241514452,201.29281728301123,-9.709675848554753,8.792817283011232,684.7903241514452,201.29281728301123,-9.709675848554753,8.792817283011232,674.6831466772255,202.56936056474376,-19.816853322774477,10.06936056474376,10.107177474219725,-1.276543281732529,701.1081957525346,196.87981727846523,721.6774695936531,195.12420251372671,27.177469593653086,2.624202513726715,14326.997757,ok,
7,1,113,image_3692525340777,0.564573977,metadata,equidistant,0.0924905339625 0.131384368102 -0.117522324082 0.137446016536,/home/anahita/gigapose/gigaPose_datasets/datasets/2026-05-18-v1-v4/front/metadata/sample_3692525340777_0.yaml,nearest_projected_center,0,1.015069956356616,929.0,164.0,930.0953361309384,168.12406760863647,1.095336130938449,4.124067608636466,930.0953361309384,168.12406760863647,1.095336130938449,4.124067608636466,929.8079906233534,168.15447240282364,0.807990623353362,4.154472402823643,0.28734550758508703,-0.03040479418717723,941.1471284985549,165.77967289663698,928.8779915382352,162.99228925203926,-0.12200846176483537,-1.0077107479607434,44671.62323,ok,
8,1,188,image_3700723304668,0.751119518,metadata,equidistant,0.0924905339625 0.131384368102 -0.117522324082 0.137446016536,/home/anahita/gigapose/gigaPose_datasets/datasets/2026-05-18-v1-v4/front/metadata/sample_3700723304668_0.yaml,nearest_projected_center,0,20.616387056889497,671.0,195.0,660.6338219324759,202.71601296107806,-10.36617806752406,7.716012961078064,660.6338219324759,202.71601296107806,-10.36617806752406,7.716012961078064,648.3519500572852,204.2140769021396,-22.648049942714806,9.214076902139595,12.281871875190745,-1.498063941061531,619.1478995038419,220.25496078522036,688.6764993444767,205.61022083673072,17.676499344476724,10.610220836730718,13256.6127777,ok,
9,1,102,image_3691223467758,0.82762357,metadata,equidistant,0.0924905339625 0.131384368102 -0.117522324082 0.137446016536,/home/anahita/gigapose/gigaPose_datasets/datasets/2026-05-18-v1-v4/front/metadata/sample_3691223467758_0.yaml,nearest_projected_center,0,8.966702987610656,878.5,164.5,880.0876233645686,175.89000634562993,1.5876233645685716,11.390006345629928,880.0876233645686,175.89000634562993,1.5876233645685716,11.390006345629928,879.1773379675378,176.00069770535632,0.6773379675378237,11.500697705356316,0.9102853970307478,-0.11069135972638833,897.6461123369866,169.1622383552007,884.0662038183928,171.52987464469572,5.566203818392751,7.029874644695724,50419.960022,ok,
10,1,189,image_3700829250291,0.773630724,metadata,equidistant,0.0924905339625 0.131384368102 -0.117522324082 0.137446016536,/home/anahita/gigapose/gigaPose_datasets/datasets/2026-05-18-v1-v4/front/metadata/sample_3700829250291_0.yaml,nearest_projected_center,0,29.074227003928,664.5,196.0,650.9992531862638,203.92008585506557,-13.500746813736214,7.920085855065565,650.9992531862638,203.92008585506557,-13.500746813736214,7.920085855065565,637.7661659010481,205.53516452215905,-26.73383409895189,9.53516452215905,13.233087285215674,-1.615078667093485,657.193623088181,205.65281854573087,692.4525979753262,203.9976835587392,27.95259797532617,7.9976835587391975,12911.9501114,ok,
11,1,270,image_3709222924519,0.799094887,metadata,equidistant,0.0924905339625 0.131384368102 -0.117522324082 0.137446016536,/home/anahita/gigapose/gigaPose_datasets/datasets/2026-05-18-v1-v4/front/metadata/sample_3709222924519_0.yaml,nearest_projected_center,0,58.67670872349481,224.5,276.0,-279.1235313749128,322.5974458520701,-503.6235313749128,46.59744585207011,-279.1235313749128,322.5974458520701,-503.6235313749128,46.59744585207011,-623.8928136146139,366.02719538437736,-848.3928136146139,90.02719538437736,344.76928223970117,-43.429749532307255,103.23413990112692,321.0266654753975,276.3016148377951,248.44008623346986,51.801614837795114,-27.559913766530144,2967.16499329,ok,
12,1,123,image_3693824660269,0.883528472,metadata,equidistant,0.0924905339625 0.131384368102 -0.117522324082 0.137446016536,/home/anahita/gigapose/gigaPose_datasets/datasets/2026-05-18-v1-v4/front/metadata/sample_3693824660269_0.yaml,nearest_projected_center,0,4.899818357300312,909.0,165.0,909.6616420460242,173.63689755252219,0.6616420460242125,8.636897552522186,909.6616420460242,173.63689755252219,0.6616420460242125,8.636897552522186,909.1732226140618,173.701448674457,0.17322261406184225,8.701448674456998,0.48841943196237025,-0.06455112193481227,932.7904636450769,167.25867434828444,912.451637360051,168.4777031887781,3.451637360050995,3.4777031887780936,38528.2287598,ok,
13,1,190,image_3700925706254,0.848029057,metadata,equidistant,0.0924905339625 0.131384368102 -0.117522324082 0.137446016536,/home/anahita/gigapose/gigaPose_datasets/datasets/2026-05-18-v1-v4/front/metadata/sample_3700925706254_0.yaml,nearest_projected_center,0,34.75927849622571,656.0,195.5,644.9144519196341,203.97658384542876,-11.085548080365925,8.476583845428763,644.9144519196341,203.97658384542876,-11.085548080365925,8.476583845428763,631.062307811104,205.64296529229745,-24.937692188895994,10.142965292297447,13.85214410853007,-1.6663814468686837,654.1672859059461,218.12968538346036,689.5309763464605,204.65866075533336,33.530976346460534,9.158660755333358,12696.3911057,ok,
14,1,206,image_3702623252601,0.714760926,metadata,equidistant,0.0924905339625 0.131384368102 -0.117522324082 0.137446016536,/home/anahita/gigapose/gigaPose_datasets/datasets/2026-05-18-v1-v4/front/metadata/sample_3702623252601_0.yaml,nearest_projected_center,0,50.978521802478724,524.0,208.0,500.190226493472,220.07361081838104,-23.809773506528018,12.073610818381042,500.190226493472,220.07361081838104,-23.809773506528018,12.073610818381042,465.34752770642933,224.17985878662256,-58.65247229357067,16.17985878662256,34.84269878704265,-4.106247968241519,448.32857218231186,226.4893142281224,574.8726175888485,211.284275388055,50.87261758884847,3.2842753880549935,9072.37434387,ok,
15,1,187,image_3700626232431,0.899249829,metadata,equidistant,0.0924905339625 0.131384368102 -0.117522324082 0.137446016536,/home/anahita/gigapose/gigaPose_datasets/datasets/2026-05-18-v1-v4/front/metadata/sample_3700626232431_0.yaml,nearest_projected_center,0,26.201204661491268,677.0,194.5,667.1970283606565,203.0841983235067,-9.802971639343468,8.584198323506712,667.1970283606565,203.0841983235067,-9.802971639343468,8.584198323506712,655.5279010439548,204.5444206790033,-21.472098956045215,10.04442067900331,11.669127316701747,-1.4602223554965974,663.9664310835541,212.83436766940318,700.1795152230154,206.7152854956136,23.179515223015414,12.215285495613614,13518.1665421,ok,
16,1,192,image_3701227641318,0.563394587,metadata,equidistant,0.0924905339625 0.131384368102 -0.117522324082 0.137446016536,/home/anahita/gigapose/gigaPose_datasets/datasets/2026-05-18-v1-v4/front/metadata/sample_3701227641318_0.yaml,nearest_projected_center,0,28.68639888517616,635.5,198.5,620.2957662288396,206.8923911984042,-15.204233771160375,8.392391198404198,620.2957662288396,206.8923911984042,-15.204233771160375,8.392391198404198,603.7213486448,208.8844348800357,-31.778651355200054,10.384434880035712,16.57441758403968,-1.9920436816315146,616.4676851040036,208.6764965713196,660.5974017539605,212.39352029543755,25.097401753960526,13.893520295437554,11939.5360947,ok,
17,1,114,image_3692826826129,0.974594032,metadata,equidistant,0.0924905339625 0.131384368102 -0.117522324082 0.137446016536,/home/anahita/gigapose/gigaPose_datasets/datasets/2026-05-18-v1-v4/front/metadata/sample_3692826826129_0.yaml,nearest_projected_center,0,7.335280237821459,926.0,159.5,927.9899770551972,168.88277764723992,1.989977055197187,9.38277764723992,927.9899770551972,168.88277764723992,1.989977055197187,9.38277764723992,927.6850032342877,168.91654960072663,1.6850032342877057,9.416549600726626,0.3049738209094812,-0.03377195348670625,946.7515125843432,160.9364012391034,931.155693535172,164.71777350397275,5.155693535171963,5.217773503972751,43274.3530273,ok,
18,1,124,image_3693927827209,1.0,metadata,equidistant,0.0924905339625 0.131384368102 -0.117522324082 0.137446016536,/home/anahita/gigapose/gigaPose_datasets/datasets/2026-05-18-v1-v4/front/metadata/sample_3693927827209_0.yaml,nearest_projected_center,0,6.136013808693127,907.0,165.5,907.7829263928235,173.68502939052726,0.7829263928234695,8.185029390527262,907.7829263928235,173.68502939052726,0.7829263928234695,8.185029390527262,907.2728031486006,173.75165764051653,0.2728031486005875,8.251657640516527,0.510123244222882,-0.06662824998926453,932.2302740405621,168.04052681089468,912.1368363926546,168.85612534562884,5.136836392654573,3.35612534562884,37997.3831177,ok,
19,1,191,image_3701023706744,0.826028154,metadata,equidistant,0.0924905339625 0.131384368102 -0.117522324082 0.137446016536,/home/anahita/gigapose/gigaPose_datasets/datasets/2026-05-18-v1-v4/front/metadata/sample_3701023706744_0.yaml,nearest_projected_center,0,28.126446222759586,650.5,196.0,638.3498740384341,203.89106230140644,-12.150125961565891,7.891062301406436,638.3498740384341,203.89106230140644,-12.150125961565891,7.891062301406436,623.8100906318538,205.6082290295411,-26.689909368146232,9.608229029541093,14.53978340658034,-1.7171667281346572,636.9228361000937,211.6199082558883,675.8650610376665,208.1536272642056,25.365061037666464,12.153627264205596,12482.5134277,ok,
20,1,103,image_3691323318781,0.982943284,metadata,equidistant,0.0924905339625 0.131384368102 -0.117522324082 0.137446016536,/home/anahita/gigapose/gigaPose_datasets/datasets/2026-05-18-v1-v4/front/metadata/sample_3691323318781_0.yaml,nearest_projected_center,0,7.501904710970444,883.0,165.5,884.909630087007,175.17684994823054,1.9096300870070309,9.67684994823054,884.909630087007,175.17684994823054,1.9096300870070309,9.67684994823054,884.0806614144768,175.27696120730695,1.0806614144768218,9.776961207306954,0.828968672530209,-0.10011125907641372,901.0994308385325,168.4847185261325,888.295399596491,170.81387969434414,5.295399596491052,5.313879694344138,50011.0626221,ok,
21,1,185,image_3700425758960,0.854403825,metadata,equidistant,0.0924905339625 0.131384368102 -0.117522324082 0.137446016536,/home/anahita/gigapose/gigaPose_datasets/datasets/2026-05-18-v1-v4/front/metadata/sample_3700425758960_0.yaml,nearest_projected_center,0,49.92846414060828,688.0,193.0,678.6329820408521,201.8626966416369,-9.367017959147915,8.862696641636887,678.6329820408521,201.8626966416369,-9.367017959147915,8.862696641636887,667.9962263554518,203.1999552335891,-20.003773644548232,10.199955233589094,10.636755685400317,-1.3372585919522066,759.3707867230717,211.774920101024,737.2238046346168,201.3587432508171,49.22380463461684,8.3587432508171,14051.9371033,ok,
22,1,112,image_3692327041048,0.907247625,metadata,equidistant,0.0924905339625 0.131384368102 -0.117522324082 0.137446016536,/home/anahita/gigapose/gigaPose_datasets/datasets/2026-05-18-v1-v4/front/metadata/sample_3692327041048_0.yaml,nearest_projected_center,0,5.015049056372769,925.5,157.5,927.9314100329069,166.175590156319,2.4314100329069106,8.675590156319004,927.9314100329069,166.175590156319,2.4314100329069106,8.675590156319004,927.6274196899785,166.20167724627623,2.127419689978524,8.701677246276233,0.3039903429283868,-0.026087089957229637,922.8745642176585,166.50947283327912,925.5845514297991,162.5143362565293,0.08455142979914854,5.014336256529305,45554.6836853,ok,
23,1,209,image_3702924319108,0.633030706,metadata,equidistant,0.0924905339625 0.131384368102 -0.117522324082 0.137446016536,/home/anahita/gigapose/gigaPose_datasets/datasets/2026-05-18-v1-v4/front/metadata/sample_3702924319108_0.yaml,nearest_projected_center,0,54.61480853897808,492.0,213.5,464.49483327235055,223.89914464613042,-27.505166727649453,10.399144646130424,464.49483327235055,223.89914464613042,-27.505166727649453,10.399144646130424,422.44891169557116,228.82629454949733,-69.55108830442884,15.326294549497334,42.04592157677939,-4.92714990336691,402.4837023571763,231.59502403918856,546.6141529858064,213.76759183875083,54.61415298580641,0.2675918387508318,8464.64252472,ok,
24,1,193,image_3701335754964,1.0,metadata,equidistant,0.0924905339625 0.131384368102 -0.117522324082 0.137446016536,/home/anahita/gigapose/gigaPose_datasets/datasets/2026-05-18-v1-v4/front/metadata/sample_3701335754964_0.yaml,nearest_projected_center,0,28.653888998484774,628.0,198.5,608.9004972178197,208.01868483466112,-19.099502782180252,9.518684834661116,608.9004972178197,208.01868483466112,-19.099502782180252,9.518684834661116,590.9583572772558,210.16491171392005,-37.0416427227442,11.664911713920048,17.942139940563948,-2.1462268792589327,603.4377682146566,205.7484213958622,652.9218034260641,212.64033481676108,24.921803426064116,14.140334816761083,11603.6586761,ok,
25,1,80,image_3688925314632,1.0,metadata,equidistant,0.0924905339625 0.131384368102 -0.117522324082 0.137446016536,/home/anahita/gigapose/gigaPose_datasets/datasets/2026-05-18-v1-v4/front/metadata/sample_3688925314632_0.yaml,nearest_projected_center,0,4.6714444658009215,741.0,167.5,739.8089504822394,177.4399910088138,-1.1910495177605753,9.939991008813791,739.8089504822394,177.4399910088138,-1.1910495177605753,9.939991008813791,733.7618977227972,177.85957818493404,-7.238102277202756,10.359578184934037,6.047052759442181,-0.41958717612024543,756.5901590530258,172.02673880458957,745.339915027688,169.22844755474674,4.339915027687994,1.7284475547467366,62929.5272827,ok,
26,1,125,image_3694027744824,0.447374812,metadata,equidistant,0.0924905339625 0.131384368102 -0.117522324082 0.137446016536,/home/anahita/gigapose/gigaPose_datasets/datasets/2026-05-18-v1-v4/front/metadata/sample_3694027744824_0.yaml,nearest_projected_center,0,9.584496672379256,903.5,161.5,906.1279998145279,174.41834241605855,2.627999814527925,12.91834241605855,906.1279998145279,174.41834241605855,2.627999814527925,12.91834241605855,905.5975093809441,174.4897300737199,2.097509380944075,12.989730073719898,0.5304904335838501,-0.07138765766134725,928.4444426926411,166.81273659563183,909.4024584438063,169.05139462496757,5.9024584438062675,7.551394624967571,37549.369812,ok,
27,1,97,image_3690724746344,0.400914796,metadata,equidistant,0.0924905339625 0.131384368102 -0.117522324082 0.137446016536,/home/anahita/gigapose/gigaPose_datasets/datasets/2026-05-18-v1-v4/front/metadata/sample_3690724746344_0.yaml,nearest_projected_center,0,5.239136766764716,856.0,167.0,856.8115587841451,177.54818491095006,0.8115587841450633,10.548184910950056,856.8115587841451,177.54818491095006,0.8115587841450633,10.548184910950056,855.4372329534524,177.70635433640135,-0.5627670465476058,10.706354336401347,1.3743258306926691,-0.1581694254512911,872.0854214481703,169.2329710040091,860.7734640231226,169.15930435113248,4.773464023122642,2.1593043511324765,52151.1993408,ok,
28,1,122,image_3693761186526,0.989572477,metadata,equidistant,0.0924905339625 0.131384368102 -0.117522324082 0.137446016536,/home/anahita/gigapose/gigaPose_datasets/datasets/2026-05-18-v1-v4/front/metadata/sample_3693761186526_0.yaml,nearest_projected_center,0,7.62739341671399,909.0,162.0,909.177805265424,173.14547605832004,0.17780526542401276,11.145476058320043,909.177805265424,173.14547605832004,0.17780526542401276,11.145476058320043,908.6843522282486,173.20854542973856,-0.3156477717514008,11.208545429738564,0.49345303717541356,-0.06306937141852131,933.8953977019394,167.31176422490336,913.4944472008656,168.16255423440342,4.494447200865579,6.162554234403416,38444.4236755,ok,
29,1,148,image_3696624318737,0.503879329,metadata,equidistant,0.0924905339625 0.131384368102 -0.117522324082 0.137446016536,/home/anahita/gigapose/gigaPose_datasets/datasets/2026-05-18-v1-v4/front/metadata/sample_3696624318737_0.yaml,nearest_projected_center,0,17.049521065454073,837.0,172.5,835.9476538978645,182.74277479547496,-1.052346102135516,10.242774795474958,835.9476538978645,182.74277479547496,-1.052346102135516,10.242774795474958,834.0352254583187,182.98946864162932,-2.9647745416813223,10.489468641629315,1.9124284395458062,-0.24669384615435774,876.1901849278304,183.21895618685036,852.9338564356467,178.5661674597362,15.933856435646703,6.066167459736192,25340.9900665,ok,
30,1,186,image_3700523749346,0.613669332,metadata,equidistant,0.0924905339625 0.131384368102 -0.117522324082 0.137446016536,/home/anahita/gigapose/gigaPose_datasets/datasets/2026-05-18-v1-v4/front/metadata/sample_3700523749346_0.yaml,nearest_projected_center,0,43.28733139712639,681.5,193.5,673.6894141844261,201.9696717556058,-7.810585815573859,8.469671755605788,673.6894141844261,201.9696717556058,-7.810585815573859,8.469671755605788,662.6171389558311,203.34599536189123,-18.882861044168862,9.845995361891227,11.072275228595004,-1.376323606285439,691.5172025110751,200.85775660745938,723.4380565204342,204.2234544235293,41.9380565204342,10.72345442352929,13801.7854691,ok,
31,1,104,image_3691424593464,0.985947673,metadata,equidistant,0.0924905339625 0.131384368102 -0.117522324082 0.137446016536,/home/anahita/gigapose/gigaPose_datasets/datasets/2026-05-18-v1-v4/front/metadata/sample_3691424593464_0.yaml,nearest_projected_center,0,3.2541359715688998,889.5,170.5,889.8543230627098,173.71937430555064,0.3543230627097955,3.2193743055506445,889.8543230627098,173.71937430555064,0.3543230627097955,3.2193743055506445,889.1044368019051,173.80554530567935,-0.39556319809491924,3.3055453056793453,0.7498862608047148,-0.08617100012870083,907.287045289625,168.6453262770555,892.7084545212944,169.9566580209072,3.2084545212943567,-0.5433419790927871,49586.3838196,ok,
32,1,138,image_3695531777258,0.540732193,metadata,equidistant,0.0924905339625 0.131384368102 -0.117522324082 0.137446016536,/home/anahita/gigapose/gigaPose_datasets/datasets/2026-05-18-v1-v4/front/metadata/sample_3695531777258_0.yaml,nearest_projected_center,0,10.419225864420431,869.0,169.5,868.7289385980902,180.25669416399842,-0.27106140190983297,10.756694163998418,868.7289385980902,180.25669416399842,-0.27106140190983297,10.756694163998418,867.6019818959616,180.41374885135681,-1.3980181040384423,10.913748851356814,1.1269567021286093,-0.15705468735839645,901.4534510159809,173.55221712270793,878.3052529638508,174.18748705518792,9.305252963850762,4.6874870551879155,30521.4290619,ok,
33,1,194,image_3701431750647,0.570933908,metadata,equidistant,0.0924905339625 0.131384368102 -0.117522324082 0.137446016536,/home/anahita/gigapose/gigaPose_datasets/datasets/2026-05-18-v1-v4/front/metadata/sample_3701431750647_0.yaml,nearest_projected_center,0,30.741426904083056,621.0,198.5,602.5571013646957,208.85971733863295,-18.442898635304346,10.359717338632947,602.5571013646957,208.85971733863295,-18.442898635304346,10.359717338632947,583.8205508897961,211.10451936865778,-37.179449110203905,12.604519368657776,18.73655047489956,-2.244802030024829,595.2440794865843,213.58348317934764,648.6752321918212,211.88345438322494,27.675232191821237,13.383454383224944,11420.9108353,ok,
34,1,147,image_3696534625362,0.985244576,metadata,equidistant,0.0924905339625 0.131384368102 -0.117522324082 0.137446016536,/home/anahita/gigapose/gigaPose_datasets/datasets/2026-05-18-v1-v4/front/metadata/sample_3696534625362_0.yaml,nearest_projected_center,0,13.64694122692997,841.5,170.0,838.9161854730057,183.9426950525733,-2.5838145269942743,13.942695052573299,838.9161854730057,183.9426950525733,-2.5838145269942743,13.942695052573299,837.0829860707789,184.1938308251165,-4.417013929221071,14.193830825116493,1.8331994022267963,-0.2511357725431935,876.2126343548712,178.43662929279316,853.1016136779962,177.18620657355555,11.60161367799617,7.186206573555552,25696.3539124,ok,
35,1,227,image_3704924853019,0.883907042,metadata,equidistant,0.0924905339625 0.131384368102 -0.117522324082 0.137446016536,/home/anahita/gigapose/gigaPose_datasets/datasets/2026-05-18-v1-v4/front/metadata/sample_3704924853019_0.yaml,nearest_projected_center,0,95.06302974998805,324.5,221.5,280.5075851688597,247.7024811323839,-43.99241483114031,26.202481132383895,280.5075851688597,247.7024811323839,-43.99241483114031,26.202481132383895,186.6381696253045,258.9809295239497,-137.8618303746955,37.480929523949726,93.86941554355519,-11.278448391565831,182.54493639422947,245.56894988321227,417.78917271962735,239.7786727782585,93.28917271962735,18.27867277825851,6143.44120026,ok,
36,1,139,image_3695625625021,0.633598952,metadata,equidistant,0.0924905339625 0.131384368102 -0.117522324082 0.137446016536,/home/anahita/gigapose/gigaPose_datasets/datasets/2026-05-18-v1-v4/front/metadata/sample_3695625625021_0.yaml,nearest_projected_center,0,7.4980151749497965,866.5,171.0,866.1699656728811,181.26508816462788,-0.33003432711893765,10.265088164627883,866.1699656728811,181.26508816462788,-0.33003432711893765,10.265088164627883,864.9897632744287,181.43407088097402,-1.5102367255713034,10.43407088097402,1.1802023984523657,-0.16898271634613593,890.4899750810142,177.77215402687688,870.8727839007644,177.09089422999557,4.372783900764375,6.09089422999557,30112.329483,ok,
37,1,137,image_3695427770979,1.0,metadata,equidistant,0.0924905339625 0.131384368102 -0.117522324082 0.137446016536,/home/anahita/gigapose/gigaPose_datasets/datasets/2026-05-18-v1-v4/front/metadata/sample_3695427770979_0.yaml,nearest_projected_center,0,12.071205971483613,871.0,167.0,871.281773187846,181.66476375933894,0.2817731878460563,14.664763759338939,871.281773187846,181.66476375933894,0.2817731878460563,14.664763759338939,870.2019230847517,181.82675961232303,-0.7980769152483163,14.82675961232303,1.0798501030943726,-0.16199585298409147,900.3168719629134,172.78652372773314,879.4653420012141,175.60534708239368,8.46534200121414,8.605347082393678,31016.500473,ok,
38,1,109,image_3692025357786,0.976995453,metadata,equidistant,0.0924905339625 0.131384368102 -0.117522324082 0.137446016536,/home/anahita/gigapose/gigaPose_datasets/datasets/2026-05-18-v1-v4/front/metadata/sample_3692025357786_0.yaml,nearest_projected_center,0,7.944787353274578,918.5,157.0,919.7355844312373,167.20994170062684,1.235584431237271,10.209941700626842,919.7355844312373,167.20994170062684,1.235584431237271,10.209941700626842,919.3576490943805,167.2434429279769,0.8576490943804629,10.2434429279769,0.37793533685680814,-0.033501227350058116,938.290288151496,160.18109065017023,922.549872510585,163.83506976824373,4.049872510585033,6.835069768243727,46968.6584473,ok,
39,1,226,image_3704730718406,0.529936582,metadata,equidistant,0.0924905339625 0.131384368102 -0.117522324082 0.137446016536,/home/anahita/gigapose/gigaPose_datasets/datasets/2026-05-18-v1-v4/front/metadata/sample_3704730718406_0.yaml,nearest_projected_center,0,100.99856609596358,330.0,219.0,279.4286085145343,245.91042643856883,-50.57139148546571,26.910426438568834,279.4286085145343,245.91042643856883,-50.57139148546571,26.910426438568834,185.2327547558059,256.9890975292737,-144.7672452441941,37.98909752927369,94.19585375872839,-11.078671090704859,189.71750868730942,250.57455952756473,428.1699486246914,242.7354490260069,98.16994862469141,23.735449026006904,6126.17444992,ok,
40,1,226,image_3704730718406,0.529936582,metadata,equidistant,0.0924905339625 0.131384368102 -0.117522324082 0.137446016536,/home/anahita/gigapose/gigaPose_datasets/datasets/2026-05-18-v1-v4/front/metadata/sample_3704730718406_1.yaml,nearest_projected_center,0,100.99856609596358,330.0,219.0,279.4286085145343,245.91042643856883,-50.57139148546571,26.910426438568834,279.4286085145343,245.91042643856883,-50.57139148546571,26.910426438568834,185.2327547558059,256.9890975292737,-144.7672452441941,37.98909752927369,94.19585375872839,-11.078671090704859,189.71750868730942,250.57455952756473,428.1699486246914,242.7354490260069,98.16994862469141,23.735449026006904,6126.17444992,ok,
41,1,127,image_3694225839034,0.968304512,metadata,equidistant,0.0924905339625 0.131384368102 -0.117522324082 0.137446016536,/home/anahita/gigapose/gigaPose_datasets/datasets/2026-05-18-v1-v4/front/metadata/sample_3694225839034_0.yaml,nearest_projected_center,0,3.6924601767393126,900.5,171.5,901.3647994092346,177.971612495914,0.8647994092345925,6.471612495914002,901.3647994092346,177.971612495914,0.8647994092345925,6.471612495914002,900.770745948967,178.0643260006244,0.27074594896703275,6.564326000624391,0.5940534602675598,-0.09271350471038886,925.0936966328435,171.4729133836115,904.0590112779214,172.48371788660876,3.5590112779213996,0.9837178866087584,36635.6163025,ok,
42,1,106,image_3691723614212,0.980589384,metadata,equidistant,0.0924905339625 0.131384368102 -0.117522324082 0.137446016536,/home/anahita/gigapose/gigaPose_datasets/datasets/2026-05-18-v1-v4/front/metadata/sample_3691723614212_0.yaml,nearest_projected_center,0,2.9482414394929113,905.5,163.0,906.6944947628785,170.35269660750723,1.1944947628785485,7.352696607507227,906.6944947628785,170.35269660750723,1.1944947628785485,7.352696607507227,906.1746011226905,170.40671918617363,0.6746011226905466,7.406719186173632,0.5198936401880019,-0.05402257866640525,920.0484748584607,160.63644961864537,905.8899885840162,165.9223340825238,0.3899885840162369,2.922334082523804,48286.1366272,ok,
43,1,146,image_3696424820053,1.0,metadata,equidistant,0.0924905339625 0.131384368102 -0.117522324082 0.137446016536,/home/anahita/gigapose/gigaPose_datasets/datasets/2026-05-18-v1-v4/front/metadata/sample_3696424820053_0.yaml,nearest_projected_center,0,12.714307883798588,844.5,168.5,843.2350492310509,185.03048828727808,-1.2649507689491202,16.530488287278075,843.2350492310509,185.03048828727808,-1.2649507689491202,16.530488287278075,841.514475201231,185.28112205874353,-2.9855247987690063,16.781122058743534,1.7205740298198862,-0.2506337714654592,876.1877709839873,175.2104973458673,853.6605551652385,177.31690728252514,9.16055516523852,8.816907282525136,26308.3438873,ok,
44,1,149,image_3696725080108,0.979683736,metadata,equidistant,0.0924905339625 0.131384368102 -0.117522324082 0.137446016536,/home/anahita/gigapose/gigaPose_datasets/datasets/2026-05-18-v1-v4/front/metadata/sample_3696725080108_0.yaml,nearest_projected_center,0,10.429503250152377,834.0,171.5,831.8349103778286,181.52709558569623,-2.165089622171422,10.02709558569623,831.8349103778286,181.52709558569623,-2.165089622171422,10.02709558569623,829.8076046607973,181.77133800834125,-4.192395339202676,10.271338008341246,2.027305717031254,-0.24424242264501572,863.7899807105806,177.44833482856873,842.1206869826237,178.04438545435585,8.120686982623738,6.544385454355847,24868.7381744,ok,
45,1,108,image_3691932170125,0.736064369,metadata,equidistant,0.0924905339625 0.131384368102 -0.117522324082 0.137446016536,/home/anahita/gigapose/gigaPose_datasets/datasets/2026-05-18-v1-v4/front/metadata/sample_3691932170125_0.yaml,nearest_projected_center,0,6.318415070757777,914.5,161.0,915.8300602629756,167.16397575802196,1.3300602629756213,6.163975758021962,915.8300602629756,167.16397575802196,1.3300602629756213,6.163975758021962,915.4133605831718,167.19956251571506,0.9133605831717659,6.1995625157150585,0.41669967980385536,-0.03558675769309616,935.6844500786608,161.44997649922692,920.5155500805788,162.93275094992276,6.015550080578805,1.932750949922763,47294.2810059,ok,
46,1,110,image_3692125131048,0.975979646,metadata,equidistant,0.0924905339625 0.131384368102 -0.117522324082 0.137446016536,/home/anahita/gigapose/gigaPose_datasets/datasets/2026-05-18-v1-v4/front/metadata/sample_3692125131048_0.yaml,nearest_projected_center,0,6.140181704453015,921.5,160.5,923.45698428589,167.37169512613667,1.9569842858900302,6.871695126136672,923.45698428589,167.37169512613667,1.9569842858900302,6.871695126136672,923.1136102107787,167.40362188848297,1.6136102107786883,6.903621888482974,0.3433740751113419,-0.031926762346301985,942.3219063405083,160.3429862572668,925.994705127662,164.68323525265657,4.494705127661973,4.183235252656573,46508.8577271,ok,
47,1,164,image_3698328101215,1.0,metadata,equidistant,0.0924905339625 0.131384368102 -0.117522324082 0.137446016536,/home/anahita/gigapose/gigaPose_datasets/datasets/2026-05-18-v1-v4/front/metadata/sample_3698328101215_0.yaml,nearest_projected_center,0,13.22185264584463,774.5,180.5,770.2031162109827,188.7420285817359,-4.296883789017329,8.242028581735894,770.2031162109827,188.7420285817359,-4.296883789017329,8.242028581735894,765.7723223549596,189.2723405942305,-8.727677645040444,8.772340594230513,4.430793856023115,-0.530312012494619,815.6979260837454,179.46223290429447,785.7727599268602,187.40957820853077,11.272759926860203,6.909578208530775,18937.9959106,ok,
48,1,221,image_3704223350566,0.560615807,metadata,equidistant,0.0924905339625 0.131384368102 -0.117522324082 0.137446016536,/home/anahita/gigapose/gigaPose_datasets/datasets/2026-05-18-v1-v4/front/metadata/sample_3704223350566_0.yaml,nearest_projected_center,0,85.24710308151452,369.5,213.0,332.11369898071155,243.13399507680387,-37.38630101928845,30.13399507680387,332.11369898071155,243.13399507680387,-37.38630101928845,30.13399507680387,255.26159167576031,252.5457867631349,-114.23840832423969,39.54578676313491,76.85210730495123,-9.411791686331043,236.48087834883142,246.6519864196171,454.13191839277465,223.2228652025298,84.63191839277465,10.222865202529789,6703.99665833,ok,
49,1,142,image_3695932924000,1.0,metadata,equidistant,0.0924905339625 0.131384368102 -0.117522324082 0.137446016536,/home/anahita/gigapose/gigaPose_datasets/datasets/2026-05-18-v1-v4/front/metadata/sample_3695932924000_0.yaml,nearest_projected_center,0,11.670784345744096,859.0,169.0,857.6503002903364,183.14444285263116,-1.3496997096635823,14.144442852631158,857.6503002903364,183.14444285263116,-1.3496997096635823,14.144442852631158,856.2839409812308,183.34510912712793,-2.716059018769215,14.345109127127927,1.3663593091056327,-0.20066627449676844,881.8653607546144,177.31169116027232,864.7995875809953,179.12778313034153,5.799587580995308,10.127783130341527,28600.271225,ok,
50,1,151,image_3696924078831,0.970221255,metadata,equidistant,0.0924905339625 0.131384368102 -0.117522324082 0.137446016536,/home/anahita/gigapose/gigaPose_datasets/datasets/2026-05-18-v1-v4/front/metadata/sample_3696924078831_0.yaml,nearest_projected_center,0,11.154121495563095,826.0,168.5,823.9447769224673,183.29848686622472,-2.0552230775326734,14.79848686622472,823.9447769224673,183.29848686622472,-2.0552230775326734,14.79848686622472,821.6739096325341,183.5808288699398,-4.326090367465895,15.080828869939808,2.2708672899332214,-0.2823420037150868,854.0092820281424,172.23411929889983,833.7130992472487,176.55745160332188,7.713099247248692,8.05745160332188,23995.5825806,ok,
51,1,131,image_3694723188793,0.965534266,metadata,equidistant,0.0924905339625 0.131384368102 -0.117522324082 0.137446016536,/home/anahita/gigapose/gigaPose_datasets/datasets/2026-05-18-v1-v4/front/metadata/sample_3694723188793_0.yaml,nearest_projected_center,0,5.976541558851118,890.5,174.5,890.6908415276856,180.5443073028435,0.19084152768562035,6.044307302843492,890.6908415276856,180.5443073028435,0.19084152768562035,6.044307302843492,889.9441327379208,180.6654794061328,-0.5558672620792322,6.165479406132789,0.7467087897648526,-0.12117210328929673,913.3222498034951,171.46047993813497,896.3330349475362,175.8018265266522,5.833034947536248,1.3018265266522064,34330.4023743,ok,
52,1,132,image_3694823956254,0.927342307,metadata,equidistant,0.0924905339625 0.131384368102 -0.117522324082 0.137446016536,/home/anahita/gigapose/gigaPose_datasets/datasets/2026-05-18-v1-v4/front/metadata/sample_3694823956254_0.yaml,nearest_projected_center,0,10.018988069779672,887.5,170.0,887.9280058400964,180.07057863233985,0.4280058400963753,10.070578632339846,887.9280058400964,180.07057863233985,0.4280058400963753,10.070578632339846,887.139810149571,180.19360181098773,-0.3601898504290375,10.19360181098773,0.7881956905254128,-0.12302317864788392,915.430931792536,171.836999803143,895.7813864795045,175.63903891806643,8.281386479504476,5.639038918066433,33853.7750244,ok,
53,1,120,image_3693524147127,0.974096713,metadata,equidistant,0.0924905339625 0.131384368102 -0.117522324082 0.137446016536,/home/anahita/gigapose/gigaPose_datasets/datasets/2026-05-18-v1-v4/front/metadata/sample_3693524147127_0.yaml,nearest_projected_center,0,10.94891784365056,912.0,157.5,913.4886942718211,168.73885711416716,1.4886942718211458,11.23885711416716,913.4886942718211,168.73885711416716,1.4886942718211458,11.23885711416716,913.0465095647269,168.78154993046334,1.0465095647268754,11.281549930463342,0.4421847070942704,-0.04269281629618149,940.205829621186,163.43106704917034,920.6906950906317,164.1596261748449,8.69069509063172,6.659626174844902,39934.9212646,ok,
54,1,141,image_3695824539567,0.900568597,metadata,equidistant,0.0924905339625 0.131384368102 -0.117522324082 0.137446016536,/home/anahita/gigapose/gigaPose_datasets/datasets/2026-05-18-v1-v4/front/metadata/sample_3695824539567_0.yaml,nearest_projected_center,0,9.05972081287376,861.0,175.0,860.928325823813,183.41901377739026,-0.07167417618700256,8.419013777390262,860.928325823813,183.41901377739026,-0.07167417618700256,8.419013777390262,859.6336194265195,183.61472167283807,-1.3663805734804555,8.614721672838073,1.294706397293453,-0.19570789544781064,890.1435852746689,180.15602737827734,868.0164651670034,180.73129634266508,7.016465167003389,5.731296342665075,29164.9971008,ok,
55,1,143,image_3696123375272,0.640347292,metadata,equidistant,0.0924905339625 0.131384368102 -0.117522324082 0.137446016536,/home/anahita/gigapose/gigaPose_datasets/datasets/2026-05-18-v1-v4/front/metadata/sample_3696123375272_0.yaml,nearest_projected_center,0,8.945892376586107,853.5,172.5,852.8622353347446,184.08556689862962,-0.6377646652554176,11.585566898629622,852.8622353347446,184.08556689862962,-0.6377646652554176,11.585566898629622,851.3834583206707,184.30465578611415,-2.116541679329316,11.804655786114154,1.4787770140738985,-0.21908888748453137,883.3133918036617,177.2570209528086,860.2026746570145,178.42479053264134,6.702674657014541,5.924790532641339,27761.6863251,ok,
56,1,134,image_3695027780512,1.0,metadata,equidistant,0.0924905339625 0.131384368102 -0.117522324082 0.137446016536,/home/anahita/gigapose/gigaPose_datasets/datasets/2026-05-18-v1-v4/front/metadata/sample_3695027780512_0.yaml,nearest_projected_center,0,5.708311755337367,883.5,175.0,883.107360467092,181.3157665138184,-0.39263953290799236,6.315766513818403,883.107360467092,181.3157665138184,-0.39263953290799236,6.315766513818403,882.2395681081624,181.45399528063922,-1.2604318918375839,6.453995280639219,0.8677923589295915,-0.13822876682081642,909.2293084372042,168.30820125999077,889.1993078899188,175.32048817767864,5.699307889918828,0.3204881776786408,32877.9258728,ok,
57,1,152,image_3697023456812,0.546525892,metadata,equidistant,0.0924905339625 0.131384368102 -0.117522324082 0.137446016536,/home/anahita/gigapose/gigaPose_datasets/datasets/2026-05-18-v1-v4/front/metadata/sample_3697023456812_0.yaml,nearest_projected_center,0,14.24661363549046,822.5,169.5,820.3268258285359,181.6977763318879,-2.1731741714640975,12.197776331887894,820.3268258285359,181.6977763318879,-2.1731741714640975,12.197776331887894,817.9443345237712,181.97143070961894,-4.555665476228796,12.471430709618943,2.3824913047646987,-0.2736543777310487,854.7724603640634,174.6704681644583,834.7190368197278,176.82537639149552,12.219036819727762,7.325376391495524,23583.3587646,ok,
58,1,140,image_3695725109837,0.445853633,metadata,equidistant,0.0924905339625 0.131384368102 -0.117522324082 0.137446016536,/home/anahita/gigapose/gigaPose_datasets/datasets/2026-05-18-v1-v4/front/metadata/sample_3695725109837_0.yaml,nearest_projected_center,0,12.517492861838763,862.5,168.0,863.3149297576432,183.2693860186708,0.8149297576431991,15.269386018670787,863.3149297576432,183.2693860186708,0.8149297576431991,15.269386018670787,862.0715131116555,183.4588540221209,-0.42848688834453696,15.458854022120903,1.243416645987736,-0.18946800345011638,890.1739884444066,180.51936997865417,867.2756333882037,179.570693725428,4.775633388203687,11.570693725427986,29624.0959167,ok,
59,1,129,image_3694423130531,0.992692773,metadata,equidistant,0.0924905339625 0.131384368102 -0.117522324082 0.137446016536,/home/anahita/gigapose/gigaPose_datasets/datasets/2026-05-18-v1-v4/front/metadata/sample_3694423130531_0.yaml,nearest_projected_center,0,4.575980373739205,897.0,173.5,897.2548903274592,178.32785512595052,0.2548903274591794,4.827855125950521,897.2548903274592,178.32785512595052,0.2548903274591794,4.827855125950521,896.6056931154441,178.42784829859818,-0.394306884555931,4.927848298598178,0.6491972120151104,-0.0999931726476575,920.811687411282,179.08231115756,899.0648383767226,177.58363059774754,2.064838376722605,4.083630597747543,35727.2338867,ok,
60,1,154,image_3697323941807,0.563783706,metadata,equidistant,0.0924905339625 0.131384368102 -0.117522324082 0.137446016536,/home/anahita/gigapose/gigaPose_datasets/datasets/2026-05-18-v1-v4/front/metadata/sample_3697323941807_0.yaml,nearest_projected_center,0,13.687495328677075,811.5,170.5,809.0616570836296,182.56907345350825,-2.4383429163704022,12.069073453508253,809.0616570836296,182.56907345350825,-2.4383429163704022,12.069073453508253,806.2919032400478,182.88206948685516,-5.208096759952241,12.382069486855158,2.7697538435818387,-0.31299603334690573,846.1659952200878,175.85860656156697,823.6643497393395,176.77503974422373,12.164349739339514,6.275039744223733,22322.4964142,ok,
61,1,130,image_3694523845793,0.981585469,metadata,equidistant,0.0924905339625 0.131384368102 -0.117522324082 0.137446016536,/home/anahita/gigapose/gigaPose_datasets/datasets/2026-05-18-v1-v4/front/metadata/sample_3694523845793_0.yaml,nearest_projected_center,0,7.775790981978672,894.0,169.0,895.4812215563936,178.88803916609965,1.4812215563936206,9.888039166099645,895.4812215563936,178.88803916609965,1.4812215563936206,9.888039166099645,894.8066296074052,178.99331357322274,0.8066296074051706,9.993313573222736,0.67459194898845,-0.10527440712309044,915.6754783115277,169.95494514835084,896.5421429900712,176.34849878638167,2.54214299007117,7.348498786381668,35254.4288635,ok,
62,1,136,image_3695324322327,1.0,metadata,equidistant,0.0924905339625 0.131384368102 -0.117522324082 0.137446016536,/home/anahita/gigapose/gigaPose_datasets/datasets/2026-05-18-v1-v4/front/metadata/sample_3695324322327_0.yaml,nearest_projected_center,0,8.943006047541411,874.0,173.5,874.0100331082601,180.91900746655864,0.010033108260131485,7.419007466558639,874.0100331082601,180.91900746655864,0.010033108260131485,7.419007466558639,872.9830864626301,181.07094455660283,-1.0169135373698737,7.570944556602825,1.0269466456300052,-0.15193709004418565,901.3880831954855,170.51623154540334,882.7104354146044,175.52624580304763,8.710435414604376,2.0262458030476296,31522.9225159,ok,
63,1,165,image_3698424400228,0.733445471,metadata,equidistant,0.0924905339625 0.131384368102 -0.117522324082 0.137446016536,/home/anahita/gigapose/gigaPose_datasets/datasets/2026-05-18-v1-v4/front/metadata/sample_3698424400228_0.yaml,nearest_projected_center,0,15.370340108401491,769.0,178.0,766.5493732255904,188.68307956069262,-2.4506267744095567,10.683079560692619,766.5493732255904,188.68307956069262,-2.4506267744095567,10.683079560692619,761.9378209068839,189.22655863442986,-7.062179093116129,11.226558634429864,4.611552318706572,-0.5434790737372452,803.7277462541127,188.84101150000518,779.0788444938173,189.60449260921752,10.078844493817314,11.604492609217516,18689.4035339,ok,
64,1,145,image_3696325011839,1.0,metadata,equidistant,0.0924905339625 0.131384368102 -0.117522324082 0.137446016536,/home/anahita/gigapose/gigaPose_datasets/datasets/2026-05-18-v1-v4/front/metadata/sample_3696325011839_0.yaml,nearest_projected_center,0,8.134636509057067,846.5,175.0,846.2503762252707,185.16889289949063,-0.2496237747293435,10.16889289949063,846.2503762252707,185.16889289949063,-0.2496237747293435,10.16889289949063,844.6070754967102,185.413251462357,-1.8929245032898052,10.41325146235701,1.6433007285604617,-0.24435856286638113,872.9598536772244,178.6247098751439,854.0236391429183,178.0930834423971,7.523639142918341,3.093083442397102,26785.5014801,ok,
65,1,107,image_3691834875573,1.0,metadata,equidistant,0.0924905339625 0.131384368102 -0.117522324082 0.137446016536,/home/anahita/gigapose/gigaPose_datasets/datasets/2026-05-18-v1-v4/front/metadata/sample_3691834875573_0.yaml,nearest_projected_center,0,6.675416174305924,909.5,160.0,911.8415990944877,169.2007316513916,2.3415990944877194,9.200731651391607,911.8415990944877,169.2007316513916,2.3415990944877194,9.200731651391607,911.3812928242291,169.24628952057574,1.8812928242291491,9.246289520575743,0.4603062702585703,-0.045557869184136734,929.3835453432353,159.3947651827001,915.1142070700132,163.6113515579626,5.614207070013208,3.6113515579625926,47678.7033081,ok,
66,1,162,image_3698123296318,0.586965635,metadata,equidistant,0.0924905339625 0.131384368102 -0.117522324082 0.137446016536,/home/anahita/gigapose/gigaPose_datasets/datasets/2026-05-18-v1-v4/front/metadata/sample_3698123296318_0.yaml,nearest_projected_center,0,16.1833804327392,783.0,178.5,779.6199783185562,187.04565056957736,-3.38002168144385,8.545650569577361,779.6199783185562,187.04565056957736,-3.38002168144385,8.545650569577361,775.640032358744,187.5131922289193,-7.359967641256048,9.013192228919308,3.9799459598121985,-0.467541659341947,825.4330732807231,184.47182001991814,797.819501001517,185.00262964475166,14.819501001516983,6.502629644751664,19593.3761597,ok,
67,1,128,image_3694324724127,0.971470875,metadata,equidistant,0.0924905339625 0.131384368102 -0.117522324082 0.137446016536,/home/anahita/gigapose/gigaPose_datasets/datasets/2026-05-18-v1-v4/front/metadata/sample_3694324724127_0.yaml,nearest_projected_center,0,8.69382793845358,899.0,166.5,899.0367044529617,177.94297191741973,0.03670445296165781,11.442971917419726,899.0367044529617,177.94297191741973,0.03670445296165781,11.442971917419726,898.4121272183777,178.03867235543868,-0.587872781622309,11.538672355438678,0.6245772345839669,-0.09570043801895167,923.0877979714535,169.81772941362632,902.0552703159851,174.63928544281967,3.055270315985126,8.13928544281967,36139.415741,ok,
68,1,177,image_3699629964349,0.863505753,metadata,equidistant,0.0924905339625 0.131384368102 -0.117522324082 0.137446016536,/home/anahita/gigapose/gigaPose_datasets/datasets/2026-05-18-v1-v4/front/metadata/sample_3699629964349_0.yaml,nearest_projected_center,0,22.32609202847566,719.5,185.5,711.2012014439139,196.5235752327652,-8.298798556086126,11.02357523276521,711.2012014439139,196.5235752327652,-8.298798556086126,11.02357523276521,703.1835639760477,197.50091064823448,-16.316436023952292,12.00091064823448,8.017637467866166,-0.9773354154692697,758.9102083413095,194.39155494823893,738.34841694182,197.46626775779637,18.848416941820005,11.966267757796373,15657.790184,ok,
69,1,155,image_3697424443446,1.0,metadata,equidistant,0.0924905339625 0.131384368102 -0.117522324082 0.137446016536,/home/anahita/gigapose/gigaPose_datasets/datasets/2026-05-18-v1-v4/front/metadata/sample_3697424443446_0.yaml,nearest_projected_center,0,12.238904700380973,807.5,168.5,805.5869302472555,182.17445942879635,-1.9130697527444909,13.674459428796354,805.5869302472555,182.17445942879635,-1.9130697527444909,13.674459428796354,802.6916637853225,182.49178152143674,-4.808336214677524,13.991781521436735,2.8952664619330335,-0.31732209264038147,840.067385537475,176.25510564201332,817.7999845962217,175.11068117387325,10.299984596221748,6.610681173873246,21955.6999207,ok,
70,1,115,image_3692928017584,0.953667939,metadata,equidistant,0.0924905339625 0.131384368102 -0.117522324082 0.137446016536,/home/anahita/gigapose/gigaPose_datasets/datasets/2026-05-18-v1-v4/front/metadata/sample_3692928017584_0.yaml,nearest_projected_center,0,2.6935006880813037,923.5,165.0,926.7832153659501,169.09896824433596,3.2832153659501273,4.098968244335964,926.7832153659501,169.09896824433596,3.2832153659501273,4.098968244335964,926.4679530325471,169.1341160519343,2.9679530325471433,4.134116051934313,0.31526233340298404,-0.035147807598349345,942.1858453896389,160.76840262059278,925.6010573323822,166.6853794951694,2.1010573323821973,1.6853794951693999,42805.5343628,ok,
71,1,169,image_3698826054316,1.0,metadata,equidistant,0.0924905339625 0.131384368102 -0.117522324082 0.137446016536,/home/anahita/gigapose/gigaPose_datasets/datasets/2026-05-18-v1-v4/front/metadata/sample_3698826054316_0.yaml,nearest_projected_center,0,14.390240273487914,752.0,182.5,747.5769934546427,190.82673442699857,-4.423006545357339,8.32673442699857,747.5769934546427,190.82673442699857,-4.423006545357339,8.32673442699857,741.9376259112962,191.48954420605907,-10.062374088703791,8.989544206059065,5.639367543346452,-0.6628097790604954,787.0308138377876,182.26651217438274,764.595703059628,189.4589711568874,12.595703059628022,6.958971156887401,17544.8246002,ok,
72,1,174,image_3699323083424,0.643299783,metadata,equidistant,0.0924905339625 0.131384368102 -0.117522324082 0.137446016536,/home/anahita/gigapose/gigaPose_datasets/datasets/2026-05-18-v1-v4/front/metadata/sample_3699323083424_0.yaml,nearest_projected_center,0,20.04139819964101,732.0,181.0,726.4585441173331,194.12946338434614,-5.541455882666924,13.129463384346138,726.4585441173331,194.12946338434614,-5.541455882666924,13.129463384346138,719.5053769115573,194.9650723071844,-12.494623088442722,13.965072307184414,6.953167205775799,-0.8356089228382757,773.8417005411368,183.57438958851807,750.3472740350793,189.06443905540112,18.347274035079295,8.064439055401124,16391.0884857,ok,
73,1,176,image_3699523378493,0.789617418,metadata,equidistant,0.0924905339625 0.131384368102 -0.117522324082 0.137446016536,/home/anahita/gigapose/gigaPose_datasets/datasets/2026-05-18-v1-v4/front/metadata/sample_3699523378493_0.yaml,nearest_projected_center,0,21.307773709071007,724.0,184.5,717.216678975728,195.75047546668074,-6.783321024272027,11.25047546668074,717.216678975728,195.75047546668074,-6.783321024272027,11.25047546668074,709.6296654087504,196.67437323467973,-14.370334591249616,12.174373234679734,7.587013566977589,-0.9238977679989944,759.9391496169042,196.04154121067285,741.38088201299,196.82583307072986,17.380882012990014,12.325833070729857,15951.1470795,ok,
74,1,156,image_3697523313954,1.0,metadata,equidistant,0.0924905339625 0.131384368102 -0.117522324082 0.137446016536,/home/anahita/gigapose/gigaPose_datasets/datasets/2026-05-18-v1-v4/front/metadata/sample_3697523313954_0.yaml,nearest_projected_center,0,8.873819282327181,804.5,168.5,802.0947769929601,183.62370117378882,-2.405223007039922,15.123701173788817,802.0947769929601,183.62370117378882,-2.405223007039922,15.123701173788817,799.0644566340479,183.96959385611916,-5.435543365952071,15.469593856119161,3.0303203589121495,-0.3458926823303443,832.7018854362682,169.99329274828864,811.0585846117965,174.47742725136055,6.558584611796505,5.977427251360552,21582.5862885,ok,
75,1,158,image_3697727617693,0.553199187,metadata,equidistant,0.0924905339625 0.131384368102 -0.117522324082 0.137446016536,/home/anahita/gigapose/gigaPose_datasets/datasets/2026-05-18-v1-v4/front/metadata/sample_3697727617693_0.yaml,nearest_projected_center,0,13.832817591862058,798.0,172.0,794.3513043414312,184.00198185811726,-3.6486956585688404,12.001981858117261,794.3513043414312,184.00198185811726,-3.6486956585688404,12.001981858117261,791.0153919196072,184.3758000400316,-6.984608080392832,12.375800040031606,3.3359124218239913,-0.3738181819143449,831.8499515344718,178.9351019448167,809.954440111815,178.95975604046276,11.95444011181496,6.959756040462764,20833.5895538,ok,
76,1,173,image_3699223232996,0.478977567,metadata,equidistant,0.0924905339625 0.131384368102 -0.117522324082 0.137446016536,/home/anahita/gigapose/gigaPose_datasets/datasets/2026-05-18-v1-v4/front/metadata/sample_3699223232996_0.yaml,nearest_projected_center,0,21.22513857048297,736.5,181.0,730.7539065685635,192.97054206261572,-5.74609343143652,11.97054206261572,730.7539065685635,192.97054206261572,-5.74609343143652,11.97054206261572,724.0851189236984,193.75797113395973,-12.41488107630164,12.757971133959728,6.6687876448651195,-0.7874290713440075,777.6770893536689,183.64123720403137,757.0504742026708,186.30890924593427,20.550474202670785,5.308909245934274,16622.2648621,ok,
77,1,170,image_3698924024343,0.966415931,metadata,equidistant,0.0924905339625 0.131384368102 -0.117522324082 0.137446016536,/home/anahita/gigapose/gigaPose_datasets/datasets/2026-05-18-v1-v4/front/metadata/sample_3698924024343_0.yaml,nearest_projected_center,0,19.7656993046541,746.5,178.0,743.2986400960406,190.6903678216745,-3.2013599039594283,12.6903678216745,743.2986400960406,190.6903678216745,-3.2013599039594283,12.6903678216745,737.411258916083,191.36950609470068,-9.088741083916943,13.369506094700682,5.887381179957515,-0.679138273026183,785.6930392257858,192.10393320726988,762.7399206940972,189.267113421433,16.239920694097236,11.26711342143301,17305.4065704,ok,
78,1,175,image_3699425481963,0.984550356,metadata,equidistant,0.0924905339625 0.131384368102 -0.117522324082 0.137446016536,/home/anahita/gigapose/gigaPose_datasets/datasets/2026-05-18-v1-v4/front/metadata/sample_3699425481963_0.yaml,nearest_projected_center,0,19.238734584073235,728.5,183.5,722.1421475891052,194.86691854005144,-6.357852410894793,11.366918540051444,722.1421475891052,194.86691854005144,-6.357852410894793,11.366918540051444,714.897564572309,195.74258440203656,-13.602435427691034,12.242584402036556,7.244583016796241,-0.8756658619851123,765.6350137715358,202.45152957489577,744.6221019428265,193.99793967126533,16.122101942826475,10.497939671265328,16168.3082581,ok,
79,1,237,image_3705927773169,0.505522083,metadata,equidistant,0.0924905339625 0.131384368102 -0.117522324082 0.137446016536,/home/anahita/gigapose/gigaPose_datasets/datasets/2026-05-18-v1-v4/front/metadata/sample_3705927773169_0.yaml,nearest_projected_center,0,119.34458501984977,295.5,229.5,252.74259884192145,254.54396951914637,-42.75740115807855,25.043969519146373,252.74259884192145,254.54396951914637,-42.75740115807855,25.043969519146373,148.802366900376,267.497135005954,-146.697633099624,37.99713500595402,103.94023194154545,-12.953165486807649,130.10310702715117,216.83183202183992,414.435520019289,239.37279349026664,118.93552001928902,9.872793490266645,5853.07979584,ok,
80,1,157,image_3697628283541,0.659247456,metadata,equidistant,0.0924905339625 0.131384368102 -0.117522324082 0.137446016536,/home/anahita/gigapose/gigaPose_datasets/datasets/2026-05-18-v1-v4/front/metadata/sample_3697628283541_0.yaml,nearest_projected_center,0,9.920317148148166,801.5,171.5,797.8217183240329,185.268815717766,-3.6782816759671277,13.768815717765989,797.8217183240329,185.268815717766,-3.6782816759671277,13.768815717765989,794.6208129961448,185.64968035395052,-6.879187003855236,14.149680353950515,3.2009053278881083,-0.38086463618452626,831.1890586623215,176.17581111552448,809.8289487971349,176.88899844633005,8.328948797134899,5.388998446330049,21140.5582428,ok,
81,1,171,image_3699023283089,0.935640601,metadata,equidistant,0.0924905339625 0.131384368102 -0.117522324082 0.137446016536,/home/anahita/gigapose/gigaPose_datasets/datasets/2026-05-18-v1-v4/front/metadata/sample_3699023283089_0.yaml,nearest_projected_center,0,18.921077325725996,743.5,178.5,739.3897711066387,190.85857107378922,-4.110228893361295,12.358571073789221,739.3897711066387,190.85857107378922,-4.110228893361295,12.358571073789221,733.268250770267,191.55890000046904,-10.231749229733055,13.058900000469038,6.121520336371759,-0.7003289266798163,783.597706654058,184.22655237309783,760.5446669051747,186.71501657075285,17.044666905174722,8.215016570752852,17094.0494537,ok,
82,1,166,image_3698523141845,0.476397667,metadata,equidistant,0.0924905339625 0.131384368102 -0.117522324082 0.137446016536,/home/anahita/gigapose/gigaPose_datasets/datasets/2026-05-18-v1-v4/front/metadata/sample_3698523141845_0.yaml,nearest_projected_center,0,14.937343743200682,766.0,179.0,761.9632000955145,189.00712888821187,-4.03679990448552,10.007128888211867,761.9632000955145,189.00712888821187,-4.03679990448552,10.007128888211867,757.1163550341696,189.57452089523827,-8.883644965830399,10.574520895238265,4.8468450613448795,-0.5673920070263989,802.0187352868759,183.09672871985995,776.4470651146835,189.6762853367686,10.447065114683483,10.676285336768586,18401.6113281,ok,
83,1,144,image_3696223616834,0.511247537,metadata,equidistant,0.0924905339625 0.131384368102 -0.117522324082 0.137446016536,/home/anahita/gigapose/gigaPose_datasets/datasets/2026-05-18-v1-v4/front/metadata/sample_3696223616834_0.yaml,nearest_projected_center,0,9.768835888583839,850.0,170.0,849.5506635326888,184.63305749198616,-0.449336467311241,14.633057491986165,849.5506635326888,184.63305749198616,-0.449336467311241,14.633057491986165,847.990907065448,184.86461753933494,-2.0090929345519726,14.864617539334944,1.5597564672407316,-0.2315600473487791,875.7923214288182,176.3598397995736,855.8635387857629,177.81339027093475,5.863538785762898,7.813390270934747,27277.5764465,ok,
84,1,232,image_3705425629831,0.777503075,metadata,equidistant,0.0924905339625 0.131384368102 -0.117522324082 0.137446016536,/home/anahita/gigapose/gigaPose_datasets/datasets/2026-05-18-v1-v4/front/metadata/sample_3705425629831_0.yaml,nearest_projected_center,0,121.15791397642732,305.5,240.5,264.6144479183988,252.49712577697844,-40.88555208160119,11.997125776978436,264.6144479183988,252.49712577697844,-40.88555208160119,11.997125776978436,165.02328747499598,264.83513221325563,-140.47671252500402,24.335132213255633,99.59116044340283,-12.338006436277198,149.65883952928368,257.6175212821841,426.17482546480323,251.30863627654475,120.67482546480323,10.808636276544746,5966.42780304,ok,
85,1,178,image_3699727757816,0.536926215,metadata,equidistant,0.0924905339625 0.131384368102 -0.117522324082 0.137446016536,/home/anahita/gigapose/gigaPose_datasets/datasets/2026-05-18-v1-v4/front/metadata/sample_3699727757816_0.yaml,nearest_projected_center,0,17.343535142645823,715.0,185.5,707.1999543683517,196.32048949510897,-7.800045631648345,10.820489495108973,707.1999543683517,196.32048949510897,-7.800045631648345,10.820489495108973,698.8914205863729,197.31587126136466,-16.108579413627126,11.815871261364663,8.308533781978781,-0.9953817662556901,739.2501649041612,194.92428402376441,727.5679137697417,197.45180968391512,12.567913769741722,11.951809683915116,15474.5635986,ok,
86,1,238,image_3706025684667,0.78382943,metadata,equidistant,0.0924905339625 0.131384368102 -0.117522324082 0.137446016536,/home/anahita/gigapose/gigaPose_datasets/datasets/2026-05-18-v1-v4/front/metadata/sample_3706025684667_0.yaml,nearest_projected_center,0,120.1899865734008,293.0,231.5,252.59040069709897,254.35844563916743,-40.40959930290103,22.858445639167428,252.59040069709897,254.35844563916743,-40.40959930290103,22.858445639167428,148.59992378312268,267.2907567640777,-144.40007621687732,35.790756764077685,103.9904769139763,-12.932311124910257,124.96403366643335,253.6218045078641,412.85033234822697,240.5294356708382,119.85033234822697,9.029435670838211,5853.41072083,ok,
87,1,150,image_3696824050153,0.907777538,metadata,equidistant,0.0924905339625 0.131384368102 -0.117522324082 0.137446016536,/home/anahita/gigapose/gigaPose_datasets/datasets/2026-05-18-v1-v4/front/metadata/sample_3696824050153_0.yaml,nearest_projected_center,0,12.026866286103113,829.0,167.5,828.0463799947047,183.03021899969752,-0.9536200052953063,15.530218999697524,828.0463799947047,183.03021899969752,-0.9536200052953063,15.530218999697524,825.9027896030065,183.29921798726346,-3.097210396993546,15.79921798726346,2.1435903916982397,-0.26899898756593643,856.6145476580542,175.80866242070005,836.066570108971,177.23186002564782,7.06657010897095,9.73186002564782,24430.3035736,ok,
88,1,160,image_3697927784065,1.0,metadata,equidistant,0.0924905339625 0.131384368102 -0.117522324082 0.137446016536,/home/anahita/gigapose/gigaPose_datasets/datasets/2026-05-18-v1-v4/front/metadata/sample_3697927784065_0.yaml,nearest_projected_center,0,10.652931504351843,789.5,177.0,787.0463644408011,186.5790149484182,-2.453635559198915,9.579014948418205,787.0463644408011,186.5790149484182,-2.453635559198915,9.579014948418205,783.3969132193263,187.01366074458153,-6.103086780673721,10.013660744581529,3.6494512214748056,-0.43464579616332344,817.3556137251168,178.47680949218375,798.636300358301,182.4784090208126,9.136300358301014,5.478409020812592,20170.2842712,ok,
89,1,159,image_3697824260173,0.803911921,metadata,equidistant,0.0924905339625 0.131384368102 -0.117522324082 0.137446016536,/home/anahita/gigapose/gigaPose_datasets/datasets/2026-05-18-v1-v4/front/metadata/sample_3697824260173_0.yaml,nearest_projected_center,0,13.841552532805734,794.5,171.0,791.3446563755418,185.37356012089745,-3.155343624458169,14.373560120897451,791.3446563755418,185.37356012089745,-3.155343624458169,14.373560120897451,787.880989402588,185.7762934082192,-6.619010597411943,14.776293408219203,3.4636669729537743,-0.40273328732175173,825.7509654867237,179.3953985428309,804.3052971827343,180.76958155074635,9.805297182734307,9.769581550746352,20545.249939,ok,
90,1,168,image_3698723613709,0.997790547,metadata,equidistant,0.0924905339625 0.131384368102 -0.117522324082 0.137446016536,/home/anahita/gigapose/gigaPose_datasets/datasets/2026-05-18-v1-v4/front/metadata/sample_3698723613709_0.yaml,nearest_projected_center,0,14.482329982281682,757.0,181.0,752.627815063825,190.66154585495963,-4.372184936175017,9.661545854959627,752.627815063825,190.66154585495963,-4.372184936175017,9.661545854959627,747.2736458591105,191.29890747700932,-9.726354140889498,10.298907477009323,5.354169204714481,-0.6373616220496956,785.4987075975561,188.60756574086776,768.2414896974037,190.13054166514019,11.241489697403722,9.130541665140186,17844.8295593,ok,
91,1,229,image_3705127766964,0.412926713,metadata,equidistant,0.0924905339625 0.131384368102 -0.117522324082 0.137446016536,/home/anahita/gigapose/gigaPose_datasets/datasets/2026-05-18-v1-v4/front/metadata/sample_3705127766964_0.yaml,nearest_projected_center,0,135.80117938140214,321.5,223.5,276.8292046957804,247.26491430929758,-44.67079530421961,23.76491430929758,276.8292046957804,247.26491430929758,-44.67079530421961,23.76491430929758,181.6936136724047,258.5853951425916,-139.8063863275953,35.08539514259161,95.1355910233757,-11.320480833294027,203.6027848800877,250.11973902533316,455.9536182891941,242.58362780824058,134.45361828919408,19.08362780824058,6101.64213181,ok,
92,1,230,image_3705223761401,1.0,metadata,equidistant,0.0924905339625 0.131384368102 -0.117522324082 0.137446016536,/home/anahita/gigapose/gigaPose_datasets/datasets/2026-05-18-v1-v4/front/metadata/sample_3705223761401_0.yaml,nearest_projected_center,0,142.60912632920923,317.0,233.5,275.6779545456766,249.43856432232297,-41.322045454323415,15.938564322322975,275.6779545456766,249.43856432232297,-41.322045454323415,15.938564322322975,180.08187963621413,261.0696351656395,-136.91812036378587,27.56963516563951,95.59607490946246,-11.631070843316536,189.22777057068242,242.9874992305725,458.9765013828113,246.9177482267679,141.9765013828113,13.417748226767912,6078.02009583,ok,
93,1,179,image_3699823489572,0.972664265,metadata,equidistant,0.0924905339625 0.131384368102 -0.117522324082 0.137446016536,/home/anahita/gigapose/gigaPose_datasets/datasets/2026-05-18-v1-v4/front/metadata/sample_3699823489572_0.yaml,nearest_projected_center,0,18.091722948362456,709.5,186.5,704.3824201722346,198.050850501485,-5.117579827765439,11.550850501485002,704.3824201722346,198.050850501485,-5.117579827765439,11.550850501485002,695.8536742927915,199.10834714830372,-13.646325707208462,12.608347148303721,8.528745879443022,-1.05749664681872,735.2320521897384,195.8551793352161,722.2467525368857,199.33864241279832,12.746752536885651,12.838642412798322,15344.5663452,ok,
